line,donor_tokens,divergence,lo,hi,rise,rise_lo,rise_hi,own_explanation,level,marker
Components Donor Tokens Need,1,0.3454886466133757,0.3451684447708771,0.3458174911103014,0.003766134221223183,0.003445932378724592,0.004094978718148923,0.3417225123921525,95 percent,filled
Components Donor Tokens Need,2,0.35180585701937156,0.35117250849694975,0.3524668041363952,0.010083344627219049,0.009449996104797265,0.010744291744242674,0.3417225123921525,95 percent,filled
Components Donor Tokens Need,4,0.36075142093568496,0.3598638864191002,0.36170953564809444,0.019028908543532452,0.01814137402694769,0.019987023255941948,0.3417225123921525,95 percent,filled
Components Donor Tokens Need,8,0.38189057150839284,0.3806334792731377,0.38319071216686773,0.04016805911624033,0.038910966880985144,0.041468199774715234,0.3417225123921525,95 percent,filled
Components Donor Tokens Need,16,0.4433471941883908,0.4410013202596701,0.44584765631584555,0.10162468179623829,0.09927880786751757,0.10412514392369303,0.3417225123921525,95 percent,filled
Components Donor Tokens Need,32,0.5728731125054765,0.5675368796763904,0.5786754730981328,0.2311506001133239,0.22581436728423795,0.23695296070598032,0.3417225123921525,95 percent,filled
Components Donor Tokens Need,64,0.7992515236855979,0.7898628545706742,0.8091117827545986,0.45752901129344536,0.44814034217852167,0.46738927036244604,0.3417225123921525,95 percent,filled
Components Donor Tokens Need,whole donor text,0.829405665397644,0.8184801239027137,0.8406037561055426,0.4876831235969803,0.47675761151056123,0.49888124371339015,0.3417225123921525,95 percent,filled
Frequency-Matched Random Components,1,0.3383834591295453,0.3381648907301837,0.33861054619987946,-0.0033390532626071945,-0.003557621661968824,-0.0031119661922730303,0.3417225123921525,95 percent,filled
Frequency-Matched Random Components,2,0.33731089152388444,0.33694565715803715,0.33768504632045043,-0.0044116208682680735,-0.004776855234115374,-0.004037466071702056,0.3417225123921525,95 percent,filled
Frequency-Matched Random Components,4,0.3354538888070237,0.33493989563343113,0.33597114557871915,-0.0062686235851288075,-0.00678261675872136,-0.005751366813433379,0.3417225123921525,95 percent,filled
Frequency-Matched Random Components,8,0.33791715834468045,0.33713050166070385,0.33870657686574074,-0.003805354047472065,-0.004592010731448682,-0.003015935526411795,0.3417225123921525,95 percent,filled
Frequency-Matched Random Components,16,0.3667698083163486,0.3653820067402989,0.36816669842556843,0.025047295924196078,0.023659494348146383,0.026444186033415917,0.3417225123921525,95 percent,filled
Frequency-Matched Random Components,32,0.47850006471480805,0.4749376313274296,0.4822004133665927,0.13677755232265554,0.13321511893527713,0.1404779009744402,0.3417225123921525,95 percent,filled
Frequency-Matched Random Components,64,0.7187554927495512,0.7101336484233343,0.727776453989236,0.37703298035739863,0.36841113603118175,0.3860539415970834,0.3417225123921525,95 percent,filled
Uniform Random Components,1,0.3396575147935436,0.33954824513807574,0.3397702489384982,-0.0020649975986088975,-0.002174267254076767,-0.0019522634536542683,0.3417225123921525,95 percent,filled
Uniform Random Components,2,0.33742451025545955,0.33720800452717864,0.3376429291321869,-0.004298002136692958,-0.004514507864973894,-0.004079583259965602,0.3417225123921525,95 percent,filled
Uniform Random Components,4,0.33429316468163955,0.3339417634661117,0.3346474420571666,-0.007429347710512957,-0.007780748926040815,-0.007075070334985867,0.3417225123921525,95 percent,filled
Uniform Random Components,8,0.3306742224758636,0.33008203053411755,0.3312767510072148,-0.011048289916288923,-0.011640481858034946,-0.010445761384937668,0.3417225123921525,95 percent,filled
Uniform Random Components,16,0.3292017050030153,0.3282249527842395,0.3302062353049336,-0.01252080738913719,-0.01349755960791299,-0.011516277087218895,0.3417225123921525,95 percent,filled
Uniform Random Components,32,0.3403247460018974,0.3386939852376144,0.34197502794080487,-0.0013977663902551285,-0.0030285271545380963,0.0002525155486523543,0.3417225123921525,95 percent,filled
Uniform Random Components,64,0.3814202475286947,0.3786570564079738,0.38432968882357266,0.03969773513654218,0.0369345440158213,0.04260717643142015,0.3417225123921525,95 percent,filled
Uniform Random Components,whole donor text,0.398929238319397,0.3965923357989481,0.4013701898271051,0.057206710325317545,0.0548698234067956,0.059647677434952584,0.3417225123921525,95 percent,filled
