rung,n_on_this,n_on_other,excess_this,excess_other,paired_difference,interval,half_width,testable_this,d_hat_this,d_interval_this,testable_other,d_hat_other,d_interval_other
1,0.0,0.125,0.0,6.218842406724434e-05,-6.218842406724434e-05,"[-0.0001, -0.0001]",9.032142341247602e-06,True,0.0,"[+0.0000, +0.0000]",True,1.2425532842068456e-05,"[+0.0000, +0.0000]"
2,0.25,1.25,0.0015191754069192598,0.0008611424366513631,0.0006580329702678966,"[+0.0005, +0.0008]",0.0001572351378953396,True,7.962437892224938e-05,"[+0.0001, +0.0001]",True,0.00013686412007675087,"[+0.0001, +0.0002]"
3,2.5,5.125,0.005511201809291322,0.003995223268887571,0.0015159785404037507,"[+0.0012, +0.0019]",0.00035685861535017505,True,0.0005362199064647571,"[+0.0005, +0.0006]",True,0.000627141897453268,"[+0.0005, +0.0007]"
4,5.625,8.625,0.005953999962805767,0.005508880810403127,0.0004451191524026399,"[+0.0001, +0.0008]",0.0003554441280140707,True,0.000922620120999057,"[+0.0008, +0.0010]",True,0.0010199394782418882,"[+0.0009, +0.0012]"
5,21.75,30.25,0.012298193545447589,0.010005574691561492,0.002292618853886097,"[+0.0016, +0.0030]",0.000716871916912964,True,0.003106326261819779,"[+0.0028, +0.0034]",True,0.002769042538595508,"[+0.0025, +0.0031]"
6,60.625,63.625,0.0223984269969435,0.014517680216499684,0.007880746780443815,"[+0.0065, +0.0093]",0.0014092332570633912,True,0.007246925278217957,"[+0.0066, +0.0079]",True,0.005684927699488076,"[+0.0051, +0.0065]"
7,104.5,108.625,0.0297768081955212,0.018691530321859773,0.011085277873661425,"[+0.0092, +0.0131]",0.0019082855593129727,True,0.011388889081286942,"[+0.0104, +0.0124]",True,0.009478584126643382,"[+0.0084, +0.0109]"
8,201.0,270.0,0.03936089366735018,0.0320626627863021,0.0072982308810480845,"[+0.0053, +0.0094]",0.002056776059881926,True,0.019251741063983543,"[+0.0178, +0.0209]",True,0.020848632554529224,"[+0.0186, +0.0236]"
S4,4.0,4.0,0.007435153684099305,0.001506052055958662,0.005929101628140643,"[+0.0049, +0.0070]",0.0010423769527864832,True,0.0008004144595508676,"[+0.0007, +0.0009]",True,0.0005453151631531248,"[+0.0004, +0.0007]"
S16,16.0,16.0,0.013175159792041313,0.00961231129178941,0.003562848500251903,"[+0.0026, +0.0047]",0.0010486099172677397,True,0.002534905226128934,"[+0.0022, +0.0029]",True,0.0015472079770371251,"[+0.0013, +0.0018]"
S64,64.0,64.0,0.025328493285456943,0.015126775493627065,0.010201717791829878,"[+0.0085, +0.0121]",0.0017889132946667273,True,0.007725107692718758,"[+0.0070, +0.0085]",True,0.006137353967136967,"[+0.0054, +0.0071]"
