label,n,rung,union_minus_control,interval_uncorrected,half_width,control_excess,control_interval_uncorrected
code,120,1,-0.9974619572361311,"[-1.2057, -0.8112]",0.19727750827868767,-0.4612948291003704,"[-0.5101, -0.4152]"
code,120,2,0.9268400688966115,"[+0.7763, +1.0638]",0.1437252825684845,-2.1682682000100613,"[-2.3950, -1.9565]"
code,120,3,1.618715396275123,"[+1.5322, +1.7056]",0.08668118615324294,-2.2966692966719466,"[-2.6485, -1.9702]"
code,120,4,2.1281513119737308,"[+2.0272, +2.2267]",0.09973811082231498,-0.7725997154911359,"[-1.1192, -0.4516]"
mixed,27,1,-0.8142482770813836,"[-1.1084, -0.5696]",0.2694431840959522,-0.3380381222124453,"[-0.3966, -0.2858]"
mixed,27,2,0.9093874670841076,"[+0.7439, +1.0658]",0.16092863382288702,-1.6192632262353543,"[-1.9603, -1.3339]"
mixed,27,3,1.8034409715069666,"[+1.6727, +1.9280]",0.127666119430904,-2.070497981928013,"[-2.5562, -1.6551]"
mixed,27,4,2.0510689980453916,"[+1.9153, +2.1937]",0.13917905106036743,-0.3949963969212991,"[-0.9200, +0.0520]"
other,158,1,-0.3787666370597067,"[-0.5342, -0.2455]",0.14436443238695967,-0.2171162126373641,"[-0.2513, -0.1868]"
other,158,2,1.6489398227650909,"[+1.5290, +1.7629]",0.11695294061180528,-1.0296231256444244,"[-1.2191, -0.8646]"
other,158,3,1.7622904023037682,"[+1.6884, +1.8354]",0.07347655028246236,-0.5283856921935384,"[-0.8378, -0.2494]"
other,158,4,2.3022982144280326,"[+2.1973, +2.4076]",0.10516191477403969,1.1010840797348866,"[+0.7747, +1.3988]"
prose,719,1,-0.3043209373619361,"[-0.3336, -0.2792]",0.02723156721156314,-0.1977912760410919,"[-0.2054, -0.1908]"
prose,719,2,1.4353047276488267,"[+1.4123, +1.4575]",0.0225893717098552,-0.7965394301606816,"[-0.8327, -0.7634]"
prose,719,3,1.9864632801071163,"[+1.9682, +2.0047]",0.018251039844747186,-1.0164432115697397,"[-1.0650, -0.9714]"
prose,719,4,2.0720985220105326,"[+2.0495, +2.0943]",0.022361276502900873,0.5985709857376958,"[+0.5421, +0.6512]"
