label,n,rung,excess,interval,half_width,detected,material
code,120,1,0.032158541058500606,"[+0.0271, +0.0383]",0.0055821868440640784,True,False
code,120,2,0.3179161402086417,"[+0.2878, +0.3513]",0.03174423226058326,True,True
code,120,3,2.5147175153096515,"[+2.3256, +2.7138]",0.19405928532689964,True,True
code,120,4,4.050862853725751,"[+3.8293, +4.2904]",0.23052891019052635,True,True
code,120,5,3.9327752818663915,"[+3.7341, +4.1506]",0.20825450401966505,True,True
code,120,6,3.81943419277668,"[+3.6278, +4.0228]",0.19752280365209995,True,True
code,120,7,3.784657310446103,"[+3.5940, +3.9848]",0.1954184379857422,True,True
code,120,8,3.751666487256686,"[+3.5611, +3.9521]",0.19553293081854162,True,True
mixed,27,1,0.05209443469842275,"[+0.0445, +0.0605]",0.007981106885536403,True,False
mixed,27,2,0.2687397693042402,"[+0.2465, +0.2911]",0.02229138243408796,True,True
mixed,27,3,1.9339436651379973,"[+1.7588, +2.1336]",0.18740424596256122,True,True
mixed,27,4,3.1054146427799156,"[+2.8853, +3.3432]",0.22895758199608984,True,True
mixed,27,5,3.0052976216431015,"[+2.8006, +3.2257]",0.21254710874140814,True,True
mixed,27,6,2.9543049738362983,"[+2.7556, +3.1741]",0.20922108480913715,True,True
mixed,27,7,2.9167669398917093,"[+2.7203, +3.1337]",0.20670353740505432,True,True
mixed,27,8,2.8812849483004324,"[+2.6851, +3.0978]",0.20638047479248245,True,True
other,158,1,0.030208653711442705,"[+0.0251, +0.0361]",0.005505372323257891,True,False
other,158,2,0.2541163685389712,"[+0.2318, +0.2797]",0.02392410662370037,True,True
other,158,3,1.83272837168431,"[+1.6584, +2.0244]",0.1830281204444537,True,True
other,158,4,2.94010737396871,"[+2.7556, +3.1427]",0.19355182290884732,True,True
other,158,5,2.9411277157030526,"[+2.7790, +3.1187]",0.16981595980712272,True,True
other,158,6,2.877757443374471,"[+2.7191, +3.0472]",0.16405397184558557,True,True
other,158,7,2.814597076724602,"[+2.6612, +2.9793]",0.15907755566597293,True,True
other,158,8,2.7697199406691744,"[+2.6161, +2.9354]",0.1596503007150536,True,True
prose,719,1,0.08313123950208842,"[+0.0782, +0.0883]",0.005037598310411492,True,True
prose,719,2,0.2535381634021502,"[+0.2468, +0.2607]",0.006967094158060752,True,True
prose,719,3,1.7419344850599516,"[+1.7012, +1.7847]",0.04177070817209361,True,True
prose,719,4,2.555398655596794,"[+2.5053, +2.6090]",0.05188674563933837,True,True
prose,719,5,2.5226369456845297,"[+2.4778, +2.5698]",0.04600188617176171,True,True
prose,719,6,2.5292964753214275,"[+2.4861, +2.5756]",0.04472606400628876,True,True
prose,719,7,2.485429720085254,"[+2.4429, +2.5310]",0.044019500899448616,True,True
prose,719,8,2.4477559101556703,"[+2.4055, +2.4929]",0.043704587268845074,True,True
