cell,family,eval_set,rung,draw,control,module,overflow
main/E/union/D_unif/tau0.1/r0/excl/k0/r8/ctl-plain,union,E,8,0,plain,h.0.attn.v_proj,4
main/E/union/D_unif/tau0.1/r0/excl/k0/r8/ctl-plain,union,E,8,0,plain,h.0.mlp.c_fc,1
main/E/union/D_unif/tau0.1/r0/excl/k0/r8/ctl-plain,union,E,8,0,plain,h.1.attn.v_proj,1
main/E/union/D_unif/tau0.1/r0/excl/k0/r8/ctl-plain,union,E,8,0,plain,h.2.attn.k_proj,1
main/E/union/D_unif/tau0.1/uniform/excl/k0/r8/ctl-plain,union,E,8,0,plain,h.0.attn.v_proj,4
main/E/union/D_unif/tau0.1/uniform/excl/k0/r8/ctl-plain,union,E,8,0,plain,h.0.mlp.c_fc,1
main/E/union/D_unif/tau0.1/uniform/excl/k0/r8/ctl-plain,union,E,8,0,plain,h.1.attn.v_proj,1
main/E/union/D_unif/tau0.1/uniform/excl/k0/r8/ctl-plain,union,E,8,0,plain,h.2.attn.k_proj,1
main/E/union/D_unif/tau0.1/uniform/excl/k1/r8/ctl-plain,union,E,8,1,plain,h.0.attn.v_proj,4
main/E/union/D_unif/tau0.1/uniform/excl/k1/r8/ctl-plain,union,E,8,1,plain,h.0.mlp.c_fc,1
main/E/union/D_unif/tau0.1/uniform/excl/k1/r8/ctl-plain,union,E,8,1,plain,h.1.attn.v_proj,1
main/E/union/D_unif/tau0.1/uniform/excl/k1/r8/ctl-plain,union,E,8,1,plain,h.2.attn.k_proj,1
main/E/union/D_unif/tau0.1/uniform/excl/k2/r8/ctl-plain,union,E,8,2,plain,h.0.attn.v_proj,4
main/E/union/D_unif/tau0.1/uniform/excl/k2/r8/ctl-plain,union,E,8,2,plain,h.0.mlp.c_fc,1
main/E/union/D_unif/tau0.1/uniform/excl/k2/r8/ctl-plain,union,E,8,2,plain,h.1.attn.v_proj,1
main/E/union/D_unif/tau0.1/uniform/excl/k2/r8/ctl-plain,union,E,8,2,plain,h.2.attn.k_proj,1
main/E/union/D_unif/tau0.1/uniform/excl/k3/r8/ctl-plain,union,E,8,3,plain,h.0.attn.v_proj,4
main/E/union/D_unif/tau0.1/uniform/excl/k3/r8/ctl-plain,union,E,8,3,plain,h.0.mlp.c_fc,1
main/E/union/D_unif/tau0.1/uniform/excl/k3/r8/ctl-plain,union,E,8,3,plain,h.1.attn.v_proj,1
main/E/union/D_unif/tau0.1/uniform/excl/k3/r8/ctl-plain,union,E,8,3,plain,h.2.attn.k_proj,1
main/E/union/D_unif/tau0.1/uniform/excl/k4/r8/ctl-plain,union,E,8,4,plain,h.0.attn.v_proj,4
main/E/union/D_unif/tau0.1/uniform/excl/k4/r8/ctl-plain,union,E,8,4,plain,h.0.mlp.c_fc,1
main/E/union/D_unif/tau0.1/uniform/excl/k4/r8/ctl-plain,union,E,8,4,plain,h.1.attn.v_proj,1
main/E/union/D_unif/tau0.1/uniform/excl/k4/r8/ctl-plain,union,E,8,4,plain,h.2.attn.k_proj,1
main/E/union/D_unif/tau0.1/uniform/excl/k5/r8/ctl-plain,union,E,8,5,plain,h.0.attn.v_proj,4
main/E/union/D_unif/tau0.1/uniform/excl/k5/r8/ctl-plain,union,E,8,5,plain,h.0.mlp.c_fc,1
main/E/union/D_unif/tau0.1/uniform/excl/k5/r8/ctl-plain,union,E,8,5,plain,h.1.attn.v_proj,1
main/E/union/D_unif/tau0.1/uniform/excl/k5/r8/ctl-plain,union,E,8,5,plain,h.2.attn.k_proj,1
main/E/union/D_unif/tau0.1/uniform/excl/k6/r8/ctl-plain,union,E,8,6,plain,h.0.attn.v_proj,4
main/E/union/D_unif/tau0.1/uniform/excl/k6/r8/ctl-plain,union,E,8,6,plain,h.0.mlp.c_fc,1
main/E/union/D_unif/tau0.1/uniform/excl/k6/r8/ctl-plain,union,E,8,6,plain,h.1.attn.v_proj,1
main/E/union/D_unif/tau0.1/uniform/excl/k6/r8/ctl-plain,union,E,8,6,plain,h.2.attn.k_proj,1
main/E/union/D_unif/tau0.1/uniform/excl/k7/r8/ctl-plain,union,E,8,7,plain,h.0.attn.v_proj,4
main/E/union/D_unif/tau0.1/uniform/excl/k7/r8/ctl-plain,union,E,8,7,plain,h.0.mlp.c_fc,1
main/E/union/D_unif/tau0.1/uniform/excl/k7/r8/ctl-plain,union,E,8,7,plain,h.1.attn.v_proj,1
main/E/union/D_unif/tau0.1/uniform/excl/k7/r8/ctl-plain,union,E,8,7,plain,h.2.attn.k_proj,1
main/E/hard_zero/D_unif/tau0.1/ones/incl/k0/r8/ctl-plain,hard_zero,E,8,0,plain,h.0.attn.v_proj,4
main/E/hard_zero/D_unif/tau0.1/ones/incl/k0/r8/ctl-plain,hard_zero,E,8,0,plain,h.0.mlp.c_fc,1
main/E/hard_zero/D_unif/tau0.1/ones/incl/k0/r8/ctl-plain,hard_zero,E,8,0,plain,h.1.attn.v_proj,1
main/E/hard_zero/D_unif/tau0.1/ones/incl/k0/r8/ctl-plain,hard_zero,E,8,0,plain,h.2.attn.k_proj,1
main/E/soft_erase/D_unif/tau0.1/r1/excl/k0/r8/ctl-plain,soft_erase,E,8,0,plain,h.0.attn.v_proj,4
main/E/soft_erase/D_unif/tau0.1/r1/excl/k0/r8/ctl-plain,soft_erase,E,8,0,plain,h.0.mlp.c_fc,1
main/E/soft_erase/D_unif/tau0.1/r1/excl/k0/r8/ctl-plain,soft_erase,E,8,0,plain,h.1.attn.v_proj,1
main/E/soft_erase/D_unif/tau0.1/r1/excl/k0/r8/ctl-plain,soft_erase,E,8,0,plain,h.2.attn.k_proj,1
main/E/soft_erase/D_unif/tau0.1/uniform/excl/k0/r8/ctl-plain,soft_erase,E,8,0,plain,h.0.attn.v_proj,4
main/E/soft_erase/D_unif/tau0.1/uniform/excl/k0/r8/ctl-plain,soft_erase,E,8,0,plain,h.0.mlp.c_fc,1
main/E/soft_erase/D_unif/tau0.1/uniform/excl/k0/r8/ctl-plain,soft_erase,E,8,0,plain,h.1.attn.v_proj,1
main/E/soft_erase/D_unif/tau0.1/uniform/excl/k0/r8/ctl-plain,soft_erase,E,8,0,plain,h.2.attn.k_proj,1
main/E/soft_erase/D_unif/tau0.1/uniform/excl/k1/r8/ctl-plain,soft_erase,E,8,1,plain,h.0.attn.v_proj,4
main/E/soft_erase/D_unif/tau0.1/uniform/excl/k1/r8/ctl-plain,soft_erase,E,8,1,plain,h.0.mlp.c_fc,1
main/E/soft_erase/D_unif/tau0.1/uniform/excl/k1/r8/ctl-plain,soft_erase,E,8,1,plain,h.1.attn.v_proj,1
main/E/soft_erase/D_unif/tau0.1/uniform/excl/k1/r8/ctl-plain,soft_erase,E,8,1,plain,h.2.attn.k_proj,1
main/E/soft_erase/D_unif/tau0.1/uniform/excl/k2/r8/ctl-plain,soft_erase,E,8,2,plain,h.0.attn.v_proj,4
main/E/soft_erase/D_unif/tau0.1/uniform/excl/k2/r8/ctl-plain,soft_erase,E,8,2,plain,h.0.mlp.c_fc,1
main/E/soft_erase/D_unif/tau0.1/uniform/excl/k2/r8/ctl-plain,soft_erase,E,8,2,plain,h.1.attn.v_proj,1
main/E/soft_erase/D_unif/tau0.1/uniform/excl/k2/r8/ctl-plain,soft_erase,E,8,2,plain,h.2.attn.k_proj,1
main/E/soft_erase/D_unif/tau0.1/uniform/excl/k3/r8/ctl-plain,soft_erase,E,8,3,plain,h.0.attn.v_proj,4
main/E/soft_erase/D_unif/tau0.1/uniform/excl/k3/r8/ctl-plain,soft_erase,E,8,3,plain,h.0.mlp.c_fc,1
main/E/soft_erase/D_unif/tau0.1/uniform/excl/k3/r8/ctl-plain,soft_erase,E,8,3,plain,h.1.attn.v_proj,1
main/E/soft_erase/D_unif/tau0.1/uniform/excl/k3/r8/ctl-plain,soft_erase,E,8,3,plain,h.2.attn.k_proj,1
main/E/soft_erase/D_unif/tau0.1/uniform/excl/k4/r8/ctl-plain,soft_erase,E,8,4,plain,h.0.attn.v_proj,4
main/E/soft_erase/D_unif/tau0.1/uniform/excl/k4/r8/ctl-plain,soft_erase,E,8,4,plain,h.0.mlp.c_fc,1
main/E/soft_erase/D_unif/tau0.1/uniform/excl/k4/r8/ctl-plain,soft_erase,E,8,4,plain,h.1.attn.v_proj,1
main/E/soft_erase/D_unif/tau0.1/uniform/excl/k4/r8/ctl-plain,soft_erase,E,8,4,plain,h.2.attn.k_proj,1
main/E/soft_erase/D_unif/tau0.1/uniform/excl/k5/r8/ctl-plain,soft_erase,E,8,5,plain,h.0.attn.v_proj,4
main/E/soft_erase/D_unif/tau0.1/uniform/excl/k5/r8/ctl-plain,soft_erase,E,8,5,plain,h.0.mlp.c_fc,1
main/E/soft_erase/D_unif/tau0.1/uniform/excl/k5/r8/ctl-plain,soft_erase,E,8,5,plain,h.1.attn.v_proj,1
main/E/soft_erase/D_unif/tau0.1/uniform/excl/k5/r8/ctl-plain,soft_erase,E,8,5,plain,h.2.attn.k_proj,1
main/E/soft_erase/D_unif/tau0.1/uniform/excl/k6/r8/ctl-plain,soft_erase,E,8,6,plain,h.0.attn.v_proj,4
main/E/soft_erase/D_unif/tau0.1/uniform/excl/k6/r8/ctl-plain,soft_erase,E,8,6,plain,h.0.mlp.c_fc,1
main/E/soft_erase/D_unif/tau0.1/uniform/excl/k6/r8/ctl-plain,soft_erase,E,8,6,plain,h.1.attn.v_proj,1
main/E/soft_erase/D_unif/tau0.1/uniform/excl/k6/r8/ctl-plain,soft_erase,E,8,6,plain,h.2.attn.k_proj,1
main/E/soft_erase/D_unif/tau0.1/uniform/excl/k7/r8/ctl-plain,soft_erase,E,8,7,plain,h.0.attn.v_proj,4
main/E/soft_erase/D_unif/tau0.1/uniform/excl/k7/r8/ctl-plain,soft_erase,E,8,7,plain,h.0.mlp.c_fc,1
main/E/soft_erase/D_unif/tau0.1/uniform/excl/k7/r8/ctl-plain,soft_erase,E,8,7,plain,h.1.attn.v_proj,1
main/E/soft_erase/D_unif/tau0.1/uniform/excl/k7/r8/ctl-plain,soft_erase,E,8,7,plain,h.2.attn.k_proj,1
main/E/union/D_unif/tau0/r0/excl/k0/r4/ctl-plain,union,E,4,0,plain,h.1.attn.o_proj,7
main/E/union/D_unif/tau0/r0/excl/k0/r5/ctl-plain,union,E,5,0,plain,h.1.attn.k_proj,15
main/E/union/D_unif/tau0/r0/excl/k0/r5/ctl-plain,union,E,5,0,plain,h.1.attn.o_proj,30
main/E/union/D_unif/tau0/r0/excl/k0/r5/ctl-plain,union,E,5,0,plain,h.1.attn.q_proj,2
main/E/union/D_unif/tau0/r0/excl/k0/r5/ctl-plain,union,E,5,0,plain,h.1.attn.v_proj,1
main/E/union/D_unif/tau0/r0/excl/k0/r5/ctl-plain,union,E,5,0,plain,h.1.mlp.c_fc,34
main/E/union/D_unif/tau0/r0/excl/k0/r5/ctl-plain,union,E,5,0,plain,h.1.mlp.down_proj,44
main/E/union/D_unif/tau0/r0/excl/k0/r5/ctl-plain,union,E,5,0,plain,h.2.attn.k_proj,14
main/E/union/D_unif/tau0/r0/excl/k0/r5/ctl-plain,union,E,5,0,plain,h.2.attn.o_proj,10
main/E/union/D_unif/tau0/r0/excl/k0/r5/ctl-plain,union,E,5,0,plain,h.2.attn.q_proj,14
main/E/union/D_unif/tau0/r0/excl/k0/r5/ctl-plain,union,E,5,0,plain,h.2.mlp.c_fc,18
main/E/union/D_unif/tau0/r0/excl/k0/r5/ctl-plain,union,E,5,0,plain,h.2.mlp.down_proj,22
main/E/union/D_unif/tau0/r0/excl/k0/r5/ctl-plain,union,E,5,0,plain,h.3.attn.k_proj,9
main/E/union/D_unif/tau0/r0/excl/k0/r5/ctl-plain,union,E,5,0,plain,h.3.attn.o_proj,14
main/E/union/D_unif/tau0/r0/excl/k0/r5/ctl-plain,union,E,5,0,plain,h.3.attn.q_proj,10
main/E/union/D_unif/tau0/r0/excl/k0/r5/ctl-plain,union,E,5,0,plain,h.3.attn.v_proj,10
main/E/union/D_unif/tau0/r0/excl/k0/r6/ctl-plain,union,E,6,0,plain,h.0.attn.k_proj,22
main/E/union/D_unif/tau0/r0/excl/k0/r6/ctl-plain,union,E,6,0,plain,h.0.attn.q_proj,11
main/E/union/D_unif/tau0/r0/excl/k0/r6/ctl-plain,union,E,6,0,plain,h.0.mlp.c_fc,143
main/E/union/D_unif/tau0/r0/excl/k0/r6/ctl-plain,union,E,6,0,plain,h.0.mlp.down_proj,186
main/E/union/D_unif/tau0/r0/excl/k0/r6/ctl-plain,union,E,6,0,plain,h.1.attn.k_proj,58
main/E/union/D_unif/tau0/r0/excl/k0/r6/ctl-plain,union,E,6,0,plain,h.1.attn.o_proj,144
main/E/union/D_unif/tau0/r0/excl/k0/r6/ctl-plain,union,E,6,0,plain,h.1.attn.q_proj,29
main/E/union/D_unif/tau0/r0/excl/k0/r6/ctl-plain,union,E,6,0,plain,h.1.attn.v_proj,86
main/E/union/D_unif/tau0/r0/excl/k0/r6/ctl-plain,union,E,6,0,plain,h.1.mlp.c_fc,265
main/E/union/D_unif/tau0/r0/excl/k0/r6/ctl-plain,union,E,6,0,plain,h.1.mlp.down_proj,267
main/E/union/D_unif/tau0/r0/excl/k0/r6/ctl-plain,union,E,6,0,plain,h.2.attn.k_proj,72
main/E/union/D_unif/tau0/r0/excl/k0/r6/ctl-plain,union,E,6,0,plain,h.2.attn.o_proj,95
main/E/union/D_unif/tau0/r0/excl/k0/r6/ctl-plain,union,E,6,0,plain,h.2.attn.q_proj,62
main/E/union/D_unif/tau0/r0/excl/k0/r6/ctl-plain,union,E,6,0,plain,h.2.attn.v_proj,68
main/E/union/D_unif/tau0/r0/excl/k0/r6/ctl-plain,union,E,6,0,plain,h.2.mlp.c_fc,295
main/E/union/D_unif/tau0/r0/excl/k0/r6/ctl-plain,union,E,6,0,plain,h.2.mlp.down_proj,290
main/E/union/D_unif/tau0/r0/excl/k0/r6/ctl-plain,union,E,6,0,plain,h.3.attn.k_proj,65
main/E/union/D_unif/tau0/r0/excl/k0/r6/ctl-plain,union,E,6,0,plain,h.3.attn.o_proj,130
main/E/union/D_unif/tau0/r0/excl/k0/r6/ctl-plain,union,E,6,0,plain,h.3.attn.q_proj,75
main/E/union/D_unif/tau0/r0/excl/k0/r6/ctl-plain,union,E,6,0,plain,h.3.attn.v_proj,121
main/E/union/D_unif/tau0/r0/excl/k0/r6/ctl-plain,union,E,6,0,plain,h.3.mlp.c_fc,226
main/E/union/D_unif/tau0/r0/excl/k0/r6/ctl-plain,union,E,6,0,plain,h.3.mlp.down_proj,123
main/E/union/D_unif/tau0/r0/excl/k0/r7/ctl-plain,union,E,7,0,plain,h.0.attn.k_proj,128
main/E/union/D_unif/tau0/r0/excl/k0/r7/ctl-plain,union,E,7,0,plain,h.0.attn.o_proj,160
main/E/union/D_unif/tau0/r0/excl/k0/r7/ctl-plain,union,E,7,0,plain,h.0.attn.q_proj,131
main/E/union/D_unif/tau0/r0/excl/k0/r7/ctl-plain,union,E,7,0,plain,h.0.attn.v_proj,133
main/E/union/D_unif/tau0/r0/excl/k0/r7/ctl-plain,union,E,7,0,plain,h.0.mlp.c_fc,592
main/E/union/D_unif/tau0/r0/excl/k0/r7/ctl-plain,union,E,7,0,plain,h.0.mlp.down_proj,642
main/E/union/D_unif/tau0/r0/excl/k0/r7/ctl-plain,union,E,7,0,plain,h.1.attn.k_proj,156
main/E/union/D_unif/tau0/r0/excl/k0/r7/ctl-plain,union,E,7,0,plain,h.1.attn.o_proj,393
main/E/union/D_unif/tau0/r0/excl/k0/r7/ctl-plain,union,E,7,0,plain,h.1.attn.q_proj,130
main/E/union/D_unif/tau0/r0/excl/k0/r7/ctl-plain,union,E,7,0,plain,h.1.attn.v_proj,292
main/E/union/D_unif/tau0/r0/excl/k0/r7/ctl-plain,union,E,7,0,plain,h.1.mlp.c_fc,807
main/E/union/D_unif/tau0/r0/excl/k0/r7/ctl-plain,union,E,7,0,plain,h.1.mlp.down_proj,802
main/E/union/D_unif/tau0/r0/excl/k0/r7/ctl-plain,union,E,7,0,plain,h.2.attn.k_proj,170
main/E/union/D_unif/tau0/r0/excl/k0/r7/ctl-plain,union,E,7,0,plain,h.2.attn.o_proj,239
main/E/union/D_unif/tau0/r0/excl/k0/r7/ctl-plain,union,E,7,0,plain,h.2.attn.q_proj,167
main/E/union/D_unif/tau0/r0/excl/k0/r7/ctl-plain,union,E,7,0,plain,h.2.attn.v_proj,206
main/E/union/D_unif/tau0/r0/excl/k0/r7/ctl-plain,union,E,7,0,plain,h.2.mlp.c_fc,877
main/E/union/D_unif/tau0/r0/excl/k0/r7/ctl-plain,union,E,7,0,plain,h.2.mlp.down_proj,902
main/E/union/D_unif/tau0/r0/excl/k0/r7/ctl-plain,union,E,7,0,plain,h.3.attn.k_proj,181
main/E/union/D_unif/tau0/r0/excl/k0/r7/ctl-plain,union,E,7,0,plain,h.3.attn.o_proj,349
main/E/union/D_unif/tau0/r0/excl/k0/r7/ctl-plain,union,E,7,0,plain,h.3.attn.q_proj,182
main/E/union/D_unif/tau0/r0/excl/k0/r7/ctl-plain,union,E,7,0,plain,h.3.attn.v_proj,318
main/E/union/D_unif/tau0/r0/excl/k0/r7/ctl-plain,union,E,7,0,plain,h.3.mlp.c_fc,687
main/E/union/D_unif/tau0/r0/excl/k0/r7/ctl-plain,union,E,7,0,plain,h.3.mlp.down_proj,437
main/E/union/D_unif/tau0/r0/excl/k1/r5/ctl-plain,union,E,5,1,plain,h.1.attn.k_proj,5
main/E/union/D_unif/tau0/r0/excl/k1/r5/ctl-plain,union,E,5,1,plain,h.1.attn.o_proj,21
main/E/union/D_unif/tau0/r0/excl/k1/r5/ctl-plain,union,E,5,1,plain,h.1.attn.q_proj,4
main/E/union/D_unif/tau0/r0/excl/k1/r5/ctl-plain,union,E,5,1,plain,h.1.attn.v_proj,1
main/E/union/D_unif/tau0/r0/excl/k1/r5/ctl-plain,union,E,5,1,plain,h.1.mlp.down_proj,4
main/E/union/D_unif/tau0/r0/excl/k1/r5/ctl-plain,union,E,5,1,plain,h.2.attn.q_proj,15
main/E/union/D_unif/tau0/r0/excl/k1/r5/ctl-plain,union,E,5,1,plain,h.2.mlp.c_fc,26
main/E/union/D_unif/tau0/r0/excl/k1/r5/ctl-plain,union,E,5,1,plain,h.2.mlp.down_proj,24
main/E/union/D_unif/tau0/r0/excl/k1/r5/ctl-plain,union,E,5,1,plain,h.3.attn.k_proj,11
main/E/union/D_unif/tau0/r0/excl/k1/r5/ctl-plain,union,E,5,1,plain,h.3.attn.o_proj,28
main/E/union/D_unif/tau0/r0/excl/k1/r5/ctl-plain,union,E,5,1,plain,h.3.attn.q_proj,7
main/E/union/D_unif/tau0/r0/excl/k1/r5/ctl-plain,union,E,5,1,plain,h.3.attn.v_proj,1
main/E/union/D_unif/tau0/r0/excl/k1/r6/ctl-plain,union,E,6,1,plain,h.0.attn.k_proj,20
main/E/union/D_unif/tau0/r0/excl/k1/r6/ctl-plain,union,E,6,1,plain,h.0.attn.q_proj,5
main/E/union/D_unif/tau0/r0/excl/k1/r6/ctl-plain,union,E,6,1,plain,h.0.mlp.c_fc,58
main/E/union/D_unif/tau0/r0/excl/k1/r6/ctl-plain,union,E,6,1,plain,h.0.mlp.down_proj,184
main/E/union/D_unif/tau0/r0/excl/k1/r6/ctl-plain,union,E,6,1,plain,h.1.attn.k_proj,51
main/E/union/D_unif/tau0/r0/excl/k1/r6/ctl-plain,union,E,6,1,plain,h.1.attn.o_proj,121
main/E/union/D_unif/tau0/r0/excl/k1/r6/ctl-plain,union,E,6,1,plain,h.1.attn.q_proj,33
main/E/union/D_unif/tau0/r0/excl/k1/r6/ctl-plain,union,E,6,1,plain,h.1.attn.v_proj,93
main/E/union/D_unif/tau0/r0/excl/k1/r6/ctl-plain,union,E,6,1,plain,h.1.mlp.c_fc,195
main/E/union/D_unif/tau0/r0/excl/k1/r6/ctl-plain,union,E,6,1,plain,h.1.mlp.down_proj,212
main/E/union/D_unif/tau0/r0/excl/k1/r6/ctl-plain,union,E,6,1,plain,h.2.attn.k_proj,52
main/E/union/D_unif/tau0/r0/excl/k1/r6/ctl-plain,union,E,6,1,plain,h.2.attn.o_proj,95
main/E/union/D_unif/tau0/r0/excl/k1/r6/ctl-plain,union,E,6,1,plain,h.2.attn.q_proj,70
main/E/union/D_unif/tau0/r0/excl/k1/r6/ctl-plain,union,E,6,1,plain,h.2.attn.v_proj,46
main/E/union/D_unif/tau0/r0/excl/k1/r6/ctl-plain,union,E,6,1,plain,h.2.mlp.c_fc,257
main/E/union/D_unif/tau0/r0/excl/k1/r6/ctl-plain,union,E,6,1,plain,h.2.mlp.down_proj,269
main/E/union/D_unif/tau0/r0/excl/k1/r6/ctl-plain,union,E,6,1,plain,h.3.attn.k_proj,59
main/E/union/D_unif/tau0/r0/excl/k1/r6/ctl-plain,union,E,6,1,plain,h.3.attn.o_proj,123
main/E/union/D_unif/tau0/r0/excl/k1/r6/ctl-plain,union,E,6,1,plain,h.3.attn.q_proj,61
main/E/union/D_unif/tau0/r0/excl/k1/r6/ctl-plain,union,E,6,1,plain,h.3.attn.v_proj,98
main/E/union/D_unif/tau0/r0/excl/k1/r6/ctl-plain,union,E,6,1,plain,h.3.mlp.c_fc,184
main/E/union/D_unif/tau0/r0/excl/k1/r6/ctl-plain,union,E,6,1,plain,h.3.mlp.down_proj,117
main/E/union/D_unif/tau0/r0/excl/k1/r7/ctl-plain,union,E,7,1,plain,h.0.attn.k_proj,130
main/E/union/D_unif/tau0/r0/excl/k1/r7/ctl-plain,union,E,7,1,plain,h.0.attn.o_proj,164
main/E/union/D_unif/tau0/r0/excl/k1/r7/ctl-plain,union,E,7,1,plain,h.0.attn.q_proj,107
main/E/union/D_unif/tau0/r0/excl/k1/r7/ctl-plain,union,E,7,1,plain,h.0.attn.v_proj,115
main/E/union/D_unif/tau0/r0/excl/k1/r7/ctl-plain,union,E,7,1,plain,h.0.mlp.c_fc,584
main/E/union/D_unif/tau0/r0/excl/k1/r7/ctl-plain,union,E,7,1,plain,h.0.mlp.down_proj,633
main/E/union/D_unif/tau0/r0/excl/k1/r7/ctl-plain,union,E,7,1,plain,h.1.attn.k_proj,153
main/E/union/D_unif/tau0/r0/excl/k1/r7/ctl-plain,union,E,7,1,plain,h.1.attn.o_proj,373
main/E/union/D_unif/tau0/r0/excl/k1/r7/ctl-plain,union,E,7,1,plain,h.1.attn.q_proj,134
main/E/union/D_unif/tau0/r0/excl/k1/r7/ctl-plain,union,E,7,1,plain,h.1.attn.v_proj,299
main/E/union/D_unif/tau0/r0/excl/k1/r7/ctl-plain,union,E,7,1,plain,h.1.mlp.c_fc,764
main/E/union/D_unif/tau0/r0/excl/k1/r7/ctl-plain,union,E,7,1,plain,h.1.mlp.down_proj,768
main/E/union/D_unif/tau0/r0/excl/k1/r7/ctl-plain,union,E,7,1,plain,h.2.attn.k_proj,151
main/E/union/D_unif/tau0/r0/excl/k1/r7/ctl-plain,union,E,7,1,plain,h.2.attn.o_proj,228
main/E/union/D_unif/tau0/r0/excl/k1/r7/ctl-plain,union,E,7,1,plain,h.2.attn.q_proj,173
main/E/union/D_unif/tau0/r0/excl/k1/r7/ctl-plain,union,E,7,1,plain,h.2.attn.v_proj,200
main/E/union/D_unif/tau0/r0/excl/k1/r7/ctl-plain,union,E,7,1,plain,h.2.mlp.c_fc,835
main/E/union/D_unif/tau0/r0/excl/k1/r7/ctl-plain,union,E,7,1,plain,h.2.mlp.down_proj,877
main/E/union/D_unif/tau0/r0/excl/k1/r7/ctl-plain,union,E,7,1,plain,h.3.attn.k_proj,161
main/E/union/D_unif/tau0/r0/excl/k1/r7/ctl-plain,union,E,7,1,plain,h.3.attn.o_proj,344
main/E/union/D_unif/tau0/r0/excl/k1/r7/ctl-plain,union,E,7,1,plain,h.3.attn.q_proj,169
main/E/union/D_unif/tau0/r0/excl/k1/r7/ctl-plain,union,E,7,1,plain,h.3.attn.v_proj,298
main/E/union/D_unif/tau0/r0/excl/k1/r7/ctl-plain,union,E,7,1,plain,h.3.mlp.c_fc,631
main/E/union/D_unif/tau0/r0/excl/k1/r7/ctl-plain,union,E,7,1,plain,h.3.mlp.down_proj,416
main/E/union/D_unif/tau0/r0/excl/k2/r5/ctl-plain,union,E,5,2,plain,h.1.attn.k_proj,12
main/E/union/D_unif/tau0/r0/excl/k2/r5/ctl-plain,union,E,5,2,plain,h.1.attn.o_proj,22
main/E/union/D_unif/tau0/r0/excl/k2/r5/ctl-plain,union,E,5,2,plain,h.1.attn.q_proj,11
main/E/union/D_unif/tau0/r0/excl/k2/r5/ctl-plain,union,E,5,2,plain,h.1.attn.v_proj,1
main/E/union/D_unif/tau0/r0/excl/k2/r5/ctl-plain,union,E,5,2,plain,h.1.mlp.down_proj,30
main/E/union/D_unif/tau0/r0/excl/k2/r5/ctl-plain,union,E,5,2,plain,h.2.attn.q_proj,22
main/E/union/D_unif/tau0/r0/excl/k2/r5/ctl-plain,union,E,5,2,plain,h.2.mlp.c_fc,48
main/E/union/D_unif/tau0/r0/excl/k2/r5/ctl-plain,union,E,5,2,plain,h.2.mlp.down_proj,44
main/E/union/D_unif/tau0/r0/excl/k2/r5/ctl-plain,union,E,5,2,plain,h.3.attn.k_proj,16
main/E/union/D_unif/tau0/r0/excl/k2/r5/ctl-plain,union,E,5,2,plain,h.3.attn.o_proj,26
main/E/union/D_unif/tau0/r0/excl/k2/r5/ctl-plain,union,E,5,2,plain,h.3.attn.q_proj,9
main/E/union/D_unif/tau0/r0/excl/k2/r5/ctl-plain,union,E,5,2,plain,h.3.attn.v_proj,21
main/E/union/D_unif/tau0/r0/excl/k2/r6/ctl-plain,union,E,6,2,plain,h.0.attn.k_proj,21
main/E/union/D_unif/tau0/r0/excl/k2/r6/ctl-plain,union,E,6,2,plain,h.0.attn.q_proj,5
main/E/union/D_unif/tau0/r0/excl/k2/r6/ctl-plain,union,E,6,2,plain,h.0.mlp.c_fc,119
main/E/union/D_unif/tau0/r0/excl/k2/r6/ctl-plain,union,E,6,2,plain,h.0.mlp.down_proj,194
main/E/union/D_unif/tau0/r0/excl/k2/r6/ctl-plain,union,E,6,2,plain,h.1.attn.k_proj,50
main/E/union/D_unif/tau0/r0/excl/k2/r6/ctl-plain,union,E,6,2,plain,h.1.attn.o_proj,147
main/E/union/D_unif/tau0/r0/excl/k2/r6/ctl-plain,union,E,6,2,plain,h.1.attn.q_proj,37
main/E/union/D_unif/tau0/r0/excl/k2/r6/ctl-plain,union,E,6,2,plain,h.1.attn.v_proj,107
main/E/union/D_unif/tau0/r0/excl/k2/r6/ctl-plain,union,E,6,2,plain,h.1.mlp.c_fc,204
main/E/union/D_unif/tau0/r0/excl/k2/r6/ctl-plain,union,E,6,2,plain,h.1.mlp.down_proj,212
main/E/union/D_unif/tau0/r0/excl/k2/r6/ctl-plain,union,E,6,2,plain,h.2.attn.k_proj,52
main/E/union/D_unif/tau0/r0/excl/k2/r6/ctl-plain,union,E,6,2,plain,h.2.attn.o_proj,96
main/E/union/D_unif/tau0/r0/excl/k2/r6/ctl-plain,union,E,6,2,plain,h.2.attn.q_proj,72
main/E/union/D_unif/tau0/r0/excl/k2/r6/ctl-plain,union,E,6,2,plain,h.2.attn.v_proj,53
main/E/union/D_unif/tau0/r0/excl/k2/r6/ctl-plain,union,E,6,2,plain,h.2.mlp.c_fc,298
main/E/union/D_unif/tau0/r0/excl/k2/r6/ctl-plain,union,E,6,2,plain,h.2.mlp.down_proj,256
main/E/union/D_unif/tau0/r0/excl/k2/r6/ctl-plain,union,E,6,2,plain,h.3.attn.k_proj,60
main/E/union/D_unif/tau0/r0/excl/k2/r6/ctl-plain,union,E,6,2,plain,h.3.attn.o_proj,114
main/E/union/D_unif/tau0/r0/excl/k2/r6/ctl-plain,union,E,6,2,plain,h.3.attn.q_proj,56
main/E/union/D_unif/tau0/r0/excl/k2/r6/ctl-plain,union,E,6,2,plain,h.3.attn.v_proj,117
main/E/union/D_unif/tau0/r0/excl/k2/r6/ctl-plain,union,E,6,2,plain,h.3.mlp.c_fc,264
main/E/union/D_unif/tau0/r0/excl/k2/r6/ctl-plain,union,E,6,2,plain,h.3.mlp.down_proj,124
main/E/union/D_unif/tau0/r0/excl/k2/r7/ctl-plain,union,E,7,2,plain,h.0.attn.k_proj,123
main/E/union/D_unif/tau0/r0/excl/k2/r7/ctl-plain,union,E,7,2,plain,h.0.attn.o_proj,157
main/E/union/D_unif/tau0/r0/excl/k2/r7/ctl-plain,union,E,7,2,plain,h.0.attn.q_proj,106
main/E/union/D_unif/tau0/r0/excl/k2/r7/ctl-plain,union,E,7,2,plain,h.0.attn.v_proj,123
main/E/union/D_unif/tau0/r0/excl/k2/r7/ctl-plain,union,E,7,2,plain,h.0.mlp.c_fc,581
main/E/union/D_unif/tau0/r0/excl/k2/r7/ctl-plain,union,E,7,2,plain,h.0.mlp.down_proj,603
main/E/union/D_unif/tau0/r0/excl/k2/r7/ctl-plain,union,E,7,2,plain,h.1.attn.k_proj,144
main/E/union/D_unif/tau0/r0/excl/k2/r7/ctl-plain,union,E,7,2,plain,h.1.attn.o_proj,386
main/E/union/D_unif/tau0/r0/excl/k2/r7/ctl-plain,union,E,7,2,plain,h.1.attn.q_proj,132
main/E/union/D_unif/tau0/r0/excl/k2/r7/ctl-plain,union,E,7,2,plain,h.1.attn.v_proj,297
main/E/union/D_unif/tau0/r0/excl/k2/r7/ctl-plain,union,E,7,2,plain,h.1.mlp.c_fc,730
main/E/union/D_unif/tau0/r0/excl/k2/r7/ctl-plain,union,E,7,2,plain,h.1.mlp.down_proj,737
main/E/union/D_unif/tau0/r0/excl/k2/r7/ctl-plain,union,E,7,2,plain,h.2.attn.k_proj,164
main/E/union/D_unif/tau0/r0/excl/k2/r7/ctl-plain,union,E,7,2,plain,h.2.attn.o_proj,220
main/E/union/D_unif/tau0/r0/excl/k2/r7/ctl-plain,union,E,7,2,plain,h.2.attn.q_proj,172
main/E/union/D_unif/tau0/r0/excl/k2/r7/ctl-plain,union,E,7,2,plain,h.2.attn.v_proj,192
main/E/union/D_unif/tau0/r0/excl/k2/r7/ctl-plain,union,E,7,2,plain,h.2.mlp.c_fc,870
main/E/union/D_unif/tau0/r0/excl/k2/r7/ctl-plain,union,E,7,2,plain,h.2.mlp.down_proj,875
main/E/union/D_unif/tau0/r0/excl/k2/r7/ctl-plain,union,E,7,2,plain,h.3.attn.k_proj,167
main/E/union/D_unif/tau0/r0/excl/k2/r7/ctl-plain,union,E,7,2,plain,h.3.attn.o_proj,310
main/E/union/D_unif/tau0/r0/excl/k2/r7/ctl-plain,union,E,7,2,plain,h.3.attn.q_proj,162
main/E/union/D_unif/tau0/r0/excl/k2/r7/ctl-plain,union,E,7,2,plain,h.3.attn.v_proj,312
main/E/union/D_unif/tau0/r0/excl/k2/r7/ctl-plain,union,E,7,2,plain,h.3.mlp.c_fc,675
main/E/union/D_unif/tau0/r0/excl/k2/r7/ctl-plain,union,E,7,2,plain,h.3.mlp.down_proj,430
main/E/union/D_unif/tau0/r0/excl/k3/r5/ctl-plain,union,E,5,3,plain,h.1.attn.k_proj,3
main/E/union/D_unif/tau0/r0/excl/k3/r5/ctl-plain,union,E,5,3,plain,h.1.attn.o_proj,34
main/E/union/D_unif/tau0/r0/excl/k3/r5/ctl-plain,union,E,5,3,plain,h.1.attn.q_proj,6
main/E/union/D_unif/tau0/r0/excl/k3/r5/ctl-plain,union,E,5,3,plain,h.1.attn.v_proj,5
main/E/union/D_unif/tau0/r0/excl/k3/r5/ctl-plain,union,E,5,3,plain,h.1.mlp.down_proj,14
main/E/union/D_unif/tau0/r0/excl/k3/r5/ctl-plain,union,E,5,3,plain,h.2.attn.q_proj,18
main/E/union/D_unif/tau0/r0/excl/k3/r5/ctl-plain,union,E,5,3,plain,h.2.mlp.c_fc,31
main/E/union/D_unif/tau0/r0/excl/k3/r5/ctl-plain,union,E,5,3,plain,h.2.mlp.down_proj,36
main/E/union/D_unif/tau0/r0/excl/k3/r5/ctl-plain,union,E,5,3,plain,h.3.attn.k_proj,9
main/E/union/D_unif/tau0/r0/excl/k3/r5/ctl-plain,union,E,5,3,plain,h.3.attn.o_proj,24
main/E/union/D_unif/tau0/r0/excl/k3/r5/ctl-plain,union,E,5,3,plain,h.3.attn.q_proj,8
main/E/union/D_unif/tau0/r0/excl/k3/r5/ctl-plain,union,E,5,3,plain,h.3.attn.v_proj,4
main/E/union/D_unif/tau0/r0/excl/k3/r6/ctl-plain,union,E,6,3,plain,h.0.attn.k_proj,18
main/E/union/D_unif/tau0/r0/excl/k3/r6/ctl-plain,union,E,6,3,plain,h.0.attn.q_proj,17
main/E/union/D_unif/tau0/r0/excl/k3/r6/ctl-plain,union,E,6,3,plain,h.0.mlp.c_fc,95
main/E/union/D_unif/tau0/r0/excl/k3/r6/ctl-plain,union,E,6,3,plain,h.0.mlp.down_proj,203
main/E/union/D_unif/tau0/r0/excl/k3/r6/ctl-plain,union,E,6,3,plain,h.1.attn.k_proj,40
main/E/union/D_unif/tau0/r0/excl/k3/r6/ctl-plain,union,E,6,3,plain,h.1.attn.o_proj,121
main/E/union/D_unif/tau0/r0/excl/k3/r6/ctl-plain,union,E,6,3,plain,h.1.attn.q_proj,38
main/E/union/D_unif/tau0/r0/excl/k3/r6/ctl-plain,union,E,6,3,plain,h.1.attn.v_proj,87
main/E/union/D_unif/tau0/r0/excl/k3/r6/ctl-plain,union,E,6,3,plain,h.1.mlp.c_fc,188
main/E/union/D_unif/tau0/r0/excl/k3/r6/ctl-plain,union,E,6,3,plain,h.1.mlp.down_proj,230
main/E/union/D_unif/tau0/r0/excl/k3/r6/ctl-plain,union,E,6,3,plain,h.2.attn.k_proj,53
main/E/union/D_unif/tau0/r0/excl/k3/r6/ctl-plain,union,E,6,3,plain,h.2.attn.o_proj,95
main/E/union/D_unif/tau0/r0/excl/k3/r6/ctl-plain,union,E,6,3,plain,h.2.attn.q_proj,65
main/E/union/D_unif/tau0/r0/excl/k3/r6/ctl-plain,union,E,6,3,plain,h.2.attn.v_proj,53
main/E/union/D_unif/tau0/r0/excl/k3/r6/ctl-plain,union,E,6,3,plain,h.2.mlp.c_fc,278
main/E/union/D_unif/tau0/r0/excl/k3/r6/ctl-plain,union,E,6,3,plain,h.2.mlp.down_proj,300
main/E/union/D_unif/tau0/r0/excl/k3/r6/ctl-plain,union,E,6,3,plain,h.3.attn.k_proj,66
main/E/union/D_unif/tau0/r0/excl/k3/r6/ctl-plain,union,E,6,3,plain,h.3.attn.o_proj,135
main/E/union/D_unif/tau0/r0/excl/k3/r6/ctl-plain,union,E,6,3,plain,h.3.attn.q_proj,60
main/E/union/D_unif/tau0/r0/excl/k3/r6/ctl-plain,union,E,6,3,plain,h.3.attn.v_proj,111
main/E/union/D_unif/tau0/r0/excl/k3/r6/ctl-plain,union,E,6,3,plain,h.3.mlp.c_fc,205
main/E/union/D_unif/tau0/r0/excl/k3/r6/ctl-plain,union,E,6,3,plain,h.3.mlp.down_proj,155
main/E/union/D_unif/tau0/r0/excl/k3/r7/ctl-plain,union,E,7,3,plain,h.0.attn.k_proj,115
main/E/union/D_unif/tau0/r0/excl/k3/r7/ctl-plain,union,E,7,3,plain,h.0.attn.o_proj,164
main/E/union/D_unif/tau0/r0/excl/k3/r7/ctl-plain,union,E,7,3,plain,h.0.attn.q_proj,113
main/E/union/D_unif/tau0/r0/excl/k3/r7/ctl-plain,union,E,7,3,plain,h.0.attn.v_proj,126
main/E/union/D_unif/tau0/r0/excl/k3/r7/ctl-plain,union,E,7,3,plain,h.0.mlp.c_fc,612
main/E/union/D_unif/tau0/r0/excl/k3/r7/ctl-plain,union,E,7,3,plain,h.0.mlp.down_proj,677
main/E/union/D_unif/tau0/r0/excl/k3/r7/ctl-plain,union,E,7,3,plain,h.1.attn.k_proj,152
main/E/union/D_unif/tau0/r0/excl/k3/r7/ctl-plain,union,E,7,3,plain,h.1.attn.o_proj,389
main/E/union/D_unif/tau0/r0/excl/k3/r7/ctl-plain,union,E,7,3,plain,h.1.attn.q_proj,142
main/E/union/D_unif/tau0/r0/excl/k3/r7/ctl-plain,union,E,7,3,plain,h.1.attn.v_proj,312
main/E/union/D_unif/tau0/r0/excl/k3/r7/ctl-plain,union,E,7,3,plain,h.1.mlp.c_fc,775
main/E/union/D_unif/tau0/r0/excl/k3/r7/ctl-plain,union,E,7,3,plain,h.1.mlp.down_proj,754
main/E/union/D_unif/tau0/r0/excl/k3/r7/ctl-plain,union,E,7,3,plain,h.2.attn.k_proj,168
main/E/union/D_unif/tau0/r0/excl/k3/r7/ctl-plain,union,E,7,3,plain,h.2.attn.o_proj,232
main/E/union/D_unif/tau0/r0/excl/k3/r7/ctl-plain,union,E,7,3,plain,h.2.attn.q_proj,160
main/E/union/D_unif/tau0/r0/excl/k3/r7/ctl-plain,union,E,7,3,plain,h.2.attn.v_proj,196
main/E/union/D_unif/tau0/r0/excl/k3/r7/ctl-plain,union,E,7,3,plain,h.2.mlp.c_fc,880
main/E/union/D_unif/tau0/r0/excl/k3/r7/ctl-plain,union,E,7,3,plain,h.2.mlp.down_proj,921
main/E/union/D_unif/tau0/r0/excl/k3/r7/ctl-plain,union,E,7,3,plain,h.3.attn.k_proj,163
main/E/union/D_unif/tau0/r0/excl/k3/r7/ctl-plain,union,E,7,3,plain,h.3.attn.o_proj,332
main/E/union/D_unif/tau0/r0/excl/k3/r7/ctl-plain,union,E,7,3,plain,h.3.attn.q_proj,166
main/E/union/D_unif/tau0/r0/excl/k3/r7/ctl-plain,union,E,7,3,plain,h.3.attn.v_proj,313
main/E/union/D_unif/tau0/r0/excl/k3/r7/ctl-plain,union,E,7,3,plain,h.3.mlp.c_fc,682
main/E/union/D_unif/tau0/r0/excl/k3/r7/ctl-plain,union,E,7,3,plain,h.3.mlp.down_proj,458
main/E/union/D_unif/tau0/r0/excl/k4/r5/ctl-plain,union,E,5,4,plain,h.1.attn.o_proj,25
main/E/union/D_unif/tau0/r0/excl/k4/r5/ctl-plain,union,E,5,4,plain,h.1.attn.q_proj,8
main/E/union/D_unif/tau0/r0/excl/k4/r5/ctl-plain,union,E,5,4,plain,h.2.attn.q_proj,18
main/E/union/D_unif/tau0/r0/excl/k4/r5/ctl-plain,union,E,5,4,plain,h.2.mlp.c_fc,46
main/E/union/D_unif/tau0/r0/excl/k4/r5/ctl-plain,union,E,5,4,plain,h.2.mlp.down_proj,43
main/E/union/D_unif/tau0/r0/excl/k4/r5/ctl-plain,union,E,5,4,plain,h.3.attn.o_proj,30
main/E/union/D_unif/tau0/r0/excl/k4/r5/ctl-plain,union,E,5,4,plain,h.3.attn.q_proj,7
main/E/union/D_unif/tau0/r0/excl/k4/r5/ctl-plain,union,E,5,4,plain,h.3.attn.v_proj,5
main/E/union/D_unif/tau0/r0/excl/k4/r5/ctl-plain,union,E,5,4,plain,h.3.mlp.c_fc,1
main/E/union/D_unif/tau0/r0/excl/k4/r6/ctl-plain,union,E,6,4,plain,h.0.attn.k_proj,32
main/E/union/D_unif/tau0/r0/excl/k4/r6/ctl-plain,union,E,6,4,plain,h.0.mlp.c_fc,122
main/E/union/D_unif/tau0/r0/excl/k4/r6/ctl-plain,union,E,6,4,plain,h.0.mlp.down_proj,159
main/E/union/D_unif/tau0/r0/excl/k4/r6/ctl-plain,union,E,6,4,plain,h.1.attn.k_proj,50
main/E/union/D_unif/tau0/r0/excl/k4/r6/ctl-plain,union,E,6,4,plain,h.1.attn.o_proj,115
main/E/union/D_unif/tau0/r0/excl/k4/r6/ctl-plain,union,E,6,4,plain,h.1.attn.q_proj,33
main/E/union/D_unif/tau0/r0/excl/k4/r6/ctl-plain,union,E,6,4,plain,h.1.attn.v_proj,102
main/E/union/D_unif/tau0/r0/excl/k4/r6/ctl-plain,union,E,6,4,plain,h.1.mlp.c_fc,169
main/E/union/D_unif/tau0/r0/excl/k4/r6/ctl-plain,union,E,6,4,plain,h.1.mlp.down_proj,207
main/E/union/D_unif/tau0/r0/excl/k4/r6/ctl-plain,union,E,6,4,plain,h.2.attn.k_proj,43
main/E/union/D_unif/tau0/r0/excl/k4/r6/ctl-plain,union,E,6,4,plain,h.2.attn.o_proj,86
main/E/union/D_unif/tau0/r0/excl/k4/r6/ctl-plain,union,E,6,4,plain,h.2.attn.q_proj,53
main/E/union/D_unif/tau0/r0/excl/k4/r6/ctl-plain,union,E,6,4,plain,h.2.attn.v_proj,34
main/E/union/D_unif/tau0/r0/excl/k4/r6/ctl-plain,union,E,6,4,plain,h.2.mlp.c_fc,297
main/E/union/D_unif/tau0/r0/excl/k4/r6/ctl-plain,union,E,6,4,plain,h.2.mlp.down_proj,254
main/E/union/D_unif/tau0/r0/excl/k4/r6/ctl-plain,union,E,6,4,plain,h.3.attn.k_proj,58
main/E/union/D_unif/tau0/r0/excl/k4/r6/ctl-plain,union,E,6,4,plain,h.3.attn.o_proj,124
main/E/union/D_unif/tau0/r0/excl/k4/r6/ctl-plain,union,E,6,4,plain,h.3.attn.q_proj,51
main/E/union/D_unif/tau0/r0/excl/k4/r6/ctl-plain,union,E,6,4,plain,h.3.attn.v_proj,93
main/E/union/D_unif/tau0/r0/excl/k4/r6/ctl-plain,union,E,6,4,plain,h.3.mlp.c_fc,207
main/E/union/D_unif/tau0/r0/excl/k4/r6/ctl-plain,union,E,6,4,plain,h.3.mlp.down_proj,121
main/E/union/D_unif/tau0/r0/excl/k4/r7/ctl-plain,union,E,7,4,plain,h.0.attn.k_proj,130
main/E/union/D_unif/tau0/r0/excl/k4/r7/ctl-plain,union,E,7,4,plain,h.0.attn.o_proj,157
main/E/union/D_unif/tau0/r0/excl/k4/r7/ctl-plain,union,E,7,4,plain,h.0.attn.q_proj,102
main/E/union/D_unif/tau0/r0/excl/k4/r7/ctl-plain,union,E,7,4,plain,h.0.attn.v_proj,131
main/E/union/D_unif/tau0/r0/excl/k4/r7/ctl-plain,union,E,7,4,plain,h.0.mlp.c_fc,586
main/E/union/D_unif/tau0/r0/excl/k4/r7/ctl-plain,union,E,7,4,plain,h.0.mlp.down_proj,636
main/E/union/D_unif/tau0/r0/excl/k4/r7/ctl-plain,union,E,7,4,plain,h.1.attn.k_proj,168
main/E/union/D_unif/tau0/r0/excl/k4/r7/ctl-plain,union,E,7,4,plain,h.1.attn.o_proj,380
main/E/union/D_unif/tau0/r0/excl/k4/r7/ctl-plain,union,E,7,4,plain,h.1.attn.q_proj,118
main/E/union/D_unif/tau0/r0/excl/k4/r7/ctl-plain,union,E,7,4,plain,h.1.attn.v_proj,286
main/E/union/D_unif/tau0/r0/excl/k4/r7/ctl-plain,union,E,7,4,plain,h.1.mlp.c_fc,756
main/E/union/D_unif/tau0/r0/excl/k4/r7/ctl-plain,union,E,7,4,plain,h.1.mlp.down_proj,761
main/E/union/D_unif/tau0/r0/excl/k4/r7/ctl-plain,union,E,7,4,plain,h.2.attn.k_proj,145
main/E/union/D_unif/tau0/r0/excl/k4/r7/ctl-plain,union,E,7,4,plain,h.2.attn.o_proj,218
main/E/union/D_unif/tau0/r0/excl/k4/r7/ctl-plain,union,E,7,4,plain,h.2.attn.q_proj,154
main/E/union/D_unif/tau0/r0/excl/k4/r7/ctl-plain,union,E,7,4,plain,h.2.attn.v_proj,181
main/E/union/D_unif/tau0/r0/excl/k4/r7/ctl-plain,union,E,7,4,plain,h.2.mlp.c_fc,853
main/E/union/D_unif/tau0/r0/excl/k4/r7/ctl-plain,union,E,7,4,plain,h.2.mlp.down_proj,880
main/E/union/D_unif/tau0/r0/excl/k4/r7/ctl-plain,union,E,7,4,plain,h.3.attn.k_proj,158
main/E/union/D_unif/tau0/r0/excl/k4/r7/ctl-plain,union,E,7,4,plain,h.3.attn.o_proj,335
main/E/union/D_unif/tau0/r0/excl/k4/r7/ctl-plain,union,E,7,4,plain,h.3.attn.q_proj,167
main/E/union/D_unif/tau0/r0/excl/k4/r7/ctl-plain,union,E,7,4,plain,h.3.attn.v_proj,310
main/E/union/D_unif/tau0/r0/excl/k4/r7/ctl-plain,union,E,7,4,plain,h.3.mlp.c_fc,678
main/E/union/D_unif/tau0/r0/excl/k4/r7/ctl-plain,union,E,7,4,plain,h.3.mlp.down_proj,447
main/E/union/D_unif/tau0/r0/excl/k5/r5/ctl-plain,union,E,5,5,plain,h.1.attn.k_proj,9
main/E/union/D_unif/tau0/r0/excl/k5/r5/ctl-plain,union,E,5,5,plain,h.1.attn.o_proj,30
main/E/union/D_unif/tau0/r0/excl/k5/r5/ctl-plain,union,E,5,5,plain,h.1.attn.q_proj,5
main/E/union/D_unif/tau0/r0/excl/k5/r5/ctl-plain,union,E,5,5,plain,h.1.attn.v_proj,4
main/E/union/D_unif/tau0/r0/excl/k5/r5/ctl-plain,union,E,5,5,plain,h.2.attn.q_proj,11
main/E/union/D_unif/tau0/r0/excl/k5/r5/ctl-plain,union,E,5,5,plain,h.2.mlp.c_fc,68
main/E/union/D_unif/tau0/r0/excl/k5/r5/ctl-plain,union,E,5,5,plain,h.2.mlp.down_proj,66
main/E/union/D_unif/tau0/r0/excl/k5/r5/ctl-plain,union,E,5,5,plain,h.3.attn.k_proj,4
main/E/union/D_unif/tau0/r0/excl/k5/r5/ctl-plain,union,E,5,5,plain,h.3.attn.o_proj,18
main/E/union/D_unif/tau0/r0/excl/k5/r5/ctl-plain,union,E,5,5,plain,h.3.attn.q_proj,5
main/E/union/D_unif/tau0/r0/excl/k5/r5/ctl-plain,union,E,5,5,plain,h.3.attn.v_proj,22
main/E/union/D_unif/tau0/r0/excl/k5/r6/ctl-plain,union,E,6,5,plain,h.0.attn.k_proj,29
main/E/union/D_unif/tau0/r0/excl/k5/r6/ctl-plain,union,E,6,5,plain,h.0.attn.q_proj,2
main/E/union/D_unif/tau0/r0/excl/k5/r6/ctl-plain,union,E,6,5,plain,h.0.mlp.c_fc,143
main/E/union/D_unif/tau0/r0/excl/k5/r6/ctl-plain,union,E,6,5,plain,h.0.mlp.down_proj,163
main/E/union/D_unif/tau0/r0/excl/k5/r6/ctl-plain,union,E,6,5,plain,h.1.attn.k_proj,42
main/E/union/D_unif/tau0/r0/excl/k5/r6/ctl-plain,union,E,6,5,plain,h.1.attn.o_proj,128
main/E/union/D_unif/tau0/r0/excl/k5/r6/ctl-plain,union,E,6,5,plain,h.1.attn.q_proj,41
main/E/union/D_unif/tau0/r0/excl/k5/r6/ctl-plain,union,E,6,5,plain,h.1.attn.v_proj,92
main/E/union/D_unif/tau0/r0/excl/k5/r6/ctl-plain,union,E,6,5,plain,h.1.mlp.c_fc,219
main/E/union/D_unif/tau0/r0/excl/k5/r6/ctl-plain,union,E,6,5,plain,h.1.mlp.down_proj,213
main/E/union/D_unif/tau0/r0/excl/k5/r6/ctl-plain,union,E,6,5,plain,h.2.attn.k_proj,51
main/E/union/D_unif/tau0/r0/excl/k5/r6/ctl-plain,union,E,6,5,plain,h.2.attn.o_proj,77
main/E/union/D_unif/tau0/r0/excl/k5/r6/ctl-plain,union,E,6,5,plain,h.2.attn.q_proj,55
main/E/union/D_unif/tau0/r0/excl/k5/r6/ctl-plain,union,E,6,5,plain,h.2.attn.v_proj,40
main/E/union/D_unif/tau0/r0/excl/k5/r6/ctl-plain,union,E,6,5,plain,h.2.mlp.c_fc,282
main/E/union/D_unif/tau0/r0/excl/k5/r6/ctl-plain,union,E,6,5,plain,h.2.mlp.down_proj,301
main/E/union/D_unif/tau0/r0/excl/k5/r6/ctl-plain,union,E,6,5,plain,h.3.attn.k_proj,56
main/E/union/D_unif/tau0/r0/excl/k5/r6/ctl-plain,union,E,6,5,plain,h.3.attn.o_proj,115
main/E/union/D_unif/tau0/r0/excl/k5/r6/ctl-plain,union,E,6,5,plain,h.3.attn.q_proj,55
main/E/union/D_unif/tau0/r0/excl/k5/r6/ctl-plain,union,E,6,5,plain,h.3.attn.v_proj,108
main/E/union/D_unif/tau0/r0/excl/k5/r6/ctl-plain,union,E,6,5,plain,h.3.mlp.c_fc,208
main/E/union/D_unif/tau0/r0/excl/k5/r6/ctl-plain,union,E,6,5,plain,h.3.mlp.down_proj,132
main/E/union/D_unif/tau0/r0/excl/k5/r7/ctl-plain,union,E,7,5,plain,h.0.attn.k_proj,122
main/E/union/D_unif/tau0/r0/excl/k5/r7/ctl-plain,union,E,7,5,plain,h.0.attn.o_proj,164
main/E/union/D_unif/tau0/r0/excl/k5/r7/ctl-plain,union,E,7,5,plain,h.0.attn.q_proj,97
main/E/union/D_unif/tau0/r0/excl/k5/r7/ctl-plain,union,E,7,5,plain,h.0.attn.v_proj,102
main/E/union/D_unif/tau0/r0/excl/k5/r7/ctl-plain,union,E,7,5,plain,h.0.mlp.c_fc,582
main/E/union/D_unif/tau0/r0/excl/k5/r7/ctl-plain,union,E,7,5,plain,h.0.mlp.down_proj,604
main/E/union/D_unif/tau0/r0/excl/k5/r7/ctl-plain,union,E,7,5,plain,h.1.attn.k_proj,141
main/E/union/D_unif/tau0/r0/excl/k5/r7/ctl-plain,union,E,7,5,plain,h.1.attn.o_proj,368
main/E/union/D_unif/tau0/r0/excl/k5/r7/ctl-plain,union,E,7,5,plain,h.1.attn.q_proj,137
main/E/union/D_unif/tau0/r0/excl/k5/r7/ctl-plain,union,E,7,5,plain,h.1.attn.v_proj,273
main/E/union/D_unif/tau0/r0/excl/k5/r7/ctl-plain,union,E,7,5,plain,h.1.mlp.c_fc,738
main/E/union/D_unif/tau0/r0/excl/k5/r7/ctl-plain,union,E,7,5,plain,h.1.mlp.down_proj,769
main/E/union/D_unif/tau0/r0/excl/k5/r7/ctl-plain,union,E,7,5,plain,h.2.attn.k_proj,155
main/E/union/D_unif/tau0/r0/excl/k5/r7/ctl-plain,union,E,7,5,plain,h.2.attn.o_proj,231
main/E/union/D_unif/tau0/r0/excl/k5/r7/ctl-plain,union,E,7,5,plain,h.2.attn.q_proj,166
main/E/union/D_unif/tau0/r0/excl/k5/r7/ctl-plain,union,E,7,5,plain,h.2.attn.v_proj,188
main/E/union/D_unif/tau0/r0/excl/k5/r7/ctl-plain,union,E,7,5,plain,h.2.mlp.c_fc,828
main/E/union/D_unif/tau0/r0/excl/k5/r7/ctl-plain,union,E,7,5,plain,h.2.mlp.down_proj,913
main/E/union/D_unif/tau0/r0/excl/k5/r7/ctl-plain,union,E,7,5,plain,h.3.attn.k_proj,159
main/E/union/D_unif/tau0/r0/excl/k5/r7/ctl-plain,union,E,7,5,plain,h.3.attn.o_proj,306
main/E/union/D_unif/tau0/r0/excl/k5/r7/ctl-plain,union,E,7,5,plain,h.3.attn.q_proj,162
main/E/union/D_unif/tau0/r0/excl/k5/r7/ctl-plain,union,E,7,5,plain,h.3.attn.v_proj,293
main/E/union/D_unif/tau0/r0/excl/k5/r7/ctl-plain,union,E,7,5,plain,h.3.mlp.c_fc,646
main/E/union/D_unif/tau0/r0/excl/k5/r7/ctl-plain,union,E,7,5,plain,h.3.mlp.down_proj,430
main/E/union/D_unif/tau0/r0/excl/k6/r4/ctl-plain,union,E,4,6,plain,h.2.attn.q_proj,4
main/E/union/D_unif/tau0/r0/excl/k6/r5/ctl-plain,union,E,5,6,plain,h.1.attn.o_proj,27
main/E/union/D_unif/tau0/r0/excl/k6/r5/ctl-plain,union,E,5,6,plain,h.1.attn.q_proj,7
main/E/union/D_unif/tau0/r0/excl/k6/r5/ctl-plain,union,E,5,6,plain,h.2.attn.k_proj,10
main/E/union/D_unif/tau0/r0/excl/k6/r5/ctl-plain,union,E,5,6,plain,h.2.attn.q_proj,19
main/E/union/D_unif/tau0/r0/excl/k6/r5/ctl-plain,union,E,5,6,plain,h.2.mlp.c_fc,25
main/E/union/D_unif/tau0/r0/excl/k6/r5/ctl-plain,union,E,5,6,plain,h.2.mlp.down_proj,34
main/E/union/D_unif/tau0/r0/excl/k6/r5/ctl-plain,union,E,5,6,plain,h.3.attn.k_proj,2
main/E/union/D_unif/tau0/r0/excl/k6/r5/ctl-plain,union,E,5,6,plain,h.3.attn.o_proj,17
main/E/union/D_unif/tau0/r0/excl/k6/r5/ctl-plain,union,E,5,6,plain,h.3.attn.q_proj,12
main/E/union/D_unif/tau0/r0/excl/k6/r6/ctl-plain,union,E,6,6,plain,h.0.attn.k_proj,27
main/E/union/D_unif/tau0/r0/excl/k6/r6/ctl-plain,union,E,6,6,plain,h.0.attn.q_proj,19
main/E/union/D_unif/tau0/r0/excl/k6/r6/ctl-plain,union,E,6,6,plain,h.0.mlp.c_fc,120
main/E/union/D_unif/tau0/r0/excl/k6/r6/ctl-plain,union,E,6,6,plain,h.0.mlp.down_proj,149
main/E/union/D_unif/tau0/r0/excl/k6/r6/ctl-plain,union,E,6,6,plain,h.1.attn.k_proj,45
main/E/union/D_unif/tau0/r0/excl/k6/r6/ctl-plain,union,E,6,6,plain,h.1.attn.o_proj,123
main/E/union/D_unif/tau0/r0/excl/k6/r6/ctl-plain,union,E,6,6,plain,h.1.attn.q_proj,41
main/E/union/D_unif/tau0/r0/excl/k6/r6/ctl-plain,union,E,6,6,plain,h.1.attn.v_proj,87
main/E/union/D_unif/tau0/r0/excl/k6/r6/ctl-plain,union,E,6,6,plain,h.1.mlp.c_fc,171
main/E/union/D_unif/tau0/r0/excl/k6/r6/ctl-plain,union,E,6,6,plain,h.1.mlp.down_proj,206
main/E/union/D_unif/tau0/r0/excl/k6/r6/ctl-plain,union,E,6,6,plain,h.2.attn.k_proj,50
main/E/union/D_unif/tau0/r0/excl/k6/r6/ctl-plain,union,E,6,6,plain,h.2.attn.o_proj,76
main/E/union/D_unif/tau0/r0/excl/k6/r6/ctl-plain,union,E,6,6,plain,h.2.attn.q_proj,49
main/E/union/D_unif/tau0/r0/excl/k6/r6/ctl-plain,union,E,6,6,plain,h.2.attn.v_proj,44
main/E/union/D_unif/tau0/r0/excl/k6/r6/ctl-plain,union,E,6,6,plain,h.2.mlp.c_fc,279
main/E/union/D_unif/tau0/r0/excl/k6/r6/ctl-plain,union,E,6,6,plain,h.2.mlp.down_proj,289
main/E/union/D_unif/tau0/r0/excl/k6/r6/ctl-plain,union,E,6,6,plain,h.3.attn.k_proj,43
main/E/union/D_unif/tau0/r0/excl/k6/r6/ctl-plain,union,E,6,6,plain,h.3.attn.o_proj,118
main/E/union/D_unif/tau0/r0/excl/k6/r6/ctl-plain,union,E,6,6,plain,h.3.attn.q_proj,63
main/E/union/D_unif/tau0/r0/excl/k6/r6/ctl-plain,union,E,6,6,plain,h.3.attn.v_proj,101
main/E/union/D_unif/tau0/r0/excl/k6/r6/ctl-plain,union,E,6,6,plain,h.3.mlp.c_fc,198
main/E/union/D_unif/tau0/r0/excl/k6/r6/ctl-plain,union,E,6,6,plain,h.3.mlp.down_proj,106
main/E/union/D_unif/tau0/r0/excl/k6/r7/ctl-plain,union,E,7,6,plain,h.0.attn.k_proj,133
main/E/union/D_unif/tau0/r0/excl/k6/r7/ctl-plain,union,E,7,6,plain,h.0.attn.o_proj,154
main/E/union/D_unif/tau0/r0/excl/k6/r7/ctl-plain,union,E,7,6,plain,h.0.attn.q_proj,138
main/E/union/D_unif/tau0/r0/excl/k6/r7/ctl-plain,union,E,7,6,plain,h.0.attn.v_proj,133
main/E/union/D_unif/tau0/r0/excl/k6/r7/ctl-plain,union,E,7,6,plain,h.0.mlp.c_fc,567
main/E/union/D_unif/tau0/r0/excl/k6/r7/ctl-plain,union,E,7,6,plain,h.0.mlp.down_proj,623
main/E/union/D_unif/tau0/r0/excl/k6/r7/ctl-plain,union,E,7,6,plain,h.1.attn.k_proj,142
main/E/union/D_unif/tau0/r0/excl/k6/r7/ctl-plain,union,E,7,6,plain,h.1.attn.o_proj,372
main/E/union/D_unif/tau0/r0/excl/k6/r7/ctl-plain,union,E,7,6,plain,h.1.attn.q_proj,136
main/E/union/D_unif/tau0/r0/excl/k6/r7/ctl-plain,union,E,7,6,plain,h.1.attn.v_proj,263
main/E/union/D_unif/tau0/r0/excl/k6/r7/ctl-plain,union,E,7,6,plain,h.1.mlp.c_fc,782
main/E/union/D_unif/tau0/r0/excl/k6/r7/ctl-plain,union,E,7,6,plain,h.1.mlp.down_proj,757
main/E/union/D_unif/tau0/r0/excl/k6/r7/ctl-plain,union,E,7,6,plain,h.2.attn.k_proj,150
main/E/union/D_unif/tau0/r0/excl/k6/r7/ctl-plain,union,E,7,6,plain,h.2.attn.o_proj,231
main/E/union/D_unif/tau0/r0/excl/k6/r7/ctl-plain,union,E,7,6,plain,h.2.attn.q_proj,179
main/E/union/D_unif/tau0/r0/excl/k6/r7/ctl-plain,union,E,7,6,plain,h.2.attn.v_proj,186
main/E/union/D_unif/tau0/r0/excl/k6/r7/ctl-plain,union,E,7,6,plain,h.2.mlp.c_fc,866
main/E/union/D_unif/tau0/r0/excl/k6/r7/ctl-plain,union,E,7,6,plain,h.2.mlp.down_proj,923
main/E/union/D_unif/tau0/r0/excl/k6/r7/ctl-plain,union,E,7,6,plain,h.3.attn.k_proj,143
main/E/union/D_unif/tau0/r0/excl/k6/r7/ctl-plain,union,E,7,6,plain,h.3.attn.o_proj,311
main/E/union/D_unif/tau0/r0/excl/k6/r7/ctl-plain,union,E,7,6,plain,h.3.attn.q_proj,174
main/E/union/D_unif/tau0/r0/excl/k6/r7/ctl-plain,union,E,7,6,plain,h.3.attn.v_proj,318
main/E/union/D_unif/tau0/r0/excl/k6/r7/ctl-plain,union,E,7,6,plain,h.3.mlp.c_fc,654
main/E/union/D_unif/tau0/r0/excl/k6/r7/ctl-plain,union,E,7,6,plain,h.3.mlp.down_proj,446
main/E/union/D_unif/tau0/r0/excl/k7/r5/ctl-plain,union,E,5,7,plain,h.1.attn.k_proj,15
main/E/union/D_unif/tau0/r0/excl/k7/r5/ctl-plain,union,E,5,7,plain,h.1.attn.o_proj,20
main/E/union/D_unif/tau0/r0/excl/k7/r5/ctl-plain,union,E,5,7,plain,h.1.attn.q_proj,2
main/E/union/D_unif/tau0/r0/excl/k7/r5/ctl-plain,union,E,5,7,plain,h.1.mlp.down_proj,12
main/E/union/D_unif/tau0/r0/excl/k7/r5/ctl-plain,union,E,5,7,plain,h.2.attn.q_proj,19
main/E/union/D_unif/tau0/r0/excl/k7/r5/ctl-plain,union,E,5,7,plain,h.2.mlp.c_fc,23
main/E/union/D_unif/tau0/r0/excl/k7/r5/ctl-plain,union,E,5,7,plain,h.2.mlp.down_proj,12
main/E/union/D_unif/tau0/r0/excl/k7/r5/ctl-plain,union,E,5,7,plain,h.3.attn.k_proj,6
main/E/union/D_unif/tau0/r0/excl/k7/r5/ctl-plain,union,E,5,7,plain,h.3.attn.o_proj,31
main/E/union/D_unif/tau0/r0/excl/k7/r5/ctl-plain,union,E,5,7,plain,h.3.attn.q_proj,7
main/E/union/D_unif/tau0/r0/excl/k7/r5/ctl-plain,union,E,5,7,plain,h.3.attn.v_proj,15
main/E/union/D_unif/tau0/r0/excl/k7/r6/ctl-plain,union,E,6,7,plain,h.0.attn.k_proj,29
main/E/union/D_unif/tau0/r0/excl/k7/r6/ctl-plain,union,E,6,7,plain,h.0.attn.q_proj,1
main/E/union/D_unif/tau0/r0/excl/k7/r6/ctl-plain,union,E,6,7,plain,h.0.mlp.c_fc,93
main/E/union/D_unif/tau0/r0/excl/k7/r6/ctl-plain,union,E,6,7,plain,h.0.mlp.down_proj,180
main/E/union/D_unif/tau0/r0/excl/k7/r6/ctl-plain,union,E,6,7,plain,h.1.attn.k_proj,52
main/E/union/D_unif/tau0/r0/excl/k7/r6/ctl-plain,union,E,6,7,plain,h.1.attn.o_proj,105
main/E/union/D_unif/tau0/r0/excl/k7/r6/ctl-plain,union,E,6,7,plain,h.1.attn.q_proj,38
main/E/union/D_unif/tau0/r0/excl/k7/r6/ctl-plain,union,E,6,7,plain,h.1.attn.v_proj,89
main/E/union/D_unif/tau0/r0/excl/k7/r6/ctl-plain,union,E,6,7,plain,h.1.mlp.c_fc,229
main/E/union/D_unif/tau0/r0/excl/k7/r6/ctl-plain,union,E,6,7,plain,h.1.mlp.down_proj,204
main/E/union/D_unif/tau0/r0/excl/k7/r6/ctl-plain,union,E,6,7,plain,h.2.attn.k_proj,69
main/E/union/D_unif/tau0/r0/excl/k7/r6/ctl-plain,union,E,6,7,plain,h.2.attn.o_proj,81
main/E/union/D_unif/tau0/r0/excl/k7/r6/ctl-plain,union,E,6,7,plain,h.2.attn.q_proj,60
main/E/union/D_unif/tau0/r0/excl/k7/r6/ctl-plain,union,E,6,7,plain,h.2.attn.v_proj,58
main/E/union/D_unif/tau0/r0/excl/k7/r6/ctl-plain,union,E,6,7,plain,h.2.mlp.c_fc,263
main/E/union/D_unif/tau0/r0/excl/k7/r6/ctl-plain,union,E,6,7,plain,h.2.mlp.down_proj,268
main/E/union/D_unif/tau0/r0/excl/k7/r6/ctl-plain,union,E,6,7,plain,h.3.attn.k_proj,57
main/E/union/D_unif/tau0/r0/excl/k7/r6/ctl-plain,union,E,6,7,plain,h.3.attn.o_proj,120
main/E/union/D_unif/tau0/r0/excl/k7/r6/ctl-plain,union,E,6,7,plain,h.3.attn.q_proj,58
main/E/union/D_unif/tau0/r0/excl/k7/r6/ctl-plain,union,E,6,7,plain,h.3.attn.v_proj,102
main/E/union/D_unif/tau0/r0/excl/k7/r6/ctl-plain,union,E,6,7,plain,h.3.mlp.c_fc,215
main/E/union/D_unif/tau0/r0/excl/k7/r6/ctl-plain,union,E,6,7,plain,h.3.mlp.down_proj,113
main/E/union/D_unif/tau0/r0/excl/k7/r7/ctl-plain,union,E,7,7,plain,h.0.attn.k_proj,133
main/E/union/D_unif/tau0/r0/excl/k7/r7/ctl-plain,union,E,7,7,plain,h.0.attn.o_proj,161
main/E/union/D_unif/tau0/r0/excl/k7/r7/ctl-plain,union,E,7,7,plain,h.0.attn.q_proj,121
main/E/union/D_unif/tau0/r0/excl/k7/r7/ctl-plain,union,E,7,7,plain,h.0.attn.v_proj,124
main/E/union/D_unif/tau0/r0/excl/k7/r7/ctl-plain,union,E,7,7,plain,h.0.mlp.c_fc,571
main/E/union/D_unif/tau0/r0/excl/k7/r7/ctl-plain,union,E,7,7,plain,h.0.mlp.down_proj,638
main/E/union/D_unif/tau0/r0/excl/k7/r7/ctl-plain,union,E,7,7,plain,h.1.attn.k_proj,141
main/E/union/D_unif/tau0/r0/excl/k7/r7/ctl-plain,union,E,7,7,plain,h.1.attn.o_proj,374
main/E/union/D_unif/tau0/r0/excl/k7/r7/ctl-plain,union,E,7,7,plain,h.1.attn.q_proj,147
main/E/union/D_unif/tau0/r0/excl/k7/r7/ctl-plain,union,E,7,7,plain,h.1.attn.v_proj,276
main/E/union/D_unif/tau0/r0/excl/k7/r7/ctl-plain,union,E,7,7,plain,h.1.mlp.c_fc,797
main/E/union/D_unif/tau0/r0/excl/k7/r7/ctl-plain,union,E,7,7,plain,h.1.mlp.down_proj,716
main/E/union/D_unif/tau0/r0/excl/k7/r7/ctl-plain,union,E,7,7,plain,h.2.attn.k_proj,170
main/E/union/D_unif/tau0/r0/excl/k7/r7/ctl-plain,union,E,7,7,plain,h.2.attn.o_proj,232
main/E/union/D_unif/tau0/r0/excl/k7/r7/ctl-plain,union,E,7,7,plain,h.2.attn.q_proj,165
main/E/union/D_unif/tau0/r0/excl/k7/r7/ctl-plain,union,E,7,7,plain,h.2.attn.v_proj,181
main/E/union/D_unif/tau0/r0/excl/k7/r7/ctl-plain,union,E,7,7,plain,h.2.mlp.c_fc,860
main/E/union/D_unif/tau0/r0/excl/k7/r7/ctl-plain,union,E,7,7,plain,h.2.mlp.down_proj,898
main/E/union/D_unif/tau0/r0/excl/k7/r7/ctl-plain,union,E,7,7,plain,h.3.attn.k_proj,165
main/E/union/D_unif/tau0/r0/excl/k7/r7/ctl-plain,union,E,7,7,plain,h.3.attn.o_proj,320
main/E/union/D_unif/tau0/r0/excl/k7/r7/ctl-plain,union,E,7,7,plain,h.3.attn.q_proj,166
main/E/union/D_unif/tau0/r0/excl/k7/r7/ctl-plain,union,E,7,7,plain,h.3.attn.v_proj,301
main/E/union/D_unif/tau0/r0/excl/k7/r7/ctl-plain,union,E,7,7,plain,h.3.mlp.c_fc,637
main/E/union/D_unif/tau0/r0/excl/k7/r7/ctl-plain,union,E,7,7,plain,h.3.mlp.down_proj,447
main/E/union/D_unif/tau0/r0/excl/k0/r8/ctl-plain,union,E,8,0,plain,h.0.attn.k_proj,325
main/E/union/D_unif/tau0/r0/excl/k0/r8/ctl-plain,union,E,8,0,plain,h.0.attn.o_proj,457
main/E/union/D_unif/tau0/r0/excl/k0/r8/ctl-plain,union,E,8,0,plain,h.0.attn.q_proj,335
main/E/union/D_unif/tau0/r0/excl/k0/r8/ctl-plain,union,E,8,0,plain,h.0.attn.v_proj,400
main/E/union/D_unif/tau0/r0/excl/k0/r8/ctl-plain,union,E,8,0,plain,h.0.mlp.c_fc,1434
main/E/union/D_unif/tau0/r0/excl/k0/r8/ctl-plain,union,E,8,0,plain,h.0.mlp.down_proj,1939
main/E/union/D_unif/tau0/r0/excl/k0/r8/ctl-plain,union,E,8,0,plain,h.1.attn.k_proj,374
main/E/union/D_unif/tau0/r0/excl/k0/r8/ctl-plain,union,E,8,0,plain,h.1.attn.o_proj,817
main/E/union/D_unif/tau0/r0/excl/k0/r8/ctl-plain,union,E,8,0,plain,h.1.attn.q_proj,400
main/E/union/D_unif/tau0/r0/excl/k0/r8/ctl-plain,union,E,8,0,plain,h.1.attn.v_proj,683
main/E/union/D_unif/tau0/r0/excl/k0/r8/ctl-plain,union,E,8,0,plain,h.1.mlp.c_fc,2291
main/E/union/D_unif/tau0/r0/excl/k0/r8/ctl-plain,union,E,8,0,plain,h.1.mlp.down_proj,2572
main/E/union/D_unif/tau0/r0/excl/k0/r8/ctl-plain,union,E,8,0,plain,h.2.attn.k_proj,306
main/E/union/D_unif/tau0/r0/excl/k0/r8/ctl-plain,union,E,8,0,plain,h.2.attn.o_proj,432
main/E/union/D_unif/tau0/r0/excl/k0/r8/ctl-plain,union,E,8,0,plain,h.2.attn.q_proj,359
main/E/union/D_unif/tau0/r0/excl/k0/r8/ctl-plain,union,E,8,0,plain,h.2.attn.v_proj,442
main/E/union/D_unif/tau0/r0/excl/k0/r8/ctl-plain,union,E,8,0,plain,h.2.mlp.c_fc,2317
main/E/union/D_unif/tau0/r0/excl/k0/r8/ctl-plain,union,E,8,0,plain,h.2.mlp.down_proj,2595
main/E/union/D_unif/tau0/r0/excl/k0/r8/ctl-plain,union,E,8,0,plain,h.3.attn.k_proj,393
main/E/union/D_unif/tau0/r0/excl/k0/r8/ctl-plain,union,E,8,0,plain,h.3.attn.o_proj,671
main/E/union/D_unif/tau0/r0/excl/k0/r8/ctl-plain,union,E,8,0,plain,h.3.attn.q_proj,406
main/E/union/D_unif/tau0/r0/excl/k0/r8/ctl-plain,union,E,8,0,plain,h.3.attn.v_proj,665
main/E/union/D_unif/tau0/r0/excl/k0/r8/ctl-plain,union,E,8,0,plain,h.3.mlp.c_fc,1653
main/E/union/D_unif/tau0/r0/excl/k0/r8/ctl-plain,union,E,8,0,plain,h.3.mlp.down_proj,1351
main/E/rounded_own_g/D_unif/tau0.1/r0/excl/k0/r8/ctl-plain,rounded_own_g,E,8,0,plain,h.0.attn.v_proj,4
main/E/rounded_own_g/D_unif/tau0.1/r0/excl/k0/r8/ctl-plain,rounded_own_g,E,8,0,plain,h.0.mlp.c_fc,1
main/E/rounded_own_g/D_unif/tau0.1/r0/excl/k0/r8/ctl-plain,rounded_own_g,E,8,0,plain,h.1.attn.v_proj,1
main/E/rounded_own_g/D_unif/tau0.1/r0/excl/k0/r8/ctl-plain,rounded_own_g,E,8,0,plain,h.2.attn.k_proj,1
