set	seq	label	confidence
D_unif	0	prose	sure
D_unif	1	prose	sure
D_unif	2	prose	sure
D_unif	3	prose	sure
D_unif	4	code	unsure
D_unif	5	prose	sure
D_unif	6	prose	sure
D_unif	7	prose	sure
D_unif	8	prose	sure
D_unif	9	code	sure
D_unif	10	prose	sure
D_unif	11	prose	unsure
D_unif	12	prose	sure
D_unif	13	prose	sure
D_unif	14	prose	unsure
D_unif	15	prose	sure
D_unif	16	other	sure
D_unif	17	prose	sure
D_unif	18	prose	sure
D_unif	19	code	sure
D_unif	20	code	unsure
D_unif	21	other	sure
D_unif	22	prose	sure
D_unif	23	prose	sure
D_unif	24	prose	sure
D_unif	25	prose	sure
D_unif	26	prose	unsure
D_unif	27	prose	sure
D_unif	28	prose	sure
D_unif	29	prose	sure
D_unif	30	prose	sure
D_unif	31	other	unsure
D_unif	32	prose	unsure
D_unif	33	other	sure
D_unif	34	prose	sure
D_unif	35	prose	sure
D_unif	36	prose	sure
D_unif	37	mixed	unsure
D_unif	38	prose	unsure
D_unif	39	prose	sure
D_unif	40	prose	sure
D_unif	41	prose	sure
D_unif	42	prose	sure
D_unif	43	prose	unsure
D_unif	44	prose	sure
D_unif	45	prose	sure
D_unif	46	prose	sure
D_unif	47	other	unsure
D_unif	48	prose	sure
D_unif	49	prose	sure
D_unif	50	prose	sure
D_unif	51	prose	sure
D_unif	52	other	unsure
D_unif	53	other	sure
D_unif	54	prose	sure
D_unif	55	prose	sure
D_unif	56	prose	sure
D_unif	57	prose	sure
D_unif	58	other	sure
D_unif	59	code	sure
D_unif	60	code	unsure
D_unif	61	prose	sure
D_unif	62	other	sure
D_unif	63	prose	sure
D_unif	64	mixed	unsure
D_unif	65	prose	sure
D_unif	66	other	sure
D_unif	67	prose	sure
D_unif	68	prose	sure
D_unif	69	prose	sure
D_unif	70	prose	unsure
D_unif	71	other	sure
D_unif	72	other	sure
D_unif	73	code	sure
D_unif	74	prose	unsure
D_unif	75	prose	sure
D_unif	76	other	sure
D_unif	77	prose	sure
D_unif	78	prose	sure
D_unif	79	prose	sure
D_unif	80	prose	sure
D_unif	81	prose	sure
D_unif	82	prose	unsure
D_unif	83	prose	sure
D_unif	84	prose	sure
D_unif	85	prose	sure
D_unif	86	prose	sure
D_unif	87	prose	sure
D_unif	88	mixed	sure
D_unif	89	other	unsure
D_unif	90	prose	sure
D_unif	91	prose	unsure
D_unif	92	prose	sure
D_unif	93	prose	sure
D_unif	94	prose	sure
D_unif	95	code	sure
D_unif	96	other	sure
D_unif	97	prose	sure
D_unif	98	code	sure
D_unif	99	prose	sure
D_unif	100	prose	sure
D_unif	101	code	sure
D_unif	102	prose	sure
D_unif	103	prose	sure
D_unif	104	prose	sure
D_unif	105	prose	sure
D_unif	106	prose	sure
D_unif	107	prose	sure
D_unif	108	prose	sure
D_unif	109	other	sure
D_unif	110	other	sure
D_unif	111	prose	sure
D_unif	112	code	sure
D_unif	113	mixed	unsure
D_unif	114	code	sure
D_unif	115	code	sure
D_unif	116	other	unsure
D_unif	117	other	unsure
D_unif	118	prose	sure
D_unif	119	mixed	unsure
D_unif	120	prose	sure
D_unif	121	prose	sure
D_unif	122	prose	sure
D_unif	123	prose	sure
D_unif	124	prose	sure
D_unif	125	other	sure
D_unif	126	prose	sure
D_unif	127	other	sure
D_unif	128	prose	sure
D_unif	129	prose	sure
D_unif	130	prose	sure
D_unif	131	prose	sure
D_unif	132	prose	sure
D_unif	133	prose	unsure
D_unif	134	prose	sure
D_unif	135	prose	sure
D_unif	136	prose	sure
D_unif	137	prose	sure
D_unif	138	code	sure
D_unif	139	prose	sure
D_unif	140	prose	sure
D_unif	141	prose	sure
D_unif	142	prose	sure
D_unif	143	other	sure
D_unif	144	prose	sure
D_unif	145	prose	sure
D_unif	146	prose	sure
D_unif	147	prose	sure
D_unif	148	code	sure
D_unif	149	prose	sure
D_unif	150	prose	sure
D_unif	151	prose	sure
D_unif	152	prose	sure
D_unif	153	prose	sure
D_unif	154	other	sure
D_unif	155	prose	sure
D_unif	156	prose	unsure
D_unif	157	code	sure
D_unif	158	prose	sure
D_unif	159	prose	sure
D_unif	160	prose	unsure
D_unif	161	prose	sure
D_unif	162	code	sure
D_unif	163	other	sure
D_unif	164	code	sure
D_unif	165	prose	sure
D_unif	166	prose	sure
D_unif	167	other	sure
D_unif	168	prose	sure
D_unif	169	prose	sure
D_unif	170	prose	unsure
D_unif	171	code	sure
D_unif	172	prose	sure
D_unif	173	prose	sure
D_unif	174	prose	sure
D_unif	175	other	unsure
D_unif	176	other	sure
D_unif	177	prose	sure
D_unif	178	prose	sure
D_unif	179	prose	sure
D_unif	180	code	sure
D_unif	181	prose	sure
D_unif	182	prose	sure
D_unif	183	prose	sure
D_unif	184	prose	sure
D_unif	185	prose	sure
D_unif	186	prose	sure
D_unif	187	prose	unsure
D_unif	188	prose	sure
D_unif	189	prose	unsure
D_unif	190	prose	unsure
D_unif	191	prose	unsure
D_unif	192	prose	unsure
D_unif	193	prose	sure
D_unif	194	prose	sure
D_unif	195	prose	sure
D_unif	196	other	sure
D_unif	197	prose	sure
D_unif	198	other	unsure
D_unif	199	prose	sure
D_unif	200	prose	sure
D_unif	201	other	sure
D_unif	202	prose	sure
D_unif	203	prose	sure
D_unif	204	prose	sure
D_unif	205	other	sure
D_unif	206	other	sure
D_unif	207	prose	sure
D_unif	208	mixed	sure
D_unif	209	prose	sure
D_unif	210	other	sure
D_unif	211	prose	sure
D_unif	212	prose	unsure
D_unif	213	prose	sure
D_unif	214	prose	unsure
D_unif	215	code	sure
D_unif	216	prose	sure
D_unif	217	prose	unsure
D_unif	218	prose	sure
D_unif	219	other	sure
D_unif	220	prose	sure
D_unif	221	prose	sure
D_unif	222	other	unsure
D_unif	223	prose	sure
D_unif	224	prose	sure
D_unif	225	prose	sure
D_unif	226	prose	sure
D_unif	227	prose	sure
D_unif	228	prose	sure
D_unif	229	prose	sure
D_unif	230	prose	sure
D_unif	231	other	unsure
D_unif	232	prose	sure
D_unif	233	other	unsure
D_unif	234	prose	unsure
D_unif	235	code	sure
D_unif	236	prose	sure
D_unif	237	prose	sure
D_unif	238	prose	unsure
D_unif	239	other	sure
D_unif	240	prose	sure
D_unif	241	prose	sure
D_unif	242	prose	sure
D_unif	243	prose	sure
D_unif	244	prose	sure
D_unif	245	prose	sure
D_unif	246	other	sure
D_unif	247	prose	sure
D_unif	248	prose	unsure
D_unif	249	prose	sure
D_unif	250	prose	unsure
D_unif	251	other	sure
D_unif	252	other	sure
D_unif	253	prose	sure
D_unif	254	prose	sure
D_unif	255	prose	sure
D_unif	256	prose	unsure
D_unif	257	prose	sure
D_unif	258	prose	sure
D_unif	259	prose	sure
D_unif	260	prose	sure
D_unif	261	code	sure
D_unif	262	prose	sure
D_unif	263	code	sure
D_unif	264	prose	sure
D_unif	265	mixed	unsure
D_unif	266	prose	unsure
D_unif	267	prose	sure
D_unif	268	prose	sure
D_unif	269	prose	sure
D_unif	270	prose	sure
D_unif	271	prose	sure
D_unif	272	prose	sure
D_unif	273	prose	sure
D_unif	274	prose	unsure
D_unif	275	code	unsure
D_unif	276	prose	sure
D_unif	277	prose	unsure
D_unif	278	prose	sure
D_unif	279	prose	sure
D_unif	280	prose	sure
D_unif	281	other	unsure
D_unif	282	other	sure
D_unif	283	prose	sure
D_unif	284	prose	sure
D_unif	285	prose	sure
D_unif	286	prose	sure
D_unif	287	prose	sure
D_unif	288	other	unsure
D_unif	289	prose	sure
D_unif	290	other	sure
D_unif	291	other	unsure
D_unif	292	prose	unsure
D_unif	293	prose	sure
D_unif	294	prose	sure
D_unif	295	code	sure
D_unif	296	prose	sure
D_unif	297	prose	sure
D_unif	298	prose	sure
D_unif	299	prose	sure
D_unif	300	prose	sure
D_unif	301	other	unsure
D_unif	302	prose	sure
D_unif	303	code	unsure
D_unif	304	prose	sure
D_unif	305	prose	unsure
D_unif	306	prose	sure
D_unif	307	other	sure
D_unif	308	prose	sure
D_unif	309	prose	unsure
D_unif	310	other	unsure
D_unif	311	prose	sure
D_unif	312	prose	sure
D_unif	313	code	sure
D_unif	314	prose	sure
D_unif	315	prose	unsure
D_unif	316	prose	unsure
D_unif	317	prose	sure
D_unif	318	prose	sure
D_unif	319	prose	sure
D_unif	320	prose	sure
D_unif	321	prose	sure
D_unif	322	prose	sure
D_unif	323	prose	unsure
D_unif	324	prose	sure
D_unif	325	prose	sure
D_unif	326	prose	sure
D_unif	327	prose	sure
D_unif	328	prose	sure
D_unif	329	other	unsure
D_unif	330	prose	sure
D_unif	331	prose	sure
D_unif	332	prose	sure
D_unif	333	prose	sure
D_unif	334	prose	sure
D_unif	335	prose	sure
D_unif	336	prose	unsure
D_unif	337	prose	sure
D_unif	338	prose	sure
D_unif	339	prose	unsure
D_unif	340	code	sure
D_unif	341	prose	sure
D_unif	342	prose	sure
D_unif	343	code	sure
D_unif	344	prose	unsure
D_unif	345	other	sure
D_unif	346	prose	sure
D_unif	347	prose	sure
D_unif	348	prose	sure
D_unif	349	prose	sure
D_unif	350	prose	sure
D_unif	351	prose	sure
D_unif	352	prose	sure
D_unif	353	prose	sure
D_unif	354	prose	sure
D_unif	355	other	unsure
D_unif	356	prose	sure
D_unif	357	prose	unsure
D_unif	358	other	unsure
D_unif	359	prose	sure
D_unif	360	prose	sure
D_unif	361	prose	sure
D_unif	362	prose	unsure
D_unif	363	prose	unsure
D_unif	364	code	sure
D_unif	365	code	sure
D_unif	366	prose	sure
D_unif	367	other	unsure
D_unif	368	other	unsure
D_unif	369	prose	sure
D_unif	370	code	unsure
D_unif	371	prose	sure
D_unif	372	prose	sure
D_unif	373	prose	sure
D_unif	374	prose	unsure
D_unif	375	other	sure
D_unif	376	prose	unsure
D_unif	377	prose	sure
D_unif	378	prose	sure
D_unif	379	other	sure
D_unif	380	prose	sure
D_unif	381	prose	sure
D_unif	382	prose	sure
D_unif	383	prose	sure
D_unif	384	prose	sure
D_unif	385	other	unsure
D_unif	386	code	sure
D_unif	387	prose	unsure
D_unif	388	other	unsure
D_unif	389	prose	sure
D_unif	390	prose	sure
D_unif	391	other	sure
D_unif	392	code	sure
D_unif	393	prose	sure
D_unif	394	other	unsure
D_unif	395	prose	sure
D_unif	396	other	sure
D_unif	397	other	sure
D_unif	398	prose	sure
D_unif	399	prose	sure
D_unif	400	prose	sure
D_unif	401	prose	sure
D_unif	402	prose	sure
D_unif	403	code	sure
D_unif	404	prose	sure
D_unif	405	code	unsure
D_unif	406	prose	sure
D_unif	407	mixed	sure
D_unif	408	prose	sure
D_unif	409	prose	unsure
D_unif	410	other	sure
D_unif	411	prose	sure
D_unif	412	mixed	unsure
D_unif	413	prose	sure
D_unif	414	prose	sure
D_unif	415	code	sure
D_unif	416	code	sure
D_unif	417	other	sure
D_unif	418	prose	sure
D_unif	419	prose	sure
D_unif	420	code	sure
D_unif	421	other	sure
D_unif	422	code	sure
D_unif	423	prose	sure
D_unif	424	prose	unsure
D_unif	425	mixed	unsure
D_unif	426	prose	sure
D_unif	427	prose	sure
D_unif	428	prose	sure
D_unif	429	prose	sure
D_unif	430	prose	sure
D_unif	431	code	sure
D_unif	432	prose	unsure
D_unif	433	prose	sure
D_unif	434	prose	unsure
D_unif	435	other	sure
D_unif	436	prose	sure
D_unif	437	prose	sure
D_unif	438	prose	sure
D_unif	439	code	sure
D_unif	440	prose	sure
D_unif	441	prose	sure
D_unif	442	code	sure
D_unif	443	prose	sure
D_unif	444	other	unsure
D_unif	445	code	sure
D_unif	446	prose	sure
D_unif	447	prose	sure
D_unif	448	prose	sure
D_unif	449	prose	sure
D_unif	450	code	sure
D_unif	451	prose	unsure
D_unif	452	code	sure
D_unif	453	code	sure
D_unif	454	other	unsure
D_unif	455	prose	sure
D_unif	456	prose	sure
D_unif	457	prose	sure
D_unif	458	prose	sure
D_unif	459	prose	sure
D_unif	460	prose	sure
D_unif	461	mixed	unsure
D_unif	462	prose	sure
D_unif	463	other	sure
D_unif	464	prose	sure
D_unif	465	prose	sure
D_unif	466	mixed	unsure
D_unif	467	prose	sure
D_unif	468	code	sure
D_unif	469	prose	sure
D_unif	470	code	sure
D_unif	471	prose	sure
D_unif	472	prose	sure
D_unif	473	code	sure
D_unif	474	prose	sure
D_unif	475	prose	sure
D_unif	476	prose	sure
D_unif	477	other	sure
D_unif	478	prose	sure
D_unif	479	code	sure
D_unif	480	prose	unsure
D_unif	481	prose	unsure
D_unif	482	other	sure
D_unif	483	prose	sure
D_unif	484	prose	sure
D_unif	485	prose	sure
D_unif	486	prose	sure
D_unif	487	other	sure
D_unif	488	other	unsure
D_unif	489	prose	sure
D_unif	490	code	sure
D_unif	491	prose	sure
D_unif	492	prose	sure
D_unif	493	prose	sure
D_unif	494	prose	sure
D_unif	495	prose	unsure
D_unif	496	other	sure
D_unif	497	prose	unsure
D_unif	498	prose	unsure
D_unif	499	code	sure
D_unif	500	other	sure
D_unif	501	prose	unsure
D_unif	502	prose	sure
D_unif	503	other	sure
D_unif	504	mixed	unsure
D_unif	505	prose	sure
D_unif	506	prose	sure
D_unif	507	prose	sure
D_unif	508	prose	sure
D_unif	509	prose	sure
D_unif	510	prose	sure
D_unif	511	prose	sure
D_unif	512	prose	sure
D_unif	513	code	sure
D_unif	514	prose	sure
D_unif	515	code	sure
D_unif	516	prose	sure
D_unif	517	prose	sure
D_unif	518	prose	sure
D_unif	519	prose	sure
D_unif	520	prose	sure
D_unif	521	prose	sure
D_unif	522	other	unsure
D_unif	523	prose	unsure
D_unif	524	prose	sure
D_unif	525	prose	sure
D_unif	526	prose	sure
D_unif	527	other	sure
D_unif	528	prose	sure
D_unif	529	prose	sure
D_unif	530	prose	sure
D_unif	531	mixed	unsure
D_unif	532	prose	sure
D_unif	533	prose	sure
D_unif	534	prose	sure
D_unif	535	code	sure
D_unif	536	prose	sure
D_unif	537	mixed	unsure
D_unif	538	prose	sure
D_unif	539	other	unsure
D_unif	540	code	sure
D_unif	541	prose	sure
D_unif	542	other	unsure
D_unif	543	prose	sure
D_unif	544	prose	sure
D_unif	545	code	sure
D_unif	546	prose	sure
D_unif	547	prose	sure
D_unif	548	other	sure
D_unif	549	prose	sure
D_unif	550	prose	sure
D_unif	551	other	unsure
D_unif	552	prose	unsure
D_unif	553	other	unsure
D_unif	554	other	sure
D_unif	555	other	sure
D_unif	556	prose	sure
D_unif	557	prose	sure
D_unif	558	code	sure
D_unif	559	prose	sure
D_unif	560	prose	sure
D_unif	561	prose	sure
D_unif	562	prose	sure
D_unif	563	prose	sure
D_unif	564	code	unsure
D_unif	565	prose	unsure
D_unif	566	prose	unsure
D_unif	567	mixed	unsure
D_unif	568	code	sure
D_unif	569	prose	sure
D_unif	570	prose	sure
D_unif	571	code	unsure
D_unif	572	other	unsure
D_unif	573	prose	sure
D_unif	574	prose	sure
D_unif	575	prose	sure
D_unif	576	other	sure
D_unif	577	prose	sure
D_unif	578	code	sure
D_unif	579	prose	sure
D_unif	580	prose	sure
D_unif	581	prose	unsure
D_unif	582	prose	unsure
D_unif	583	other	unsure
D_unif	584	other	unsure
D_unif	585	prose	sure
D_unif	586	prose	sure
D_unif	587	prose	sure
D_unif	588	prose	sure
D_unif	589	prose	sure
D_unif	590	prose	unsure
D_unif	591	prose	sure
D_unif	592	code	sure
D_unif	593	prose	sure
D_unif	594	prose	sure
D_unif	595	prose	sure
D_unif	596	prose	sure
D_unif	597	prose	sure
D_unif	598	prose	sure
D_unif	599	prose	sure
D_unif	600	prose	unsure
D_unif	601	prose	sure
D_unif	602	prose	sure
D_unif	603	prose	sure
D_unif	604	prose	sure
D_unif	605	other	sure
D_unif	606	other	unsure
D_unif	607	prose	sure
D_unif	608	prose	sure
D_unif	609	prose	sure
D_unif	610	other	sure
D_unif	611	prose	sure
D_unif	612	prose	sure
D_unif	613	code	sure
D_unif	614	prose	unsure
D_unif	615	prose	sure
D_unif	616	other	sure
D_unif	617	other	unsure
D_unif	618	other	sure
D_unif	619	prose	sure
D_unif	620	mixed	unsure
D_unif	621	prose	sure
D_unif	622	prose	sure
D_unif	623	prose	sure
D_unif	624	other	sure
D_unif	625	prose	sure
D_unif	626	prose	sure
D_unif	627	prose	sure
D_unif	628	prose	sure
D_unif	629	prose	unsure
D_unif	630	code	sure
D_unif	631	prose	unsure
D_unif	632	prose	unsure
D_unif	633	prose	unsure
D_unif	634	other	unsure
D_unif	635	code	sure
D_unif	636	prose	sure
D_unif	637	prose	sure
D_unif	638	prose	sure
D_unif	639	prose	sure
D_unif	640	code	sure
D_unif	641	prose	sure
D_unif	642	code	sure
D_unif	643	prose	sure
D_unif	644	prose	sure
D_unif	645	prose	sure
D_unif	646	other	unsure
D_unif	647	code	sure
D_unif	648	prose	sure
D_unif	649	other	sure
D_unif	650	other	sure
D_unif	651	prose	sure
D_unif	652	prose	sure
D_unif	653	prose	sure
D_unif	654	prose	sure
D_unif	655	prose	sure
D_unif	656	prose	sure
D_unif	657	prose	sure
D_unif	658	other	sure
D_unif	659	code	sure
D_unif	660	prose	sure
D_unif	661	prose	unsure
D_unif	662	prose	sure
D_unif	663	code	sure
D_unif	664	prose	sure
D_unif	665	other	unsure
D_unif	666	prose	unsure
D_unif	667	prose	sure
D_unif	668	prose	sure
D_unif	669	mixed	unsure
D_unif	670	prose	sure
D_unif	671	mixed	unsure
D_unif	672	prose	sure
D_unif	673	prose	sure
D_unif	674	prose	sure
D_unif	675	prose	sure
D_unif	676	prose	sure
D_unif	677	other	sure
D_unif	678	other	sure
D_unif	679	other	sure
D_unif	680	code	sure
D_unif	681	prose	sure
D_unif	682	prose	sure
D_unif	683	prose	sure
D_unif	684	prose	sure
D_unif	685	prose	sure
D_unif	686	code	sure
D_unif	687	code	sure
D_unif	688	prose	sure
D_unif	689	prose	sure
D_unif	690	other	sure
D_unif	691	prose	sure
D_unif	692	prose	unsure
D_unif	693	prose	sure
D_unif	694	other	sure
D_unif	695	prose	sure
D_unif	696	prose	sure
D_unif	697	prose	sure
D_unif	698	prose	sure
D_unif	699	code	unsure
D_unif	700	prose	sure
D_unif	701	code	sure
D_unif	702	prose	sure
D_unif	703	code	sure
D_unif	704	prose	sure
D_unif	705	prose	sure
D_unif	706	prose	sure
D_unif	707	other	sure
D_unif	708	prose	sure
D_unif	709	prose	sure
D_unif	710	prose	sure
D_unif	711	prose	sure
D_unif	712	prose	sure
D_unif	713	prose	sure
D_unif	714	other	unsure
D_unif	715	code	sure
D_unif	716	prose	sure
D_unif	717	prose	sure
D_unif	718	prose	sure
D_unif	719	prose	unsure
D_unif	720	prose	sure
D_unif	721	prose	sure
D_unif	722	other	sure
D_unif	723	code	sure
D_unif	724	code	sure
D_unif	725	prose	sure
D_unif	726	code	sure
D_unif	727	prose	sure
D_unif	728	prose	sure
D_unif	729	prose	sure
D_unif	730	other	sure
D_unif	731	prose	sure
D_unif	732	prose	sure
D_unif	733	other	unsure
D_unif	734	other	sure
D_unif	735	prose	sure
D_unif	736	code	sure
D_unif	737	prose	sure
D_unif	738	prose	sure
D_unif	739	prose	sure
D_unif	740	prose	sure
D_unif	741	prose	sure
D_unif	742	other	sure
D_unif	743	code	sure
D_unif	744	prose	sure
D_unif	745	prose	sure
D_unif	746	prose	sure
D_unif	747	prose	sure
D_unif	748	code	sure
D_unif	749	code	sure
D_unif	750	prose	sure
D_unif	751	prose	sure
D_unif	752	other	unsure
D_unif	753	prose	sure
D_unif	754	other	sure
D_unif	755	code	unsure
D_unif	756	prose	sure
D_unif	757	prose	sure
D_unif	758	prose	sure
D_unif	759	prose	sure
D_unif	760	prose	sure
D_unif	761	prose	sure
D_unif	762	prose	sure
D_unif	763	prose	sure
D_unif	764	prose	sure
D_unif	765	prose	sure
D_unif	766	prose	sure
D_unif	767	prose	sure
D_unif	768	prose	sure
D_unif	769	other	sure
D_unif	770	prose	unsure
D_unif	771	code	sure
D_unif	772	prose	sure
D_unif	773	prose	sure
D_unif	774	prose	sure
D_unif	775	prose	unsure
D_unif	776	prose	sure
D_unif	777	prose	sure
D_unif	778	prose	sure
D_unif	779	prose	sure
D_unif	780	mixed	unsure
D_unif	781	prose	sure
D_unif	782	code	sure
D_unif	783	code	sure
D_unif	784	code	sure
D_unif	785	prose	sure
D_unif	786	prose	sure
D_unif	787	prose	sure
D_unif	788	other	sure
D_unif	789	prose	sure
D_unif	790	prose	sure
D_unif	791	prose	sure
D_unif	792	prose	sure
D_unif	793	other	sure
D_unif	794	code	sure
D_unif	795	code	sure
D_unif	796	prose	sure
D_unif	797	mixed	unsure
D_unif	798	prose	sure
D_unif	799	prose	sure
D_unif	800	code	sure
D_unif	801	prose	sure
D_unif	802	other	sure
D_unif	803	code	unsure
D_unif	804	prose	sure
D_unif	805	code	unsure
D_unif	806	code	sure
D_unif	807	code	sure
D_unif	808	prose	sure
D_unif	809	prose	sure
D_unif	810	prose	sure
D_unif	811	other	sure
D_unif	812	prose	sure
D_unif	813	code	sure
D_unif	814	prose	sure
D_unif	815	prose	sure
D_unif	816	prose	sure
D_unif	817	other	sure
D_unif	818	prose	unsure
D_unif	819	other	sure
D_unif	820	prose	sure
D_unif	821	prose	sure
D_unif	822	prose	sure
D_unif	823	prose	sure
D_unif	824	prose	sure
D_unif	825	prose	unsure
D_unif	826	prose	sure
D_unif	827	prose	sure
D_unif	828	prose	sure
D_unif	829	other	sure
D_unif	830	prose	sure
D_unif	831	other	sure
D_unif	832	code	sure
D_unif	833	prose	sure
D_unif	834	prose	sure
D_unif	835	code	sure
D_unif	836	prose	unsure
D_unif	837	mixed	unsure
D_unif	838	prose	sure
D_unif	839	other	sure
D_unif	840	code	sure
D_unif	841	prose	sure
D_unif	842	other	unsure
D_unif	843	prose	sure
D_unif	844	code	sure
D_unif	845	code	sure
D_unif	846	prose	sure
D_unif	847	prose	sure
D_unif	848	prose	sure
D_unif	849	prose	sure
D_unif	850	prose	unsure
D_unif	851	prose	sure
D_unif	852	prose	sure
D_unif	853	prose	sure
D_unif	854	prose	sure
D_unif	855	prose	sure
D_unif	856	prose	sure
D_unif	857	prose	sure
D_unif	858	prose	unsure
D_unif	859	other	sure
D_unif	860	prose	sure
D_unif	861	prose	unsure
D_unif	862	other	sure
D_unif	863	other	unsure
D_unif	864	prose	unsure
D_unif	865	prose	sure
D_unif	866	prose	sure
D_unif	867	prose	sure
D_unif	868	prose	sure
D_unif	869	other	sure
D_unif	870	other	unsure
D_unif	871	prose	unsure
D_unif	872	other	sure
D_unif	873	prose	sure
D_unif	874	prose	sure
D_unif	875	other	sure
D_unif	876	prose	sure
D_unif	877	prose	unsure
D_unif	878	mixed	unsure
D_unif	879	prose	sure
D_unif	880	code	sure
D_unif	881	prose	sure
D_unif	882	other	sure
D_unif	883	code	unsure
D_unif	884	code	sure
D_unif	885	prose	sure
D_unif	886	other	sure
D_unif	887	prose	sure
D_unif	888	code	sure
D_unif	889	prose	unsure
D_unif	890	prose	sure
D_unif	891	other	sure
D_unif	892	prose	sure
D_unif	893	prose	sure
D_unif	894	prose	sure
D_unif	895	code	sure
D_unif	896	other	unsure
D_unif	897	prose	sure
D_unif	898	prose	sure
D_unif	899	prose	sure
D_unif	900	prose	unsure
D_unif	901	code	sure
D_unif	902	other	sure
D_unif	903	prose	sure
D_unif	904	other	unsure
D_unif	905	prose	sure
D_unif	906	prose	sure
D_unif	907	prose	sure
D_unif	908	other	unsure
D_unif	909	code	sure
D_unif	910	prose	unsure
D_unif	911	mixed	unsure
D_unif	912	code	sure
D_unif	913	code	sure
D_unif	914	other	sure
D_unif	915	other	sure
D_unif	916	code	sure
D_unif	917	prose	sure
D_unif	918	prose	sure
D_unif	919	prose	sure
D_unif	920	prose	sure
D_unif	921	prose	sure
D_unif	922	prose	sure
D_unif	923	code	sure
D_unif	924	prose	sure
D_unif	925	prose	sure
D_unif	926	prose	unsure
D_unif	927	prose	sure
D_unif	928	other	sure
D_unif	929	prose	sure
D_unif	930	other	unsure
D_unif	931	prose	sure
D_unif	932	other	sure
D_unif	933	mixed	unsure
D_unif	934	prose	sure
D_unif	935	code	unsure
D_unif	936	prose	unsure
D_unif	937	prose	sure
D_unif	938	prose	sure
D_unif	939	prose	sure
D_unif	940	other	unsure
D_unif	941	prose	sure
D_unif	942	prose	sure
D_unif	943	prose	sure
D_unif	944	other	sure
D_unif	945	prose	sure
D_unif	946	prose	sure
D_unif	947	prose	sure
D_unif	948	other	unsure
D_unif	949	prose	sure
D_unif	950	code	sure
D_unif	951	prose	sure
D_unif	952	other	sure
D_unif	953	prose	sure
D_unif	954	prose	sure
D_unif	955	prose	sure
D_unif	956	prose	sure
D_unif	957	prose	sure
D_unif	958	prose	sure
D_unif	959	prose	sure
D_unif	960	other	unsure
D_unif	961	prose	sure
D_unif	962	prose	unsure
D_unif	963	prose	sure
D_unif	964	prose	sure
D_unif	965	prose	sure
D_unif	966	prose	sure
D_unif	967	prose	sure
D_unif	968	prose	sure
D_unif	969	prose	sure
D_unif	970	prose	sure
D_unif	971	prose	sure
D_unif	972	prose	unsure
D_unif	973	prose	sure
D_unif	974	prose	unsure
D_unif	975	prose	unsure
D_unif	976	prose	sure
D_unif	977	other	unsure
D_unif	978	prose	sure
D_unif	979	prose	sure
D_unif	980	prose	sure
D_unif	981	other	unsure
D_unif	982	prose	sure
D_unif	983	prose	sure
D_unif	984	prose	sure
D_unif	985	prose	sure
D_unif	986	prose	sure
D_unif	987	other	unsure
D_unif	988	prose	sure
D_unif	989	prose	sure
D_unif	990	code	sure
D_unif	991	prose	sure
D_unif	992	prose	sure
D_unif	993	other	sure
D_unif	994	prose	sure
D_unif	995	prose	sure
D_unif	996	prose	sure
D_unif	997	prose	sure
D_unif	998	prose	sure
D_unif	999	prose	unsure
D_unif	1000	other	unsure
D_unif	1001	other	unsure
D_unif	1002	prose	sure
D_unif	1003	prose	sure
D_unif	1004	prose	sure
D_unif	1005	prose	sure
D_unif	1006	other	sure
D_unif	1007	code	unsure
D_unif	1008	prose	sure
D_unif	1009	other	sure
D_unif	1010	prose	sure
D_unif	1011	prose	sure
D_unif	1012	prose	sure
D_unif	1013	code	sure
D_unif	1014	prose	sure
D_unif	1015	prose	sure
D_unif	1016	other	unsure
D_unif	1017	prose	sure
D_unif	1018	prose	sure
D_unif	1019	code	sure
D_unif	1020	prose	sure
D_unif	1021	other	sure
D_unif	1022	prose	sure
D_unif	1023	prose	sure
E	0	prose	sure
E	1	code	unsure
E	2	other	sure
E	3	other	unsure
E	4	prose	sure
E	5	prose	sure
E	6	prose	unsure
E	7	prose	sure
E	8	code	sure
E	9	prose	sure
E	10	prose	sure
E	11	prose	sure
E	12	prose	sure
E	13	other	unsure
E	14	prose	sure
E	15	prose	sure
E	16	prose	sure
E	17	code	sure
E	18	prose	unsure
E	19	prose	sure
E	20	prose	sure
E	21	prose	sure
E	22	prose	unsure
E	23	code	sure
E	24	code	sure
E	25	prose	unsure
E	26	prose	sure
E	27	prose	sure
E	28	prose	sure
E	29	prose	unsure
E	30	prose	sure
E	31	prose	unsure
E	32	mixed	unsure
E	33	mixed	unsure
E	34	other	unsure
E	35	other	unsure
E	36	prose	sure
E	37	prose	unsure
E	38	code	sure
E	39	code	sure
E	40	prose	sure
E	41	prose	sure
E	42	prose	sure
E	43	prose	unsure
E	44	prose	sure
E	45	mixed	unsure
E	46	prose	unsure
E	47	prose	sure
E	48	prose	sure
E	49	prose	sure
E	50	prose	unsure
E	51	prose	sure
E	52	prose	sure
E	53	prose	sure
E	54	other	sure
E	55	prose	sure
E	56	other	sure
E	57	prose	sure
E	58	other	sure
E	59	prose	sure
E	60	other	sure
E	61	prose	sure
E	62	prose	unsure
E	63	code	sure
E	64	prose	sure
E	65	prose	sure
E	66	other	unsure
E	67	prose	sure
E	68	prose	sure
E	69	prose	sure
E	70	prose	sure
E	71	prose	sure
E	72	prose	sure
E	73	prose	sure
E	74	prose	sure
E	75	mixed	unsure
E	76	prose	sure
E	77	prose	unsure
E	78	prose	sure
E	79	prose	sure
E	80	other	sure
E	81	prose	sure
E	82	prose	sure
E	83	code	sure
E	84	prose	unsure
E	85	prose	unsure
E	86	prose	sure
E	87	prose	sure
E	88	other	sure
E	89	prose	sure
E	90	other	sure
E	91	prose	sure
E	92	prose	sure
E	93	prose	sure
E	94	prose	sure
E	95	prose	sure
E	96	prose	sure
E	97	prose	sure
E	98	prose	sure
E	99	code	sure
E	100	other	sure
E	101	prose	sure
E	102	prose	sure
E	103	prose	sure
E	104	other	unsure
E	105	prose	sure
E	106	prose	unsure
E	107	code	sure
E	108	prose	unsure
E	109	other	sure
E	110	prose	sure
E	111	prose	sure
E	112	prose	sure
E	113	prose	sure
E	114	mixed	unsure
E	115	other	sure
E	116	code	sure
E	117	prose	sure
E	118	other	sure
E	119	prose	sure
E	120	code	sure
E	121	code	sure
E	122	other	sure
E	123	code	sure
E	124	prose	sure
E	125	prose	sure
E	126	prose	sure
E	127	code	unsure
E	128	code	sure
E	129	prose	sure
E	130	prose	sure
E	131	prose	sure
E	132	prose	sure
E	133	other	sure
E	134	prose	sure
E	135	prose	unsure
E	136	code	sure
E	137	prose	sure
E	138	prose	sure
E	139	prose	sure
E	140	prose	sure
E	141	prose	unsure
E	142	code	sure
E	143	prose	sure
E	144	prose	sure
E	145	prose	unsure
E	146	prose	sure
E	147	prose	sure
E	148	prose	unsure
E	149	prose	sure
E	150	prose	sure
E	151	other	sure
E	152	other	unsure
E	153	prose	sure
E	154	prose	sure
E	155	prose	unsure
E	156	other	unsure
E	157	prose	sure
E	158	prose	sure
E	159	mixed	unsure
E	160	prose	sure
E	161	prose	sure
E	162	prose	sure
E	163	code	sure
E	164	prose	unsure
E	165	prose	sure
E	166	prose	sure
E	167	prose	sure
E	168	prose	sure
E	169	other	sure
E	170	prose	sure
E	171	prose	unsure
E	172	prose	sure
E	173	mixed	unsure
E	174	prose	sure
E	175	code	sure
E	176	code	sure
E	177	prose	sure
E	178	prose	sure
E	179	prose	unsure
E	180	other	sure
E	181	prose	sure
E	182	code	sure
E	183	prose	sure
E	184	code	sure
E	185	prose	sure
E	186	prose	sure
E	187	prose	sure
E	188	prose	sure
E	189	other	sure
E	190	prose	sure
E	191	prose	sure
E	192	prose	sure
E	193	code	sure
E	194	prose	sure
E	195	prose	sure
E	196	other	unsure
E	197	code	sure
E	198	prose	sure
E	199	other	unsure
E	200	prose	sure
E	201	mixed	sure
E	202	prose	sure
E	203	prose	sure
E	204	prose	sure
E	205	prose	unsure
E	206	prose	sure
E	207	prose	sure
E	208	prose	sure
E	209	other	unsure
E	210	prose	sure
E	211	prose	sure
E	212	prose	sure
E	213	prose	sure
E	214	prose	unsure
E	215	prose	sure
E	216	prose	sure
E	217	prose	sure
E	218	code	sure
E	219	other	unsure
E	220	other	sure
E	221	prose	unsure
E	222	other	sure
E	223	code	sure
E	224	prose	sure
E	225	other	unsure
E	226	code	sure
E	227	prose	sure
E	228	code	sure
E	229	prose	sure
E	230	prose	sure
E	231	other	unsure
E	232	other	unsure
E	233	prose	sure
E	234	prose	sure
E	235	other	sure
E	236	prose	sure
E	237	prose	sure
E	238	prose	unsure
E	239	prose	sure
E	240	prose	sure
E	241	code	sure
E	242	code	sure
E	243	prose	sure
E	244	other	unsure
E	245	prose	sure
E	246	prose	sure
E	247	code	sure
E	248	prose	sure
E	249	mixed	unsure
E	250	prose	sure
E	251	prose	sure
E	252	other	sure
E	253	other	sure
E	254	other	unsure
E	255	prose	unsure
E	256	prose	unsure
E	257	prose	unsure
E	258	prose	sure
E	259	other	sure
E	260	prose	sure
E	261	prose	sure
E	262	code	sure
E	263	other	sure
E	264	prose	sure
E	265	code	sure
E	266	other	unsure
E	267	other	unsure
E	268	other	sure
E	269	prose	sure
E	270	prose	sure
E	271	prose	sure
E	272	prose	sure
E	273	other	unsure
E	274	prose	sure
E	275	prose	unsure
E	276	prose	sure
E	277	prose	sure
E	278	other	sure
E	279	other	unsure
E	280	prose	sure
E	281	prose	sure
E	282	code	sure
E	283	code	sure
E	284	prose	sure
E	285	code	sure
E	286	prose	unsure
E	287	prose	sure
E	288	prose	sure
E	289	prose	sure
E	290	prose	sure
E	291	prose	sure
E	292	mixed	unsure
E	293	prose	sure
E	294	prose	sure
E	295	prose	sure
E	296	prose	sure
E	297	prose	sure
E	298	prose	sure
E	299	prose	sure
E	300	prose	sure
E	301	other	sure
E	302	prose	sure
E	303	prose	sure
E	304	prose	sure
E	305	prose	sure
E	306	code	sure
E	307	code	sure
E	308	prose	sure
E	309	prose	sure
E	310	code	sure
E	311	prose	sure
E	312	other	unsure
E	313	code	sure
E	314	prose	sure
E	315	other	sure
E	316	prose	sure
E	317	prose	unsure
E	318	prose	sure
E	319	prose	sure
E	320	prose	sure
E	321	code	unsure
E	322	prose	sure
E	323	prose	sure
E	324	prose	unsure
E	325	prose	sure
E	326	prose	sure
E	327	prose	sure
E	328	prose	sure
E	329	prose	sure
E	330	prose	sure
E	331	prose	sure
E	332	prose	sure
E	333	prose	sure
E	334	prose	sure
E	335	prose	sure
E	336	prose	sure
E	337	other	sure
E	338	prose	sure
E	339	mixed	unsure
E	340	other	sure
E	341	prose	sure
E	342	other	sure
E	343	other	sure
E	344	prose	sure
E	345	other	sure
E	346	prose	sure
E	347	prose	sure
E	348	prose	sure
E	349	code	sure
E	350	other	unsure
E	351	prose	sure
E	352	prose	sure
E	353	prose	sure
E	354	prose	sure
E	355	prose	sure
E	356	prose	sure
E	357	code	sure
E	358	other	sure
E	359	prose	sure
E	360	other	unsure
E	361	prose	sure
E	362	other	sure
E	363	prose	sure
E	364	prose	sure
E	365	prose	sure
E	366	prose	unsure
E	367	other	sure
E	368	prose	sure
E	369	code	sure
E	370	prose	sure
E	371	prose	sure
E	372	prose	unsure
E	373	prose	sure
E	374	prose	sure
E	375	other	unsure
E	376	prose	sure
E	377	prose	sure
E	378	prose	sure
E	379	prose	sure
E	380	prose	sure
E	381	prose	sure
E	382	prose	sure
E	383	prose	sure
E	384	prose	sure
E	385	prose	unsure
E	386	prose	sure
E	387	prose	sure
E	388	prose	sure
E	389	prose	sure
E	390	prose	sure
E	391	other	sure
E	392	code	sure
E	393	other	unsure
E	394	prose	unsure
E	395	prose	sure
E	396	prose	sure
E	397	prose	sure
E	398	prose	sure
E	399	prose	sure
E	400	prose	sure
E	401	prose	sure
E	402	prose	unsure
E	403	prose	sure
E	404	prose	unsure
E	405	prose	unsure
E	406	prose	sure
E	407	prose	sure
E	408	prose	sure
E	409	prose	sure
E	410	prose	sure
E	411	code	sure
E	412	prose	unsure
E	413	prose	sure
E	414	prose	sure
E	415	prose	sure
E	416	other	sure
E	417	other	sure
E	418	prose	unsure
E	419	prose	sure
E	420	code	sure
E	421	prose	sure
E	422	prose	sure
E	423	prose	sure
E	424	other	unsure
E	425	prose	sure
E	426	prose	sure
E	427	prose	sure
E	428	prose	sure
E	429	prose	sure
E	430	prose	sure
E	431	other	unsure
E	432	prose	sure
E	433	prose	unsure
E	434	other	sure
E	435	prose	sure
E	436	prose	sure
E	437	prose	sure
E	438	code	sure
E	439	prose	sure
E	440	prose	sure
E	441	prose	sure
E	442	prose	sure
E	443	prose	sure
E	444	mixed	unsure
E	445	other	sure
E	446	prose	sure
E	447	prose	unsure
E	448	prose	sure
E	449	prose	sure
E	450	prose	sure
E	451	prose	unsure
E	452	prose	sure
E	453	prose	sure
E	454	prose	unsure
E	455	prose	sure
E	456	other	unsure
E	457	prose	unsure
E	458	prose	sure
E	459	prose	sure
E	460	prose	sure
E	461	other	unsure
E	462	prose	sure
E	463	code	sure
E	464	prose	sure
E	465	other	sure
E	466	other	sure
E	467	prose	sure
E	468	code	sure
E	469	code	sure
E	470	prose	sure
E	471	prose	unsure
E	472	other	sure
E	473	prose	unsure
E	474	prose	sure
E	475	prose	sure
E	476	mixed	unsure
E	477	prose	sure
E	478	code	sure
E	479	prose	unsure
E	480	prose	sure
E	481	prose	sure
E	482	prose	sure
E	483	prose	sure
E	484	prose	sure
E	485	other	sure
E	486	code	unsure
E	487	prose	sure
E	488	other	sure
E	489	prose	sure
E	490	prose	sure
E	491	other	sure
E	492	prose	sure
E	493	other	unsure
E	494	prose	sure
E	495	prose	unsure
E	496	mixed	unsure
E	497	prose	sure
E	498	code	sure
E	499	prose	sure
E	500	other	sure
E	501	prose	sure
E	502	prose	sure
E	503	code	sure
E	504	prose	sure
E	505	prose	sure
E	506	prose	sure
E	507	prose	unsure
E	508	prose	sure
E	509	prose	sure
E	510	prose	sure
E	511	prose	sure
E	512	prose	sure
E	513	prose	unsure
E	514	prose	sure
E	515	other	sure
E	516	mixed	unsure
E	517	prose	sure
E	518	prose	sure
E	519	prose	sure
E	520	prose	sure
E	521	prose	sure
E	522	prose	unsure
E	523	prose	unsure
E	524	prose	sure
E	525	code	sure
E	526	prose	sure
E	527	prose	unsure
E	528	mixed	unsure
E	529	prose	sure
E	530	prose	sure
E	531	prose	sure
E	532	mixed	unsure
E	533	code	sure
E	534	prose	sure
E	535	other	sure
E	536	prose	unsure
E	537	prose	sure
E	538	prose	sure
E	539	other	sure
E	540	prose	sure
E	541	prose	sure
E	542	prose	sure
E	543	prose	sure
E	544	prose	unsure
E	545	other	unsure
E	546	other	sure
E	547	prose	sure
E	548	prose	sure
E	549	code	sure
E	550	prose	sure
E	551	prose	sure
E	552	other	sure
E	553	prose	sure
E	554	other	unsure
E	555	other	sure
E	556	other	unsure
E	557	prose	sure
E	558	code	sure
E	559	prose	sure
E	560	code	sure
E	561	prose	sure
E	562	prose	sure
E	563	prose	sure
E	564	prose	sure
E	565	prose	unsure
E	566	code	sure
E	567	prose	unsure
E	568	prose	sure
E	569	prose	sure
E	570	other	sure
E	571	prose	sure
E	572	code	sure
E	573	other	sure
E	574	prose	sure
E	575	prose	sure
E	576	prose	sure
E	577	other	unsure
E	578	prose	sure
E	579	prose	sure
E	580	other	unsure
E	581	prose	sure
E	582	prose	sure
E	583	prose	sure
E	584	prose	sure
E	585	prose	sure
E	586	code	sure
E	587	other	unsure
E	588	other	unsure
E	589	prose	unsure
E	590	prose	sure
E	591	prose	sure
E	592	mixed	unsure
E	593	code	sure
E	594	prose	sure
E	595	prose	sure
E	596	code	sure
E	597	prose	sure
E	598	code	sure
E	599	prose	sure
E	600	prose	sure
E	601	code	sure
E	602	prose	unsure
E	603	prose	sure
E	604	prose	sure
E	605	prose	sure
E	606	prose	sure
E	607	prose	sure
E	608	code	unsure
E	609	other	sure
E	610	prose	unsure
E	611	prose	unsure
E	612	prose	sure
E	613	other	sure
E	614	prose	sure
E	615	mixed	unsure
E	616	prose	sure
E	617	prose	sure
E	618	prose	sure
E	619	code	sure
E	620	prose	sure
E	621	other	sure
E	622	other	sure
E	623	prose	unsure
E	624	prose	sure
E	625	prose	sure
E	626	prose	sure
E	627	prose	sure
E	628	prose	sure
E	629	prose	unsure
E	630	prose	sure
E	631	prose	sure
E	632	prose	unsure
E	633	prose	sure
E	634	prose	sure
E	635	prose	sure
E	636	prose	unsure
E	637	prose	sure
E	638	prose	sure
E	639	prose	sure
E	640	other	sure
E	641	prose	sure
E	642	code	unsure
E	643	prose	sure
E	644	prose	unsure
E	645	prose	sure
E	646	prose	sure
E	647	prose	unsure
E	648	other	sure
E	649	prose	sure
E	650	prose	sure
E	651	prose	sure
E	652	prose	sure
E	653	prose	sure
E	654	code	sure
E	655	code	sure
E	656	prose	sure
E	657	code	sure
E	658	prose	sure
E	659	prose	sure
E	660	prose	unsure
E	661	other	sure
E	662	code	sure
E	663	prose	sure
E	664	prose	sure
E	665	other	unsure
E	666	prose	sure
E	667	prose	sure
E	668	other	unsure
E	669	prose	sure
E	670	prose	sure
E	671	prose	unsure
E	672	prose	sure
E	673	mixed	unsure
E	674	prose	sure
E	675	code	sure
E	676	prose	sure
E	677	prose	sure
E	678	code	sure
E	679	prose	sure
E	680	other	unsure
E	681	prose	sure
E	682	code	sure
E	683	prose	sure
E	684	prose	sure
E	685	prose	sure
E	686	prose	sure
E	687	prose	sure
E	688	prose	unsure
E	689	code	sure
E	690	prose	sure
E	691	prose	unsure
E	692	prose	sure
E	693	prose	sure
E	694	prose	sure
E	695	prose	sure
E	696	prose	sure
E	697	prose	sure
E	698	prose	sure
E	699	prose	sure
E	700	prose	sure
E	701	other	sure
E	702	prose	sure
E	703	prose	unsure
E	704	prose	sure
E	705	prose	sure
E	706	code	unsure
E	707	code	sure
E	708	other	sure
E	709	prose	unsure
E	710	prose	sure
E	711	prose	unsure
E	712	other	sure
E	713	prose	sure
E	714	code	sure
E	715	prose	sure
E	716	code	sure
E	717	prose	sure
E	718	prose	sure
E	719	other	sure
E	720	prose	sure
E	721	prose	sure
E	722	prose	sure
E	723	prose	sure
E	724	prose	sure
E	725	code	sure
E	726	prose	unsure
E	727	code	sure
E	728	prose	sure
E	729	prose	sure
E	730	prose	sure
E	731	code	sure
E	732	prose	sure
E	733	other	unsure
E	734	prose	sure
E	735	prose	sure
E	736	other	sure
E	737	code	sure
E	738	other	sure
E	739	prose	unsure
E	740	code	unsure
E	741	prose	sure
E	742	code	sure
E	743	code	sure
E	744	prose	sure
E	745	prose	sure
E	746	other	sure
E	747	prose	unsure
E	748	other	sure
E	749	prose	sure
E	750	prose	sure
E	751	prose	unsure
E	752	prose	sure
E	753	code	sure
E	754	prose	sure
E	755	prose	unsure
E	756	prose	sure
E	757	prose	sure
E	758	other	sure
E	759	prose	unsure
E	760	prose	sure
E	761	prose	sure
E	762	other	sure
E	763	prose	sure
E	764	prose	sure
E	765	code	sure
E	766	prose	sure
E	767	code	sure
E	768	prose	sure
E	769	prose	sure
E	770	other	sure
E	771	other	sure
E	772	prose	unsure
E	773	other	sure
E	774	code	sure
E	775	prose	sure
E	776	prose	unsure
E	777	prose	sure
E	778	prose	sure
E	779	prose	sure
E	780	prose	sure
E	781	other	unsure
E	782	other	sure
E	783	other	unsure
E	784	prose	sure
E	785	prose	sure
E	786	prose	sure
E	787	prose	sure
E	788	prose	sure
E	789	prose	sure
E	790	prose	sure
E	791	code	unsure
E	792	prose	sure
E	793	other	unsure
E	794	code	sure
E	795	prose	unsure
E	796	prose	unsure
E	797	prose	sure
E	798	prose	sure
E	799	prose	sure
E	800	other	sure
E	801	mixed	unsure
E	802	prose	unsure
E	803	prose	unsure
E	804	prose	sure
E	805	code	sure
E	806	prose	sure
E	807	prose	sure
E	808	prose	sure
E	809	prose	sure
E	810	prose	sure
E	811	code	sure
E	812	other	sure
E	813	code	sure
E	814	prose	sure
E	815	prose	sure
E	816	prose	sure
E	817	code	sure
E	818	prose	sure
E	819	prose	sure
E	820	other	sure
E	821	code	sure
E	822	other	unsure
E	823	other	unsure
E	824	prose	sure
E	825	other	unsure
E	826	prose	unsure
E	827	prose	unsure
E	828	prose	sure
E	829	prose	sure
E	830	prose	sure
E	831	code	sure
E	832	prose	sure
E	833	prose	sure
E	834	code	sure
E	835	prose	sure
E	836	other	sure
E	837	mixed	unsure
E	838	prose	sure
E	839	other	sure
E	840	code	unsure
E	841	prose	sure
E	842	prose	unsure
E	843	code	unsure
E	844	code	sure
E	845	prose	sure
E	846	prose	sure
E	847	code	sure
E	848	prose	unsure
E	849	prose	sure
E	850	other	sure
E	851	other	sure
E	852	prose	sure
E	853	prose	sure
E	854	prose	sure
E	855	prose	unsure
E	856	prose	sure
E	857	other	unsure
E	858	prose	sure
E	859	prose	sure
E	860	prose	sure
E	861	prose	unsure
E	862	prose	sure
E	863	prose	sure
E	864	prose	sure
E	865	prose	sure
E	866	prose	sure
E	867	prose	sure
E	868	prose	sure
E	869	prose	sure
E	870	prose	sure
E	871	other	sure
E	872	prose	sure
E	873	prose	sure
E	874	prose	sure
E	875	other	sure
E	876	prose	sure
E	877	prose	sure
E	878	prose	sure
E	879	prose	sure
E	880	other	sure
E	881	prose	sure
E	882	prose	sure
E	883	prose	unsure
E	884	code	sure
E	885	prose	sure
E	886	prose	sure
E	887	prose	unsure
E	888	prose	sure
E	889	prose	sure
E	890	prose	sure
E	891	prose	sure
E	892	prose	sure
E	893	other	unsure
E	894	prose	sure
E	895	other	sure
E	896	prose	unsure
E	897	prose	sure
E	898	prose	sure
E	899	other	sure
E	900	code	sure
E	901	prose	unsure
E	902	code	unsure
E	903	prose	unsure
E	904	prose	sure
E	905	prose	sure
E	906	prose	unsure
E	907	prose	unsure
E	908	code	sure
E	909	other	sure
E	910	prose	sure
E	911	prose	sure
E	912	prose	sure
E	913	other	unsure
E	914	prose	sure
E	915	prose	sure
E	916	other	unsure
E	917	prose	sure
E	918	mixed	sure
E	919	prose	sure
E	920	prose	sure
E	921	prose	sure
E	922	code	sure
E	923	prose	unsure
E	924	prose	unsure
E	925	prose	sure
E	926	prose	sure
E	927	prose	sure
E	928	code	sure
E	929	prose	sure
E	930	prose	sure
E	931	prose	unsure
E	932	prose	sure
E	933	mixed	sure
E	934	prose	sure
E	935	prose	sure
E	936	code	sure
E	937	prose	sure
E	938	prose	sure
E	939	prose	sure
E	940	prose	sure
E	941	prose	sure
E	942	other	sure
E	943	prose	sure
E	944	code	unsure
E	945	prose	sure
E	946	prose	sure
E	947	prose	sure
E	948	prose	sure
E	949	prose	sure
E	950	prose	sure
E	951	prose	sure
E	952	prose	sure
E	953	prose	sure
E	954	prose	sure
E	955	code	sure
E	956	prose	unsure
E	957	prose	sure
E	958	prose	sure
E	959	other	sure
E	960	prose	sure
E	961	prose	sure
E	962	prose	sure
E	963	prose	sure
E	964	code	unsure
E	965	prose	sure
E	966	prose	sure
E	967	prose	sure
E	968	prose	unsure
E	969	prose	sure
E	970	prose	sure
E	971	prose	sure
E	972	prose	sure
E	973	other	sure
E	974	prose	sure
E	975	mixed	unsure
E	976	prose	sure
E	977	other	sure
E	978	other	unsure
E	979	prose	sure
E	980	other	sure
E	981	prose	sure
E	982	prose	sure
E	983	code	unsure
E	984	prose	sure
E	985	prose	sure
E	986	prose	sure
E	987	other	sure
E	988	prose	sure
E	989	prose	sure
E	990	other	unsure
E	991	prose	sure
E	992	code	sure
E	993	prose	sure
E	994	prose	sure
E	995	prose	sure
E	996	other	sure
E	997	other	unsure
E	998	prose	sure
E	999	prose	sure
E	1000	prose	sure
E	1001	other	unsure
E	1002	prose	sure
E	1003	other	sure
E	1004	mixed	unsure
E	1005	other	sure
E	1006	prose	sure
E	1007	prose	sure
E	1008	prose	sure
E	1009	other	unsure
E	1010	prose	unsure
E	1011	prose	sure
E	1012	prose	sure
E	1013	prose	sure
E	1014	prose	sure
E	1015	prose	sure
E	1016	prose	sure
E	1017	other	sure
E	1018	prose	sure
E	1019	prose	sure
E	1020	prose	unsure
E	1021	prose	sure
E	1022	mixed	unsure
E	1023	prose	sure
