anon_key	row	truth_set	label	confidence
L:0	D_code:12	D_code	code	sure
L:1	D_code:21	D_code	code	sure
L:2	D_code:26	D_code	code	sure
L:3	D_code:29	D_code	code	sure
L:4	D_code:37	D_code	code	sure
L:5	D_code:39	D_code	code	sure
L:6	D_code:55	D_code	code	sure
L:7	D_code:67	D_code	code	sure
L:8	D_code:68	D_code	code	sure
L:9	D_code:72	D_code	code	sure
L:10	D_code:73	D_code	code	sure
L:11	D_code:78	D_code	code	sure
L:12	D_code:82	D_code	code	sure
L:13	D_code:88	D_code	code	sure
L:14	D_code:92	D_code	code	sure
L:15	D_code:94	D_code	code	sure
L:16	D_code:97	D_code	code	sure
L:17	D_code:99	D_code	code	sure
L:18	D_code:107	D_code	code	sure
L:19	D_code:109	D_code	code	sure
L:20	D_code:113	D_code	code	sure
L:21	D_code:121	D_code	code	sure
L:22	D_code:126	D_code	code	sure
L:23	D_code:135	D_code	code	sure
L:24	D_code:139	D_code	code	sure
L:25	D_code:159	D_code	code	sure
L:26	D_code:160	D_code	code	unsure
L:27	D_code:165	D_code	code	sure
L:28	D_code:170	D_code	code	sure
L:29	D_code:181	D_code	code	sure
L:30	D_code:212	D_code	code	sure
L:31	D_code:221	D_code	code	sure
L:32	D_code:230	D_code	code	sure
L:33	D_code:231	D_code	code	sure
L:34	D_code:239	D_code	code	sure
L:35	D_code:253	D_code	code	sure
L:36	D_code:257	D_code	code	sure
L:37	D_code:265	D_code	code	sure
L:38	D_code:269	D_code	code	sure
L:39	D_code:283	D_code	code	sure
L:40	D_code:284	D_code	code	sure
L:41	D_code:293	D_code	code	sure
L:42	D_code:310	D_code	code	unsure
L:43	D_code:312	D_code	code	unsure
L:44	D_code:333	D_code	code	sure
L:45	D_code:367	D_code	code	sure
L:46	D_code:381	D_code	prose	unsure
L:47	D_code:387	D_code	prose	unsure
L:48	D_code:393	D_code	other	unsure
L:49	D_code:394	D_code	other	unsure
L:50	D_code:421	D_code	other	unsure
L:51	D_code:424	D_code	other	unsure
L:52	D_code:427	D_code	code	sure
L:53	D_code:436	D_code	code	sure
L:54	D_code:447	D_code	code	sure
L:55	D_code:451	D_code	code	sure
L:56	D_code:463	D_code	code	sure
L:57	D_code:468	D_code	code	sure
L:58	D_code:470	D_code	code	sure
L:59	D_code:480	D_code	code	sure
L:60	D_code:483	D_code	code	sure
L:61	D_code:484	D_code	code	sure
L:62	D_code:494	D_code	code	sure
L:63	D_code:507	D_code	code	sure
L:64	D_prose:2	D_prose	prose	sure
L:65	D_prose:8	D_prose	prose	sure
L:66	D_prose:9	D_prose	prose	sure
L:67	D_prose:19	D_prose	prose	sure
L:68	D_prose:32	D_prose	prose	sure
L:69	D_prose:35	D_prose	prose	sure
L:70	D_prose:48	D_prose	prose	sure
L:71	D_prose:75	D_prose	prose	sure
L:72	D_prose:79	D_prose	prose	sure
L:73	D_prose:88	D_prose	prose	sure
L:74	D_prose:89	D_prose	prose	sure
L:75	D_prose:90	D_prose	prose	sure
L:76	D_prose:94	D_prose	prose	sure
L:77	D_prose:113	D_prose	prose	sure
L:78	D_prose:115	D_prose	prose	sure
L:79	D_prose:124	D_prose	prose	sure
L:80	D_prose:126	D_prose	prose	sure
L:81	D_prose:127	D_prose	prose	sure
L:82	D_prose:142	D_prose	prose	sure
L:83	D_prose:149	D_prose	prose	sure
L:84	D_prose:153	D_prose	prose	sure
L:85	D_prose:154	D_prose	prose	sure
L:86	D_prose:155	D_prose	prose	sure
L:87	D_prose:175	D_prose	prose	sure
L:88	D_prose:177	D_prose	prose	sure
L:89	D_prose:183	D_prose	prose	sure
L:90	D_prose:198	D_prose	prose	sure
L:91	D_prose:212	D_prose	prose	sure
L:92	D_prose:214	D_prose	prose	sure
L:93	D_prose:223	D_prose	prose	sure
L:94	D_prose:245	D_prose	prose	sure
L:95	D_prose:250	D_prose	prose	sure
L:96	D_prose:259	D_prose	prose	sure
L:97	D_prose:271	D_prose	prose	sure
L:98	D_prose:275	D_prose	other	unsure
L:99	D_prose:284	D_prose	prose	sure
L:100	D_prose:289	D_prose	prose	sure
L:101	D_prose:293	D_prose	prose	sure
L:102	D_prose:295	D_prose	prose	sure
L:103	D_prose:298	D_prose	prose	sure
L:104	D_prose:300	D_prose	prose	sure
L:105	D_prose:303	D_prose	prose	sure
L:106	D_prose:320	D_prose	prose	sure
L:107	D_prose:321	D_prose	prose	sure
L:108	D_prose:330	D_prose	prose	sure
L:109	D_prose:333	D_prose	prose	sure
L:110	D_prose:335	D_prose	prose	sure
L:111	D_prose:344	D_prose	prose	unsure
L:112	D_prose:354	D_prose	prose	sure
L:113	D_prose:363	D_prose	prose	sure
L:114	D_prose:375	D_prose	prose	sure
L:115	D_prose:381	D_prose	prose	sure
L:116	D_prose:403	D_prose	prose	sure
L:117	D_prose:405	D_prose	prose	sure
L:118	D_prose:415	D_prose	other	unsure
L:119	D_prose:416	D_prose	prose	sure
L:120	D_prose:421	D_prose	prose	sure
L:121	D_prose:435	D_prose	other	unsure
L:122	D_prose:441	D_prose	prose	sure
L:123	D_prose:468	D_prose	prose	sure
L:124	D_prose:470	D_prose	prose	sure
L:125	D_prose:477	D_prose	prose	sure
L:126	D_prose:507	D_prose	prose	sure
L:127	D_prose:508	D_prose	prose	sure
L:128	E_lab:452	E_lab/ArXiv	prose	unsure
L:129	E_lab:469	E_lab/ArXiv	prose	unsure
L:130	E_lab:475	E_lab/ArXiv	other	sure
L:131	E_lab:476	E_lab/ArXiv	other	sure
L:132	E_lab:479	E_lab/ArXiv	other	sure
L:133	E_lab:484	E_lab/ArXiv	prose	sure
L:134	E_lab:486	E_lab/ArXiv	prose	sure
L:135	E_lab:490	E_lab/ArXiv	prose	sure
L:136	E_lab:492	E_lab/ArXiv	prose	sure
L:137	E_lab:493	E_lab/ArXiv	prose	sure
L:138	E_lab:496	E_lab/ArXiv	prose	sure
L:139	E_lab:497	E_lab/ArXiv	prose	sure
L:140	E_lab:502	E_lab/ArXiv	prose	unsure
L:141	E_lab:505	E_lab/ArXiv	prose	sure
L:142	E_lab:507	E_lab/ArXiv	prose	sure
L:143	E_lab:508	E_lab/ArXiv	prose	sure
L:144	E_lab:0	E_lab/Github	code	sure
L:145	E_lab:2	E_lab/Github	code	sure
L:146	E_lab:3	E_lab/Github	code	sure
L:147	E_lab:12	E_lab/Github	code	sure
L:148	E_lab:15	E_lab/Github	code	sure
L:149	E_lab:25	E_lab/Github	code	sure
L:150	E_lab:26	E_lab/Github	code	sure
L:151	E_lab:27	E_lab/Github	code	sure
L:152	E_lab:29	E_lab/Github	code	sure
L:153	E_lab:34	E_lab/Github	code	sure
L:154	E_lab:38	E_lab/Github	code	sure
L:155	E_lab:40	E_lab/Github	prose	unsure
L:156	E_lab:42	E_lab/Github	code	sure
L:157	E_lab:47	E_lab/Github	code	sure
L:158	E_lab:48	E_lab/Github	code	sure
L:159	E_lab:50	E_lab/Github	code	sure
L:160	E_lab:61	E_lab/Github	code	sure
L:161	E_lab:68	E_lab/Github	code	unsure
L:162	E_lab:74	E_lab/Github	other	sure
L:163	E_lab:79	E_lab/Github	other	sure
L:164	E_lab:81	E_lab/Github	other	sure
L:165	E_lab:90	E_lab/Github	code	sure
L:166	E_lab:92	E_lab/Github	code	sure
L:167	E_lab:95	E_lab/Github	code	sure
L:168	E_lab:100	E_lab/Github	code	sure
L:169	E_lab:108	E_lab/Github	code	sure
L:170	E_lab:111	E_lab/Github	code	sure
L:171	E_lab:117	E_lab/Github	code	sure
L:172	E_lab:122	E_lab/Github	code	unsure
L:173	E_lab:125	E_lab/Github	code	sure
L:174	E_lab:131	E_lab/Github	code	sure
L:175	E_lab:146	E_lab/Github	code	sure
L:176	E_lab:147	E_lab/Github	code	unsure
L:177	E_lab:149	E_lab/Github	prose	unsure
L:178	E_lab:152	E_lab/Github	prose	sure
L:179	E_lab:158	E_lab/Github	code	sure
L:180	E_lab:160	E_lab/Github	code	sure
L:181	E_lab:161	E_lab/Github	code	sure
L:182	E_lab:166	E_lab/Github	code	sure
L:183	E_lab:167	E_lab/Github	code	sure
L:184	E_lab:172	E_lab/Github	code	sure
L:185	E_lab:173	E_lab/Github	code	sure
L:186	E_lab:178	E_lab/Github	code	sure
L:187	E_lab:183	E_lab/Github	code	sure
L:188	E_lab:185	E_lab/Github	code	sure
L:189	E_lab:188	E_lab/Github	code	sure
L:190	E_lab:190	E_lab/Github	code	sure
L:191	E_lab:201	E_lab/Github	code	sure
L:192	E_lab:204	E_lab/Github	code	sure
L:193	E_lab:207	E_lab/Github	code	sure
L:194	E_lab:210	E_lab/Github	code	unsure
L:195	E_lab:212	E_lab/Github	code	sure
L:196	E_lab:216	E_lab/Github	code	sure
L:197	E_lab:222	E_lab/Github	code	sure
L:198	E_lab:224	E_lab/Github	code	sure
L:199	E_lab:226	E_lab/Github	code	sure
L:200	E_lab:228	E_lab/Github	code	sure
L:201	E_lab:230	E_lab/Github	code	sure
L:202	E_lab:232	E_lab/Github	code	sure
L:203	E_lab:238	E_lab/Github	code	sure
L:204	E_lab:240	E_lab/Github	code	sure
L:205	E_lab:245	E_lab/Github	code	sure
L:206	E_lab:249	E_lab/Github	code	sure
L:207	E_lab:251	E_lab/Github	code	sure
L:208	E_lab:258	E_lab/Pile-CC	prose	sure
L:209	E_lab:260	E_lab/Pile-CC	prose	sure
L:210	E_lab:262	E_lab/Pile-CC	prose	sure
L:211	E_lab:263	E_lab/Pile-CC	prose	sure
L:212	E_lab:267	E_lab/Pile-CC	prose	sure
L:213	E_lab:269	E_lab/Pile-CC	prose	sure
L:214	E_lab:272	E_lab/Pile-CC	prose	sure
L:215	E_lab:280	E_lab/Pile-CC	prose	sure
L:216	E_lab:281	E_lab/Pile-CC	prose	sure
L:217	E_lab:282	E_lab/Pile-CC	prose	sure
L:218	E_lab:284	E_lab/Pile-CC	prose	sure
L:219	E_lab:286	E_lab/Pile-CC	prose	sure
L:220	E_lab:288	E_lab/Pile-CC	prose	sure
L:221	E_lab:290	E_lab/Pile-CC	prose	sure
L:222	E_lab:292	E_lab/Pile-CC	prose	sure
L:223	E_lab:313	E_lab/Pile-CC	prose	sure
L:224	E_lab:390	E_lab/StackExchange	code	unsure
L:225	E_lab:395	E_lab/StackExchange	prose	sure
L:226	E_lab:399	E_lab/StackExchange	code	unsure
L:227	E_lab:400	E_lab/StackExchange	code	sure
L:228	E_lab:402	E_lab/StackExchange	mixed	unsure
L:229	E_lab:408	E_lab/StackExchange	code	sure
L:230	E_lab:419	E_lab/StackExchange	other	unsure
L:231	E_lab:420	E_lab/StackExchange	prose	sure
L:232	E_lab:425	E_lab/StackExchange	code	sure
L:233	E_lab:426	E_lab/StackExchange	mixed	unsure
L:234	E_lab:429	E_lab/StackExchange	prose	unsure
L:235	E_lab:430	E_lab/StackExchange	code	sure
L:236	E_lab:431	E_lab/StackExchange	mixed	unsure
L:237	E_lab:437	E_lab/StackExchange	code	sure
L:238	E_lab:441	E_lab/StackExchange	mixed	unsure
L:239	E_lab:445	E_lab/StackExchange	mixed	unsure
L:240	E_lab:321	E_lab/Wikipedia (en)	prose	sure
L:241	E_lab:324	E_lab/Wikipedia (en)	prose	sure
L:242	E_lab:329	E_lab/Wikipedia (en)	prose	sure
L:243	E_lab:332	E_lab/Wikipedia (en)	prose	sure
L:244	E_lab:335	E_lab/Wikipedia (en)	prose	sure
L:245	E_lab:347	E_lab/Wikipedia (en)	prose	sure
L:246	E_lab:352	E_lab/Wikipedia (en)	prose	unsure
L:247	E_lab:355	E_lab/Wikipedia (en)	prose	sure
L:248	E_lab:356	E_lab/Wikipedia (en)	prose	sure
L:249	E_lab:360	E_lab/Wikipedia (en)	prose	sure
L:250	E_lab:362	E_lab/Wikipedia (en)	other	unsure
L:251	E_lab:371	E_lab/Wikipedia (en)	prose	sure
L:252	E_lab:374	E_lab/Wikipedia (en)	prose	sure
L:253	E_lab:377	E_lab/Wikipedia (en)	prose	sure
L:254	E_lab:379	E_lab/Wikipedia (en)	prose	sure
L:255	E_lab:380	E_lab/Wikipedia (en)	prose	sure
