store,n_cells,n_texts,n_draws,n_subbatches,commit,dirty,gpu,precision,subbatch,set_hash
results/grid/main_s12/tier7/E__merge_sizes,53,1024,8,16,73da70211d8e7a1d4a9c10784354fa75f338dbe0,0,NVIDIA A100-SXM4-40GB,bf16,64,81f8b75b4c31fc95836841062b0c49c4237b3e83dce43397b8ad7e927c18d103
results/grid/main_s12/tier7/E_lab__merge_sizes,53,512,8,8,73da70211d8e7a1d4a9c10784354fa75f338dbe0,0,NVIDIA A100-SXM4-40GB,bf16,64,171882956d6736123e46738266048e21409d7ee0c5337f5accfd170f9cf15f5f
results/grid/main_s12/tier7/E_lab__panel_edit,3,512,1,8,73da70211d8e7a1d4a9c10784354fa75f338dbe0,0,NVIDIA A100-SXM4-40GB,bf16,64,171882956d6736123e46738266048e21409d7ee0c5337f5accfd170f9cf15f5f
results/grid/main_s12/tier7/panel_ArXiv__panel_edit,19,200,8,4,73da70211d8e7a1d4a9c10784354fa75f338dbe0,0,NVIDIA A100-SXM4-40GB,bf16,64,87162e03d74febaba2ee389a4f880003bdcb6f36b93587819995067a1715cfb6
results/grid/main_s12/tier7/panel_DM_Mathematics__panel_edit,19,200,8,4,73da70211d8e7a1d4a9c10784354fa75f338dbe0,0,NVIDIA A100-SXM4-40GB,bf16,64,bc84e7416de1b600efed6d739f0ec5c28fe717c8c42718d87aed7106bc265714
results/grid/main_s12/tier7/panel_FreeLaw__panel_edit,19,200,8,4,73da70211d8e7a1d4a9c10784354fa75f338dbe0,0,NVIDIA A100-SXM4-40GB,bf16,64,3161ec4afd8dc5b1a258c336ea2703288d48799bd303957c21f4273a70bd1bdb
results/grid/main_s12/tier7/panel_Github__panel_edit,19,200,8,4,73da70211d8e7a1d4a9c10784354fa75f338dbe0,0,NVIDIA A100-SXM4-40GB,bf16,64,ea9d6580b33bcb1ca72131cb62bb7d0ffd76624e8b1a071012b165ac7eddb038
results/grid/main_s12/tier7/panel_Pile_CC__panel_edit,19,200,8,4,73da70211d8e7a1d4a9c10784354fa75f338dbe0,0,NVIDIA A100-SXM4-40GB,bf16,64,27a31ca9adc390f1f02f640290b542734a645a8dee31080e9c60109d6eb0db0a
results/grid/main_s12/tier7/panel_PubMed_Central__panel_edit,19,200,8,4,73da70211d8e7a1d4a9c10784354fa75f338dbe0,0,NVIDIA A100-SXM4-40GB,bf16,64,814258007f9df5b829fa93444f4bacfd73b2fff0f9563da04f31746b360892a8
results/grid/main_s12/tier7/panel_StackExchange__panel_edit,19,200,8,4,73da70211d8e7a1d4a9c10784354fa75f338dbe0,0,NVIDIA A100-SXM4-40GB,bf16,64,21d2a56ed196d2a13f35e93b2f8575d3d34dd03c91f875b8f8055a7b6165ce85
results/grid/main_s12/tier7/panel_Wikipedia__en___panel_edit,19,200,8,4,73da70211d8e7a1d4a9c10784354fa75f338dbe0,0,NVIDIA A100-SXM4-40GB,bf16,64,db20cc73603516ebcc62062e8452ad642478931eda51283c97ef023fa7802018
