draw,rung,n_on,overlap_total,fraction_total,expected_total,fraction__h.0.attn.k_proj,expected__h.0.attn.k_proj,fraction__h.0.attn.o_proj,expected__h.0.attn.o_proj,fraction__h.0.attn.q_proj,expected__h.0.attn.q_proj,fraction__h.0.attn.v_proj,expected__h.0.attn.v_proj,fraction__h.0.mlp.c_fc,expected__h.0.mlp.c_fc,fraction__h.0.mlp.down_proj,expected__h.0.mlp.down_proj,fraction__h.1.attn.k_proj,expected__h.1.attn.k_proj,fraction__h.1.attn.o_proj,expected__h.1.attn.o_proj,fraction__h.1.attn.q_proj,expected__h.1.attn.q_proj,fraction__h.1.attn.v_proj,expected__h.1.attn.v_proj,fraction__h.1.mlp.c_fc,expected__h.1.mlp.c_fc,fraction__h.1.mlp.down_proj,expected__h.1.mlp.down_proj,fraction__h.2.attn.k_proj,expected__h.2.attn.k_proj,fraction__h.2.attn.o_proj,expected__h.2.attn.o_proj,fraction__h.2.attn.q_proj,expected__h.2.attn.q_proj,fraction__h.2.attn.v_proj,expected__h.2.attn.v_proj,fraction__h.2.mlp.c_fc,expected__h.2.mlp.c_fc,fraction__h.2.mlp.down_proj,expected__h.2.mlp.down_proj,fraction__h.3.attn.k_proj,expected__h.3.attn.k_proj,fraction__h.3.attn.o_proj,expected__h.3.attn.o_proj,fraction__h.3.attn.q_proj,expected__h.3.attn.q_proj,fraction__h.3.attn.v_proj,expected__h.3.attn.v_proj,fraction__h.3.mlp.c_fc,expected__h.3.mlp.c_fc,fraction__h.3.mlp.down_proj,expected__h.3.mlp.down_proj
0,1,83,2,0.024096385542168676,0.013060582218725414,,0.0,0.0,0.014925373134328358,0.0,0.03225806451612903,,0.0,0.0,0.01092896174863388,0.0,0.007658643326039387,0.0,0.038461538461538464,0.0,0.01904761904761905,1.0,0.125,0.0,0.008298755186721992,0.0,0.007874015748031496,0.0,0.0111731843575419,0.0,0.01904761904761905,0.0,0.023474178403755867,0.0,0.019230769230769232,0.0,0.006289308176100629,0.0,0.012626262626262626,0.0,0.013333333333333334,0.0,0.05660377358490566,0.25,0.01680672268907563,0.0,0.029411764705882353,0.0,0.029801324503311258,0.0,0.016908212560386472,0.0,0.0175054704595186
0,2,441,43,0.09750566893424037,0.06939417781274587,0.0,0.06060606060606061,0.0,0.04975124378109453,0.0,0.03225806451612903,0.16666666666666666,0.014598540145985401,0.0,0.04007285974499089,0.125,0.0350109409190372,0.0,0.07692307692307693,0.28,0.23809523809523808,1.0,0.125,0.1111111111111111,0.07468879668049792,0.125,0.06299212598425197,0.06666666666666667,0.04189944134078212,0.07692307692307693,0.12380952380952381,0.037037037037037035,0.1267605633802817,0.3333333333333333,0.28846153846153844,0.16216216216216217,0.07756813417190776,0.041666666666666664,0.06060606060606061,0.04,0.05555555555555555,0.14285714285714285,0.1320754716981132,0.125,0.10084033613445378,0.0,0.17647058823529413,0.1,0.06622516556291391,0.02127659574468085,0.11352657004830918,0.06818181818181818,0.0962800875273523
0,2a,811,148,0.18249075215782984,0.12761605035405194,0.14285714285714285,0.10606060606060606,0.0625,0.07960199004975124,0.0,0.0967741935483871,0.047619047619047616,0.051094890510948905,0.12195121951219512,0.07468123861566485,0.11428571428571428,0.07658643326039387,0.0,0.07692307692307693,0.4666666666666667,0.42857142857142855,1.0,0.125,0.1111111111111111,0.11203319502074689,0.16,0.0984251968503937,0.03571428571428571,0.0782122905027933,0.2916666666666667,0.22857142857142856,0.1590909090909091,0.20657276995305165,0.5238095238095238,0.40384615384615385,0.1935483870967742,0.129979035639413,0.16666666666666666,0.13636363636363635,0.14545454545454545,0.12222222222222222,0.14285714285714285,0.1320754716981132,0.30612244897959184,0.20588235294117646,0.375,0.23529411764705882,0.13513513513513514,0.12251655629139073,0.17073170731707318,0.19806763285024154,0.12195121951219512,0.17943107221006566
0,2b,1208,299,0.24751655629139072,0.1900865460267506,0.125,0.12121212121212122,0.25925925925925924,0.13432835820895522,0.14285714285714285,0.22580645161290322,0.058823529411764705,0.0827250608272506,0.13793103448275862,0.10564663023679417,0.14705882352941177,0.11159737417943107,0.0,0.11538461538461539,0.46153846153846156,0.49523809523809526,1.0,0.125,0.27450980392156865,0.21161825726141079,0.21951219512195122,0.16141732283464566,0.06,0.13966480446927373,0.3448275862068966,0.2761904761904762,0.2857142857142857,0.3286384976525822,0.6,0.5769230769230769,0.2564102564102564,0.16352201257861634,0.2619047619047619,0.21212121212121213,0.18518518518518517,0.18,0.25,0.1509433962264151,0.3670886075949367,0.3319327731092437,0.35714285714285715,0.4117647058823529,0.11764705882352941,0.16887417218543047,0.2845528455284553,0.2971014492753623,0.25196850393700787,0.2778993435448578
0,3,1855,619,0.3336927223719677,0.29189614476789927,0.1111111111111111,0.13636363636363635,0.2,0.22388059701492538,0.125,0.25806451612903225,0.17543859649122806,0.1386861313868613,0.18556701030927836,0.1766848816029144,0.1807909604519774,0.1936542669584245,0.0,0.19230769230769232,0.6086956521739131,0.6571428571428571,1.0,0.125,0.34615384615384615,0.3236514522821577,0.2714285714285714,0.2755905511811024,0.23404255319148937,0.26256983240223464,0.37209302325581395,0.4095238095238095,0.4563106796116505,0.4835680751173709,0.6470588235294118,0.6538461538461539,0.40993788819875776,0.33752620545073375,0.38392857142857145,0.2828282828282828,0.23076923076923078,0.26,0.3333333333333333,0.2830188679245283,0.4485981308411215,0.4495798319327731,0.375,0.47058823529411764,0.25301204819277107,0.27483443708609273,0.37575757575757573,0.39855072463768115,0.3915343915343915,0.4135667396061269
0,4,3605,2110,0.5852981969486823,0.5672698662470496,0.3076923076923077,0.3939393939393939,0.4,0.39800995024875624,0.5789473684210527,0.6129032258064516,0.38562091503267976,0.3722627737226277,0.46473029045643155,0.43897996357012753,0.4820627802690583,0.487964989059081,0.45454545454545453,0.4230769230769231,0.759493670886076,0.7523809523809524,0.3333333333333333,0.375,0.5862068965517241,0.6016597510373444,0.518796992481203,0.5236220472440944,0.5714285714285714,0.5865921787709497,0.6666666666666666,0.6571428571428571,0.6973684210526315,0.7136150234741784,0.8913043478260869,0.8846153846153846,0.676923076923077,0.6813417190775681,0.5770925110132159,0.5732323232323232,0.6505190311418685,0.6422222222222222,0.6060606060606061,0.6226415094339622,0.6975308641975309,0.680672268907563,0.6086956521739131,0.6764705882352942,0.6698564593301436,0.6920529801324503,0.5951417004048583,0.5966183574879227,0.6028880866425993,0.6061269146608315
0,5,4700,3535,0.752127659574468,0.7395751376868608,0.5294117647058824,0.5151515151515151,0.6190476190476191,0.6268656716417911,0.7142857142857143,0.6774193548387096,0.547085201793722,0.5425790754257908,0.5963855421686747,0.604735883424408,0.6429752066115703,0.661925601750547,0.7058823529411765,0.6538461538461539,0.9278350515463918,0.9238095238095239,0.8571428571428571,0.875,0.711864406779661,0.7344398340248963,0.6646706586826348,0.65748031496063,0.794425087108014,0.8016759776536313,0.7875,0.7619047619047619,0.8776595744680851,0.8826291079812206,0.9375,0.9230769230769231,0.8421052631578947,0.8364779874213837,0.7297297297297297,0.7474747474747475,0.8288043478260869,0.8177777777777778,0.7692307692307693,0.7358490566037735,0.8840579710144928,0.8697478991596639,0.8214285714285714,0.8235294117647058,0.836,0.8278145695364238,0.778125,0.7729468599033816,0.828125,0.8402625820568927
0,6,5644,5037,0.8924521615875266,0.888119590873328,0.7843137254901961,0.7727272727272727,0.7974683544303798,0.7860696517412935,0.7391304347826086,0.7419354838709677,0.7483660130718954,0.7445255474452555,0.8263736263736263,0.8287795992714025,0.8535031847133758,0.8588621444201313,0.9166666666666666,0.9230769230769231,0.9903846153846154,0.9904761904761905,0.8571428571428571,0.875,0.8837209302325582,0.8921161825726142,0.8260869565217391,0.8149606299212598,0.8836477987421384,0.888268156424581,0.8901098901098901,0.8666666666666667,0.9507389162561576,0.9530516431924883,1.0,1.0,0.9181818181818182,0.9224318658280922,0.9178082191780822,0.9217171717171717,0.9458823529411765,0.9444444444444444,0.8913043478260869,0.8679245283018868,0.9515418502202643,0.9537815126050421,0.8666666666666667,0.8823529411764706,0.9620689655172414,0.9602649006622517,0.9405684754521964,0.9347826086956522,0.9494252873563218,0.9518599562363238
0,7,6104,5864,0.9606815203145478,0.9605035405192761,0.9166666666666666,0.9090909090909091,0.9585492227979274,0.9601990049751243,0.9310344827586207,0.9354838709677419,0.8635097493036211,0.8734793187347932,0.9230769230769231,0.9234972677595629,0.9517795637198623,0.9529540481400438,1.0,1.0,1.0,1.0,0.8571428571428571,0.875,0.9237668161434978,0.9253112033195021,0.9545454545454546,0.952755905511811,0.9593023255813954,0.9608938547486033,0.9387755102040817,0.9333333333333333,0.9857142857142858,0.9859154929577465,1.0,1.0,0.9630434782608696,0.9643605870020965,0.9897959183673469,0.98989898989899,0.9819004524886877,0.9822222222222222,0.9607843137254902,0.9622641509433962,0.9957805907172996,0.9957983193277311,1.0,1.0,0.9933333333333333,0.9933774834437086,0.9902439024390244,0.9903381642512077,0.9889380530973452,0.9890590809628009
0,8,6361,6350,0.9982707121521773,1.0009441384736428,1.0,1.0,0.9901477832512315,1.0099502487562189,1.0,1.0,0.9879807692307693,1.0121654501216546,0.9981785063752276,1.0,0.9989071038251366,1.00109409190372,1.0,1.0,1.0,1.0,1.0,1.0,1.0,1.0,0.9960474308300395,0.9960629921259843,1.0,1.0,1.0,1.0,1.0,1.0,1.0,1.0,0.9978991596638656,0.9979035639412998,1.0,1.0,1.0,1.0,1.0,1.0,1.0,1.0,1.0,1.0,1.0,1.0,1.0,1.0,1.0,1.0
1,1,71,0,0.0,0.011172305271439812,0.0,0.015151515151515152,0.0,0.009950248756218905,0.0,0.03225806451612903,0.0,0.0024330900243309003,0.0,0.0018214936247723133,0.0,0.0010940919037199124,0.0,0.038461538461538464,0.0,0.009523809523809525,0.0,0.125,0.0,0.004149377593360996,0.0,0.007874015748031496,0.0,0.0111731843575419,0.0,0.009523809523809525,0.0,0.028169014084507043,0.0,0.057692307692307696,,0.0,0.0,0.025252525252525252,0.0,0.008888888888888889,0.0,0.018867924528301886,0.0,0.025210084033613446,0.0,0.08823529411764706,,0.0,0.0,0.028985507246376812,0.0,0.0175054704595186
1,2,427,37,0.08665105386416862,0.06719118804091266,0.0,0.06060606060606061,0.08333333333333333,0.05970149253731343,0.0,0.12903225806451613,0.0,0.021897810218978103,0.0,0.03642987249544627,0.0,0.024070021881838075,0.0,0.11538461538461539,0.14285714285714285,0.13333333333333333,0.0,0.125,0.0,0.05394190871369295,0.0625,0.06299212598425197,0.05555555555555555,0.05027932960893855,0.11764705882352941,0.1619047619047619,0.16666666666666666,0.14084507042253522,0.5,0.2692307692307692,0.0,0.041928721174004195,0.05263157894736842,0.09595959595959595,0.08695652173913043,0.051111111111111114,0.0,0.09433962264150944,0.13043478260869565,0.09663865546218488,0.0,0.14705882352941177,0.06666666666666667,0.04966887417218543,0.058823529411764705,0.12318840579710146,0.14,0.10940919037199125
1,2a,602,71,0.11794019933554817,0.09472856018882769,0.0,0.06060606060606061,0.25,0.07960199004975124,0.2,0.16129032258064516,0.0,0.0340632603406326,0.0,0.04918032786885246,0.030303030303030304,0.036105032822757115,0.0,0.11538461538461539,0.10526315789473684,0.18095238095238095,0.0,0.125,0.045454545454545456,0.0912863070539419,0.05,0.07874015748031496,0.11538461538461539,0.07262569832402235,0.11764705882352941,0.1619047619047619,0.1794871794871795,0.18309859154929578,0.47368421052631576,0.36538461538461536,0.08,0.05241090146750524,0.10204081632653061,0.12373737373737374,0.05555555555555555,0.08,0.16666666666666666,0.11320754716981132,0.16216216216216217,0.15546218487394958,0.2857142857142857,0.20588235294117646,0.08333333333333333,0.07947019867549669,0.0958904109589041,0.17632850241545894,0.1625,0.175054704595186
1,2b,1067,240,0.22492970946579194,0.16789929189614478,0.0,0.09090909090909091,0.2413793103448276,0.14427860696517414,0.16666666666666666,0.1935483870967742,0.04,0.06082725060827251,0.09433962264150944,0.0965391621129326,0.10843373493975904,0.09080962800875274,0.0,0.15384615384615385,0.4222222222222222,0.42857142857142855,0.0,0.125,0.19047619047619047,0.17427385892116182,0.06451612903225806,0.1220472440944882,0.16279069767441862,0.12011173184357542,0.2,0.23809523809523808,0.3559322033898305,0.27699530516431925,0.6333333333333333,0.5769230769230769,0.15384615384615385,0.1090146750524109,0.19230769230769232,0.19696969696969696,0.1506849315068493,0.1622222222222222,0.3333333333333333,0.16981132075471697,0.2923076923076923,0.27310924369747897,0.45454545454545453,0.3235294117647059,0.10526315789473684,0.12582781456953643,0.2605042016806723,0.28743961352657005,0.2857142857142857,0.3063457330415755
1,3,1770,585,0.3305084745762712,0.27852084972462626,0.25,0.12121212121212122,0.2641509433962264,0.263681592039801,0.1111111111111111,0.2903225806451613,0.10869565217391304,0.11192214111922141,0.1875,0.17486338797814208,0.1986754966887417,0.1652078774617068,0.2,0.19230769230769232,0.53125,0.6095238095238096,0.0,0.125,0.23809523809523808,0.26141078838174275,0.1,0.1968503937007874,0.18421052631578946,0.2122905027932961,0.375,0.38095238095238093,0.49523809523809526,0.49295774647887325,0.7222222222222222,0.6923076923076923,0.2608695652173913,0.24109014675052412,0.29914529914529914,0.29545454545454547,0.3591549295774648,0.31555555555555553,0.21428571428571427,0.2641509433962264,0.514018691588785,0.4495798319327731,0.4666666666666667,0.4411764705882353,0.17105263157894737,0.25165562913907286,0.3727810650887574,0.4082125603864734,0.4528301886792453,0.4638949671772429
1,4,2046,703,0.34359726295210163,0.32195121951219513,0.3,0.15151515151515152,0.1724137931034483,0.14427860696517414,0.0,0.1935483870967742,0.07407407407407407,0.13138686131386862,0.19148936170212766,0.2568306010928962,0.3107569721115538,0.27461706783369805,0.16666666666666666,0.23076923076923078,0.4745762711864407,0.5619047619047619,0.0,0.25,0.37362637362637363,0.3775933609958506,0.21428571428571427,0.2755905511811024,0.1958762886597938,0.2709497206703911,0.5882352941176471,0.6476190476190476,0.5052631578947369,0.4460093896713615,0.7692307692307693,0.75,0.48917748917748916,0.48427672955974843,0.28225806451612906,0.31313131313131315,0.29931972789115646,0.32666666666666666,0.5925925925925926,0.5094339622641509,0.3698630136986301,0.3067226890756303,0.5384615384615384,0.38235294117647056,0.30392156862745096,0.33774834437086093,0.30718954248366015,0.3695652173913043,0.3227848101265823,0.34573304157549234
1,5,4415,3182,0.7207248018120045,0.6947285601888277,0.5517241379310345,0.4393939393939394,0.5306122448979592,0.48756218905472637,0.4375,0.5161290322580645,0.46994535519125685,0.44525547445255476,0.5838509316770186,0.5865209471766849,0.6861435726210351,0.6553610503282276,0.36363636363636365,0.4230769230769231,0.8695652173913043,0.8761904761904762,0.25,0.5,0.5947712418300654,0.6348547717842323,0.5625,0.5669291338582677,0.680161943319838,0.6899441340782123,0.7530864197530864,0.7714285714285715,0.875,0.863849765258216,0.9591836734693877,0.9423076923076923,0.7845744680851063,0.7882599580712788,0.7551724137931034,0.7323232323232324,0.7897727272727273,0.7822222222222223,0.7105263157894737,0.7169811320754716,0.8535353535353535,0.8319327731092437,0.7777777777777778,0.7941176470588235,0.7942386831275721,0.804635761589404,0.7770897832817337,0.7801932367149759,0.7724719101123596,0.7789934354485777
1,6,5431,4698,0.865034063708341,0.8546026750590087,0.7391304347826086,0.696969696969697,0.7549668874172185,0.7512437810945274,0.6190476190476191,0.6774193548387096,0.6851851851851852,0.656934306569343,0.7963386727688787,0.7959927140255009,0.8538461538461538,0.8533916849015317,0.6470588235294118,0.6538461538461539,0.9903846153846154,0.9904761904761905,0.4,0.625,0.8020833333333334,0.7966804979253111,0.7340425531914894,0.7401574803149606,0.831081081081081,0.8268156424581006,0.8295454545454546,0.8380952380952381,0.9558823529411765,0.9577464788732394,1.0,0.9807692307692307,0.8951048951048951,0.89937106918239,0.8929577464788733,0.8964646464646465,0.927710843373494,0.9222222222222223,0.813953488372093,0.8113207547169812,0.9504504504504504,0.9327731092436975,0.8666666666666667,0.8823529411764706,0.9175627240143369,0.9238410596026491,0.9268929503916449,0.9251207729468599,0.9317647058823529,0.9299781181619255
1,7,5979,5649,0.9448068238835926,0.9408339889850511,0.8181818181818182,0.8333333333333334,0.907103825136612,0.9104477611940298,0.8518518518518519,0.8709677419354839,0.8411764705882353,0.8272506082725061,0.9094567404426559,0.9052823315118397,0.9402810304449649,0.9343544857768052,0.7619047619047619,0.8076923076923077,1.0,1.0,0.4,0.625,0.8878504672897196,0.8879668049792531,0.9184549356223176,0.9173228346456693,0.9436201780415431,0.9413407821229051,0.9278350515463918,0.9238095238095239,0.9759615384615384,0.9765258215962441,1.0,1.0,0.9607843137254902,0.9622641509433962,0.979381443298969,0.9797979797979798,0.981859410430839,0.98,0.9166666666666666,0.9056603773584906,0.9829059829059829,0.9831932773109243,0.9375,0.9411764705882353,0.976271186440678,0.9768211920529801,0.980246913580247,0.9782608695652174,0.9821826280623608,0.9824945295404814
2,1,78,0,0.0,0.012273800157356412,0.0,0.015151515151515152,0.0,0.01990049751243781,0.0,0.06451612903225806,,0.0,0.0,0.007285974499089253,0.0,0.0087527352297593,0.0,0.038461538461538464,0.0,0.0380952380952381,0.0,0.125,0.0,0.016597510373443983,0.0,0.007874015748031496,0.0,0.00558659217877095,0.0,0.01904761904761905,0.0,0.009389671361502348,0.0,0.019230769230769232,0.0,0.018867924528301886,0.0,0.005050505050505051,0.0,0.006666666666666667,0.0,0.03773584905660377,0.0,0.02100840336134454,0.0,0.029411764705882353,0.0,0.026490066225165563,0.0,0.007246376811594203,0.0,0.015317286652078774
2,2,365,25,0.0684931506849315,0.057435090479937057,0.0,0.030303030303030304,0.07692307692307693,0.06467661691542288,0.0,0.16129032258064516,0.0,0.014598540145985401,0.09090909090909091,0.04007285974499089,0.0,0.02735229759299781,0.0,0.038461538461538464,0.0625,0.1523809523809524,0.0,0.125,0.0,0.04979253112033195,0.11764705882352941,0.06692913385826772,0.09090909090909091,0.030726256983240222,0.0,0.05714285714285714,0.06666666666666667,0.07042253521126761,0.2727272727272727,0.21153846153846154,0.11764705882352941,0.03563941299790356,0.10714285714285714,0.0707070707070707,0.0,0.04666666666666667,0.0,0.03773584905660377,0.0,0.09663865546218488,0.2,0.14705882352941177,0.0,0.04304635761589404,0.10416666666666667,0.11594202898550725,0.06666666666666667,0.09846827133479212
2,2a,718,96,0.13370473537604458,0.11298190401258851,0.0,0.09090909090909091,0.05263157894736842,0.0945273631840796,0.0,0.1935483870967742,0.05,0.04866180048661801,0.07142857142857142,0.07650273224043716,0.05084745762711865,0.06455142231947483,0.0,0.11538461538461539,0.1935483870967742,0.29523809523809524,0.0,0.125,0.13333333333333333,0.12448132780082988,0.11538461538461539,0.10236220472440945,0.12,0.06983240223463687,0.23809523809523808,0.2,0.14814814814814814,0.1267605633802817,0.4,0.38461538461538464,0.17142857142857143,0.07337526205450734,0.14583333333333334,0.12121212121212122,0.11320754716981132,0.11777777777777777,0.2,0.09433962264150944,0.030303030303030304,0.13865546218487396,0.25,0.23529411764705882,0.0,0.07947019867549669,0.20224719101123595,0.21497584541062803,0.16091954022988506,0.19037199124726478
2,2b,1190,290,0.24369747899159663,0.1872541306058222,0.0,0.13636363636363635,0.043478260869565216,0.11442786069651742,0.0,0.1935483870967742,0.11428571428571428,0.0851581508515815,0.11666666666666667,0.1092896174863388,0.10112359550561797,0.09737417943107221,0.0,0.15384615384615385,0.4528301886792453,0.5047619047619047,0.0,0.125,0.25,0.2157676348547718,0.08108108108108109,0.14566929133858267,0.15555555555555556,0.12569832402234637,0.29411764705882354,0.3238095238095238,0.3333333333333333,0.30985915492957744,0.7352941176470589,0.6538461538461539,0.18181818181818182,0.16142557651991615,0.275,0.20202020202020202,0.1590909090909091,0.19555555555555557,0.18181818181818182,0.20754716981132076,0.37333333333333335,0.31512605042016806,0.3333333333333333,0.35294117647058826,0.11428571428571428,0.11589403973509933,0.3046875,0.30917874396135264,0.27941176470588236,0.2975929978118162
2,3,1817,617,0.3395707209686296,0.28591660110149486,0.0,0.18181818181818182,0.0625,0.15920398009950248,0.0,0.1935483870967742,0.1774193548387097,0.15085158150851583,0.14736842105263157,0.17304189435336975,0.2111801242236025,0.1761487964989059,0.0,0.19230769230769232,0.6376811594202898,0.6571428571428571,0.0,0.125,0.3,0.29045643153526973,0.21153846153846154,0.2047244094488189,0.20833333333333334,0.2011173184357542,0.46808510638297873,0.44761904761904764,0.47706422018348627,0.5117370892018779,0.75,0.7692307692307693,0.31788079470198677,0.3165618448637317,0.34513274336283184,0.28535353535353536,0.2907801418439716,0.31333333333333335,0.3076923076923077,0.24528301886792453,0.5,0.46218487394957986,0.4666666666666667,0.4411764705882353,0.2318840579710145,0.22847682119205298,0.36363636363636365,0.39855072463768115,0.4396135265700483,0.45295404814004375
2,4,2795,1281,0.45831842576028625,0.43981117230527145,0.3125,0.24242424242424243,0.17857142857142858,0.27860696517412936,0.3333333333333333,0.3870967741935484,0.3181818181818182,0.26763990267639903,0.3671497584541063,0.3770491803278688,0.4323607427055703,0.412472647702407,0.0,0.19230769230769232,0.6029411764705882,0.6476190476190476,0.0,0.25,0.46938775510204084,0.4066390041493776,0.40594059405940597,0.39763779527559057,0.39436619718309857,0.39664804469273746,0.5806451612903226,0.5904761904761905,0.4387755102040816,0.460093896713615,0.8409090909090909,0.8461538461538461,0.4311111111111111,0.4716981132075472,0.4607329842931937,0.4823232323232323,0.5258620689655172,0.5155555555555555,0.5357142857142857,0.5283018867924528,0.4766355140186916,0.4495798319327731,0.625,0.47058823529411764,0.5095541401273885,0.5198675496688742,0.536036036036036,0.5362318840579711,0.4840182648401826,0.47921225382932164
2,5,4654,3465,0.7445208422862054,0.7323367427222659,0.6153846153846154,0.5909090909090909,0.64,0.6218905472636815,0.35714285714285715,0.45161290322580644,0.4752475247524752,0.49148418491484186,0.6228571428571429,0.6375227686703097,0.6876971608832808,0.6936542669584245,0.6470588235294118,0.6538461538461539,0.8461538461538461,0.8666666666666667,0.6,0.625,0.7192982456140351,0.7095435684647303,0.6521739130434783,0.6338582677165354,0.701195219123506,0.7011173184357542,0.7564102564102564,0.7428571428571429,0.8453038674033149,0.8497652582159625,0.9148936170212766,0.9038461538461539,0.7979002624671916,0.7987421383647799,0.7813504823151125,0.7853535353535354,0.8238482384823849,0.82,0.7105263157894737,0.7169811320754716,0.8391959798994975,0.8361344537815126,0.8333333333333334,0.7058823529411765,0.8185483870967742,0.8211920529801324,0.8112094395280236,0.8188405797101449,0.8258575197889182,0.8293216630196937
2,6,5500,4807,0.874,0.8654602675059009,0.7924528301886793,0.803030303030303,0.8282208588957055,0.8109452736318408,0.5263157894736842,0.6129032258064516,0.7123287671232876,0.7104622871046229,0.8108108108108109,0.8087431693989071,0.8521400778210116,0.8435448577680525,0.6470588235294118,0.6538461538461539,0.9705882352941176,0.9714285714285714,0.6,0.625,0.8415841584158416,0.8381742738589212,0.8009950248756219,0.7913385826771654,0.8438538205980066,0.840782122905028,0.8314606741573034,0.8476190476190476,0.9556650246305419,0.9530516431924883,0.9803921568627451,0.9807692307692307,0.9025522041763341,0.9035639412997903,0.9078212290502793,0.9040404040404041,0.9280575539568345,0.9266666666666666,0.8372093023255814,0.8113207547169812,0.9464285714285714,0.9411764705882353,0.9,0.8823529411764706,0.9288256227758007,0.9304635761589404,0.9153439153439153,0.9130434782608695,0.9317647058823529,0.9299781181619255
2,7,6030,5745,0.9527363184079602,0.9488591660110149,0.9344262295081968,0.9242424242424242,0.9308510638297872,0.9353233830845771,0.8518518518518519,0.8709677419354839,0.8595988538681948,0.8491484184914841,0.9183266932270916,0.9143897996357013,0.9454123112659698,0.9420131291028446,0.8181818181818182,0.8461538461538461,0.9903846153846154,0.9904761904761905,1.0,0.875,0.9036697247706422,0.9045643153526971,0.8828828828828829,0.8740157480314961,0.9369369369369369,0.9301675977653632,0.9603960396039604,0.9619047619047619,0.990521327014218,0.9906103286384976,1.0,1.0,0.9492273730684326,0.949685534591195,0.9897959183673469,0.98989898989899,0.9841986455981941,0.9844444444444445,0.9183673469387755,0.9245283018867925,0.9915254237288136,0.9915966386554622,0.9696969696969697,0.9705882352941176,0.9933333333333333,0.9933774834437086,0.9927007299270073,0.9927536231884058,0.9956043956043956,0.9956236323851203
3,1,58,1,0.017241379310344827,0.009126671911880409,0.0,0.015151515151515152,0.0,0.004975124378109453,,0.0,0.0,0.0072992700729927005,0.0,0.00546448087431694,0.0,0.005470459518599562,0.0,0.038461538461538464,0.0,0.009523809523809525,0.0,0.125,0.0,0.012448132780082987,0.0,0.003937007874015748,0.0,0.00558659217877095,0.0,0.01904761904761905,0.0,0.014084507042253521,0.0,0.019230769230769232,0.0,0.010482180293501049,0.0,0.0025252525252525255,0.0,0.0022222222222222222,0.0,0.03773584905660377,0.0,0.01680672268907563,0.5,0.058823529411764705,0.0,0.016556291390728478,0.0,0.012077294685990338,0.0,0.010940919037199124
3,2,565,59,0.10442477876106195,0.0889063729346971,0.16666666666666666,0.09090909090909091,0.0,0.06467661691542288,0.0,0.12903225806451613,0.0,0.051094890510948905,0.03125,0.058287795992714025,0.01818181818181818,0.060175054704595186,0.0,0.07692307692307693,0.19230769230769232,0.24761904761904763,0.0,0.125,0.125,0.0995850622406639,0.1111111111111111,0.1062992125984252,0.04,0.06983240223463687,0.17391304347826086,0.21904761904761905,0.13043478260869565,0.107981220657277,0.15384615384615385,0.25,0.15476190476190477,0.1761006289308176,0.0967741935483871,0.07828282828282829,0.1,0.06666666666666667,0.0,0.09433962264150944,0.06666666666666667,0.06302521008403361,0.5,0.11764705882352941,0.1,0.06622516556291391,0.0975609756097561,0.09903381642512077,0.175,0.087527352297593
3,2a,769,107,0.13914174252275682,0.12100708103855232,0.16666666666666666,0.09090909090909091,0.0,0.07462686567164178,0.0,0.12903225806451613,0.0,0.06326034063260341,0.07142857142857142,0.07650273224043716,0.05405405405405406,0.08096280087527352,0.0,0.07692307692307693,0.30303030303030304,0.3142857142857143,0.0,0.125,0.14285714285714285,0.11618257261410789,0.13333333333333333,0.11811023622047244,0.03333333333333333,0.08379888268156424,0.21428571428571427,0.26666666666666666,0.16666666666666666,0.14084507042253522,0.3125,0.3076923076923077,0.18085106382978725,0.1970649895178197,0.1836734693877551,0.12373737373737374,0.10416666666666667,0.10666666666666667,0.16666666666666666,0.11320754716981132,0.11538461538461539,0.1092436974789916,0.4,0.14705882352941177,0.08333333333333333,0.11920529801324503,0.18571428571428572,0.16908212560386474,0.15714285714285714,0.15317286652078774
3,2b,1274,287,0.22527472527472528,0.2004720692368214,0.125,0.12121212121212122,0.15151515151515152,0.16417910447761194,0.0,0.22580645161290322,0.10416666666666667,0.11678832116788321,0.15714285714285714,0.12750455373406194,0.0967741935483871,0.13566739606126915,0.0,0.11538461538461539,0.4375,0.45714285714285713,0.0,0.125,0.21568627450980393,0.21161825726141079,0.14634146341463414,0.16141732283464566,0.06976744186046512,0.12011173184357542,0.3235294117647059,0.3238095238095238,0.25757575757575757,0.30985915492957744,0.5806451612903226,0.5961538461538461,0.272,0.2620545073375262,0.23943661971830985,0.17929292929292928,0.22340425531914893,0.2088888888888889,0.15384615384615385,0.24528301886792453,0.2,0.25210084033613445,0.45454545454545453,0.3235294117647059,0.18333333333333332,0.1986754966887417,0.29411764705882354,0.28743961352657005,0.25663716814159293,0.24726477024070023
3,3,1856,625,0.33674568965517243,0.2920535011801731,0.25,0.18181818181818182,0.17073170731707318,0.20398009950248755,0.36363636363636365,0.3548387096774194,0.11475409836065574,0.14841849148418493,0.16161616161616163,0.18032786885245902,0.17543859649122806,0.18708971553610504,0.0,0.15384615384615385,0.532258064516129,0.5904761904761905,0.0,0.125,0.2916666666666667,0.2987551867219917,0.16981132075471697,0.20866141732283464,0.22666666666666666,0.20949720670391062,0.40476190476190477,0.4,0.47706422018348627,0.5117370892018779,0.8,0.7692307692307693,0.32098765432098764,0.33962264150943394,0.3225806451612903,0.31313131313131315,0.4013605442176871,0.32666666666666666,0.3157894736842105,0.3584905660377358,0.37894736842105264,0.39915966386554624,0.4166666666666667,0.35294117647058826,0.39603960396039606,0.3344370860927152,0.41025641025641024,0.37681159420289856,0.40106951871657753,0.40919037199124725
3,4,489,38,0.07770961145194274,0.07694728560188828,0.0,0.06060606060606061,0.0,0.05472636815920398,0.0,0.03225806451612903,0.0,0.04866180048661801,0.10256410256410256,0.07103825136612021,0.07246376811594203,0.07549234135667396,0.0,0.15384615384615385,0.058823529411764705,0.1619047619047619,0.0,0.125,0.14285714285714285,0.08713692946058091,0.04,0.0984251968503937,0.17647058823529413,0.09497206703910614,0.19047619047619047,0.2,0.1111111111111111,0.04225352112676056,0.0,0.11538461538461539,0.0,0.06918238993710692,0.1111111111111111,0.09090909090909091,0.03333333333333333,0.06666666666666667,0.0,0.22641509433962265,0.08333333333333333,0.05042016806722689,0.5,0.11764705882352941,0.0,0.052980132450331126,0.08108108108108109,0.0893719806763285,0.07407407407407407,0.05908096280087528
3,5,4431,3128,0.7059354547506206,0.6972462627852085,0.6976744186046512,0.6515151515151515,0.6134453781512605,0.5920398009950248,0.6470588235294118,0.5483870967741935,0.48325358851674644,0.5085158150851582,0.624633431085044,0.6211293260473588,0.6655574043261231,0.6575492341356673,0.625,0.6153846153846154,0.8426966292134831,0.8476190476190476,0.3333333333333333,0.375,0.6686746987951807,0.6887966804979253,0.5035971223021583,0.547244094488189,0.6340425531914894,0.6564245810055865,0.775,0.7619047619047619,0.7696969696969697,0.7746478873239436,0.8913043478260869,0.8846153846153846,0.7611111111111111,0.7547169811320755,0.7294520547945206,0.7373737373737373,0.7485380116959064,0.76,0.6571428571428571,0.660377358490566,0.7938144329896907,0.8151260504201681,0.76,0.7352941176470589,0.7434782608695653,0.7615894039735099,0.7857142857142857,0.7777777777777778,0.8038674033149171,0.7921225382932167
3,6,5453,4718,0.865211810012837,0.8580645161290322,0.78,0.7575757575757576,0.7814569536423841,0.7512437810945274,0.875,0.7741935483870968,0.6654676258992805,0.6763990267639902,0.8076923076923077,0.8051001821493625,0.8576923076923076,0.8533916849015317,0.7368421052631579,0.7307692307692307,0.9603960396039604,0.9619047619047619,0.3333333333333333,0.375,0.8159203980099502,0.8340248962655602,0.751269035532995,0.7755905511811023,0.8366666666666667,0.8379888268156425,0.8666666666666667,0.8571428571428571,0.9507389162561576,0.9530516431924883,0.9803921568627451,0.9807692307692307,0.9251700680272109,0.9245283018867925,0.8764367816091954,0.8787878787878788,0.912621359223301,0.9155555555555556,0.7857142857142857,0.7924528301886793,0.9466666666666667,0.9453781512605042,0.7777777777777778,0.7941176470588235,0.8917910447761194,0.8874172185430463,0.9177718832891246,0.9106280193236715,0.9267139479905437,0.925601750547046
3,7,6020,5716,0.9495016611295681,0.9472856018882769,0.896551724137931,0.8787878787878788,0.9414893617021277,0.9353233830845771,0.9259259259259259,0.8709677419354839,0.8591549295774648,0.8637469586374696,0.9078156312625251,0.9089253187613844,0.953970080552359,0.9507658643326039,0.8571428571428571,0.8076923076923077,0.9903846153846154,0.9904761904761905,0.6,0.625,0.8986175115207373,0.9004149377593361,0.8794642857142857,0.8818897637795275,0.943952802359882,0.946927374301676,0.9278350515463918,0.9238095238095239,0.9857142857142858,0.9859154929577465,1.0,1.0,0.9585152838427947,0.960167714884696,0.9714285714285714,0.9722222222222222,0.9887387387387387,0.9866666666666667,0.8958333333333334,0.9056603773584906,0.9872340425531915,0.9873949579831933,1.0,1.0,0.976271186440678,0.9768211920529801,0.9828009828009828,0.9830917874396136,0.9821826280623608,0.9824945295404814
4,1,94,1,0.010638297872340425,0.014791502753737215,0.0,0.015151515151515152,0.0,0.004975124378109453,0.0,0.03225806451612903,0.0,0.0072992700729927005,0.0,0.01092896174863388,0.0,0.006564551422319475,0.0,0.038461538461538464,0.0,0.047619047619047616,0.0,0.125,0.0,0.008298755186721992,0.0,0.015748031496062992,0.0,0.019553072625698324,,0.0,0.0,0.03286384976525822,0.0,0.1346153846153846,0.0,0.0020964360587002098,0.08333333333333333,0.030303030303030304,0.0,0.015555555555555555,,0.0,0.0,0.01680672268907563,,0.0,0.0,0.0033112582781456954,0.0,0.016908212560386472,0.0,0.02188183807439825
4,2,380,46,0.12105263157894737,0.05979543666404406,0.0,0.06060606060606061,0.0,0.04477611940298507,0.0,0.0967741935483871,0.0,0.024330900243309004,0.05555555555555555,0.03278688524590164,0.0,0.020787746170678335,0.0,0.038461538461538464,0.125,0.22857142857142856,0.0,0.125,0.21428571428571427,0.058091286307053944,0.0,0.051181102362204724,0.10526315789473684,0.05307262569832402,0.0,0.12380952380952381,0.13333333333333333,0.14084507042253522,0.375,0.46153846153846156,0.0,0.027253668763102725,0.13793103448275862,0.07323232323232323,0.2,0.05555555555555555,0.0,0.018867924528301886,0.21052631578947367,0.07983193277310924,0.0,0.14705882352941177,0.0,0.013245033112582781,0.17073170731707318,0.09903381642512077,0.0975609756097561,0.08971553610503283
4,2a,671,118,0.17585692995529062,0.10558615263571991,0.16666666666666666,0.09090909090909091,0.0,0.05970149253731343,0.25,0.12903225806451613,0.0625,0.038929440389294405,0.06060606060606061,0.060109289617486336,0.018867924528301886,0.05798687089715536,0.0,0.038461538461538464,0.22857142857142856,0.3333333333333333,0.0,0.125,0.2,0.1037344398340249,0.045454545454545456,0.08661417322834646,0.08,0.06983240223463687,0.07142857142857142,0.13333333333333333,0.3076923076923077,0.24413145539906103,0.6451612903225806,0.5961538461538461,0.043478260869565216,0.04821802935010482,0.18518518518518517,0.13636363636363635,0.13725490196078433,0.11333333333333333,0.0,0.05660377358490566,0.17647058823529413,0.14285714285714285,0.2222222222222222,0.2647058823529412,0.07142857142857142,0.046357615894039736,0.26666666666666666,0.18115942028985507,0.15384615384615385,0.17067833698030635
4,2b,988,232,0.23481781376518218,0.15546813532651454,0.125,0.12121212121212122,0.05,0.09950248756218906,0.5,0.1935483870967742,0.07407407407407407,0.06569343065693431,0.14583333333333334,0.08743169398907104,0.07692307692307693,0.08533916849015317,0.0,0.07692307692307693,0.42857142857142855,0.4666666666666667,0.0,0.125,0.1951219512195122,0.17012448132780084,0.06666666666666667,0.11811023622047244,0.07894736842105263,0.10614525139664804,0.2903225806451613,0.29523809523809524,0.3880597014925373,0.3145539906103286,0.75,0.6923076923076923,0.12,0.10482180293501048,0.1791044776119403,0.1691919191919192,0.20270270270270271,0.16444444444444445,0.0,0.09433962264150944,0.3148148148148148,0.226890756302521,0.2,0.29411764705882354,0.09523809523809523,0.0695364238410596,0.29357798165137616,0.2632850241545894,0.25862068965517243,0.2538293216630197
4,3,1587,488,0.3074984247006931,0.24972462627852085,0.18181818181818182,0.16666666666666666,0.09375,0.15920398009950248,0.375,0.25806451612903225,0.15254237288135594,0.1435523114355231,0.19148936170212766,0.17122040072859745,0.16312056737588654,0.15426695842450766,0.4,0.19230769230769232,0.639344262295082,0.580952380952381,0.0,0.125,0.2753623188405797,0.2863070539419087,0.11764705882352941,0.20078740157480315,0.17391304347826086,0.19273743016759776,0.34285714285714286,0.3333333333333333,0.47474747474747475,0.4647887323943662,0.7560975609756098,0.7884615384615384,0.17582417582417584,0.19077568134171907,0.26666666666666666,0.26515151515151514,0.2809917355371901,0.2688888888888889,0.2222222222222222,0.16981132075471697,0.46236559139784944,0.3907563025210084,0.23076923076923078,0.38235294117647056,0.17857142857142858,0.18543046357615894,0.3961038961038961,0.3719806763285024,0.38461538461538464,0.36980306345733044
4,4,2494,1067,0.42782678428227744,0.3924468922108576,0.15384615384615385,0.19696969696969696,0.26666666666666666,0.29850746268656714,0.5555555555555556,0.2903225806451613,0.1927710843373494,0.20194647201946472,0.2926829268292683,0.2987249544626594,0.3210702341137124,0.32713347921225383,0.6,0.19230769230769232,0.6567164179104478,0.638095238095238,0.5,0.25,0.42727272727272725,0.45643153526970953,0.3522727272727273,0.3464566929133858,0.366412213740458,0.3659217877094972,0.6811594202898551,0.6571428571428571,0.59375,0.6009389671361502,0.7857142857142857,0.8076923076923077,0.5880281690140845,0.5953878406708596,0.375,0.32323232323232326,0.39751552795031053,0.35777777777777775,0.5483870967741935,0.5849056603773585,0.4144144144144144,0.46638655462184875,0.5555555555555556,0.5294117647058824,0.5064102564102564,0.5165562913907285,0.379746835443038,0.38164251207729466,0.3559322033898305,0.387308533916849
4,5,4336,3038,0.7006457564575646,0.6822974036191974,0.39285714285714285,0.42424242424242425,0.5818181818181818,0.5472636815920398,0.6,0.4838709677419355,0.46111111111111114,0.43795620437956206,0.5596330275229358,0.5956284153005464,0.6463414634146342,0.6280087527352297,0.4444444444444444,0.34615384615384615,0.8426966292134831,0.8476190476190476,0.6,0.625,0.6451612903225806,0.6431535269709544,0.6174496644295302,0.5866141732283464,0.708,0.6983240223463687,0.8072289156626506,0.7904761904761904,0.8936170212765957,0.8826291079812206,0.9148936170212766,0.9038461538461539,0.8181818181818182,0.8301886792452831,0.7035714285714286,0.7070707070707071,0.7351190476190477,0.7466666666666667,0.6842105263157895,0.7169811320754716,0.7967914438502673,0.7857142857142857,0.8,0.7352941176470589,0.7543103448275862,0.7682119205298014,0.6813559322033899,0.7125603864734299,0.7366863905325444,0.7396061269146609
4,6,5533,4845,0.8756551599493946,0.8706530291109362,0.75,0.7878787878787878,0.7770700636942676,0.7810945273631841,0.7272727272727273,0.7096774193548387,0.6982456140350877,0.6934306569343066,0.7840909090909091,0.8014571948998178,0.8631178707224335,0.8632385120350109,0.6470588235294118,0.6538461538461539,0.9603960396039604,0.9619047619047619,0.6,0.625,0.8051282051282052,0.8091286307053942,0.7692307692307693,0.7677165354330708,0.8372093023255814,0.840782122905028,0.8913043478260869,0.8761904761904762,0.9658536585365853,0.9624413145539906,0.9803921568627451,0.9807692307692307,0.8951048951048951,0.89937106918239,0.9353099730458221,0.9368686868686869,0.930952380952381,0.9333333333333333,0.8723404255319149,0.8867924528301887,0.9515418502202643,0.9537815126050421,1.0,1.0,0.9361702127659575,0.9337748344370861,0.9293193717277487,0.9227053140096618,0.9470046082949308,0.949671772428884
4,7,6084,5831,0.9584155161078238,0.9573564122738002,0.8983050847457628,0.8939393939393939,0.9247311827956989,0.9253731343283582,0.8888888888888888,0.8709677419354839,0.8522727272727273,0.8564476885644768,0.9273084479371316,0.9271402550091075,0.9660249150622876,0.9660831509846827,0.9166666666666666,0.9230769230769231,0.9903846153846154,0.9904761904761905,1.0,0.875,0.9241071428571429,0.9294605809128631,0.9094827586206896,0.9133858267716536,0.9375,0.9385474860335196,0.9603960396039604,0.9619047619047619,0.9952830188679245,0.9953051643192489,1.0,1.0,0.9675324675324676,0.9685534591194969,0.9819587628865979,0.9797979797979798,0.9887640449438202,0.9888888888888889,0.9607843137254902,0.9622641509433962,0.9872340425531915,0.9873949579831933,1.0,1.0,0.9933333333333333,0.9933774834437086,0.9828009828009828,0.9830917874396136,0.9933920704845814,0.9934354485776805
5,1,51,4,0.0784313725490196,0.008025177025963809,0.0,0.015151515151515152,0.0,0.014925373134328358,0.0,0.03225806451612903,0.0,0.0024330900243309003,1.0,0.0018214936247723133,0.3333333333333333,0.0032822757111597373,0.0,0.038461538461538464,0.0,0.01904761904761905,0.0,0.125,0.0,0.008298755186721992,0.0,0.011811023622047244,0.0,0.008379888268156424,0.0,0.009523809523809525,0.0,0.014084507042253521,0.0,0.019230769230769232,0.0,0.0041928721174004195,1.0,0.0025252525252525255,0.0,0.0044444444444444444,0.0,0.018867924528301886,0.0,0.012605042016806723,0.0,0.029411764705882353,0.0,0.0033112582781456954,0.125,0.01932367149758454,0.0,0.010940919037199124
5,2,302,17,0.056291390728476824,0.04752163650668765,0.25,0.06060606060606061,0.0,0.04477611940298507,0.14285714285714285,0.22580645161290322,0.0,0.019464720194647202,0.05555555555555555,0.03278688524590164,0.1111111111111111,0.019693654266958426,0.0,0.038461538461538464,0.16666666666666666,0.11428571428571428,0.0,0.125,0.058823529411764705,0.07053941908713693,0.0,0.03937007874015748,0.1111111111111111,0.025139664804469275,0.0,0.14285714285714285,0.0,0.051643192488262914,0.0,0.15384615384615385,0.0,0.050314465408805034,0.21428571428571427,0.03535353535353535,0.0,0.028888888888888888,0.0,0.11320754716981132,0.05555555555555555,0.07563025210084033,0.3333333333333333,0.08823529411764706,0.0,0.03642384105960265,0.09375,0.07729468599033816,0.0,0.07221006564551423
5,2a,615,66,0.1073170731707317,0.0967741935483871,0.16666666666666666,0.09090909090909091,0.07692307692307693,0.06467661691542288,0.14285714285714285,0.22580645161290322,0.0,0.031630170316301706,0.08571428571428572,0.06375227686703097,0.05555555555555555,0.03938730853391685,0.0,0.07692307692307693,0.32,0.23809523809523808,0.0,0.125,0.10714285714285714,0.11618257261410789,0.045454545454545456,0.08661417322834646,0.041666666666666664,0.0670391061452514,0.1111111111111111,0.17142857142857143,0.13793103448275862,0.13615023474178403,0.21052631578947367,0.36538461538461536,0.0,0.08176100628930817,0.21951219512195122,0.10353535353535354,0.08888888888888889,0.1,0.2,0.18867924528301888,0.06666666666666667,0.12605042016806722,0.2,0.14705882352941177,0.03125,0.10596026490066225,0.12121212121212122,0.15942028985507245,0.11594202898550725,0.15098468271334792
5,2b,1295,319,0.24633204633204633,0.2037765538945712,0.14285714285714285,0.10606060606060606,0.16,0.12437810945273632,0.14285714285714285,0.22580645161290322,0.029411764705882353,0.0827250608272506,0.140625,0.11657559198542805,0.07608695652173914,0.10065645514223195,0.0,0.11538461538461539,0.4230769230769231,0.49523809523809526,0.0,0.125,0.1509433962264151,0.21991701244813278,0.12244897959183673,0.19291338582677164,0.21428571428571427,0.1564245810055866,0.4,0.38095238095238093,0.2898550724637681,0.323943661971831,0.4838709677419355,0.5961538461538461,0.22330097087378642,0.21593291404612158,0.225,0.20202020202020202,0.2,0.2222222222222222,0.3888888888888889,0.33962264150943394,0.3333333333333333,0.2773109243697479,0.3333333333333333,0.2647058823529412,0.14035087719298245,0.18874172185430463,0.35555555555555557,0.32608695652173914,0.3333333333333333,0.3150984682713348
5,3,1915,677,0.35352480417754567,0.3013375295043273,0.25,0.12121212121212122,0.1891891891891892,0.18407960199004975,0.25,0.3870967741935484,0.10526315789473684,0.1386861313868613,0.19801980198019803,0.18397085610200364,0.13953488372093023,0.18818380743982493,0.0,0.15384615384615385,0.5757575757575758,0.6285714285714286,0.0,0.125,0.28,0.3112033195020747,0.21311475409836064,0.24015748031496062,0.3076923076923077,0.21787709497206703,0.45454545454545453,0.41904761904761906,0.4954128440366973,0.5117370892018779,0.6756756756756757,0.7115384615384616,0.33112582781456956,0.3165618448637317,0.3484848484848485,0.3333333333333333,0.3221476510067114,0.33111111111111113,0.42105263157894735,0.3584905660377358,0.509090909090909,0.46218487394957986,0.42857142857142855,0.4117647058823529,0.34444444444444444,0.2980132450331126,0.4576271186440678,0.427536231884058,0.44549763033175355,0.4617067833698031
5,4,3012,1516,0.5033200531208499,0.47395751376868606,0.26666666666666666,0.22727272727272727,0.3283582089552239,0.3333333333333333,0.4,0.3225806451612903,0.1958762886597938,0.2360097323600973,0.3484848484848485,0.36065573770491804,0.35428571428571426,0.38293216630196936,0.18181818181818182,0.4230769230769231,0.7101449275362319,0.6571428571428571,0.0,0.25,0.4392523364485981,0.44398340248962653,0.4117647058823529,0.4015748031496063,0.4294478527607362,0.4553072625698324,0.6176470588235294,0.6476190476190476,0.6594202898550725,0.647887323943662,0.8666666666666667,0.8653846153846154,0.575187969924812,0.5576519916142557,0.5240384615384616,0.5252525252525253,0.5634920634920635,0.56,0.48148148148148145,0.5094339622641509,0.6527777777777778,0.6050420168067226,0.47058823529411764,0.5,0.6424870466321243,0.6390728476821192,0.5373831775700935,0.5169082125603864,0.5381526104417671,0.5448577680525164
5,5,4376,3097,0.7077239488117002,0.6885916601101495,0.36,0.3787878787878788,0.5462962962962963,0.5373134328358209,0.5714285714285714,0.45161290322580644,0.4301675977653631,0.43552311435523117,0.6371681415929203,0.6174863387978142,0.6554621848739496,0.650984682713348,0.5625,0.6153846153846154,0.8275862068965517,0.8285714285714286,0.0,0.375,0.6582278481012658,0.6556016597510373,0.5342465753424658,0.5748031496062992,0.6694915254237288,0.659217877094972,0.6842105263157895,0.7238095238095238,0.8187134502923976,0.8028169014084507,0.8913043478260869,0.8846153846153846,0.7458563535911602,0.7589098532494759,0.7551724137931034,0.7323232323232324,0.7729885057471264,0.7733333333333333,0.6666666666666666,0.6792452830188679,0.8374384236453202,0.8529411764705882,0.5714285714285714,0.6176470588235294,0.8204081632653061,0.8112582781456954,0.7610062893081762,0.7681159420289855,0.7824858757062146,0.774617067833698
5,6,5633,5022,0.8915320433161725,0.8863886703383163,0.8076923076923077,0.7878787878787878,0.8024691358024691,0.8059701492537313,0.76,0.8064516129032258,0.6794425087108014,0.6982968369829684,0.8266666666666667,0.819672131147541,0.87875,0.87527352297593,0.7,0.7692307692307693,1.0,1.0,0.6,0.625,0.8634146341463415,0.8506224066390041,0.8173076923076923,0.8188976377952756,0.9207317073170732,0.9162011173184358,0.8709677419354839,0.8857142857142857,0.9558823529411765,0.9577464788732394,1.0,1.0,0.9179954441913439,0.9203354297693921,0.9209809264305178,0.9267676767676768,0.9357142857142857,0.9333333333333333,0.9166666666666666,0.9056603773584906,0.9605263157894737,0.957983193277311,0.9032258064516129,0.9117647058823529,0.9401408450704225,0.9403973509933775,0.9383033419023136,0.9396135265700483,0.9396751740139211,0.9431072210065645
5,7,6028,5727,0.9500663570006636,0.9485444531864673,0.9180327868852459,0.9242424242424242,0.9247311827956989,0.9253731343283582,0.8928571428571429,0.9032258064516129,0.8171091445427728,0.8248175182481752,0.9141716566866267,0.912568306010929,0.944380069524913,0.9442013129102844,0.7619047619047619,0.8076923076923077,1.0,1.0,0.6,0.625,0.9074074074074074,0.8962655601659751,0.9188034188034188,0.9212598425196851,0.9470588235294117,0.9497206703910615,0.90625,0.9142857142857143,0.9759615384615384,0.9765258215962441,1.0,1.0,0.9630434782608696,0.9643605870020965,0.979381443298969,0.9797979797979798,0.9887640449438202,0.9888888888888889,0.9807692307692307,0.9811320754716981,0.9829059829059829,0.9831932773109243,1.0,1.0,0.9899665551839465,0.9900662251655629,0.9852941176470589,0.9855072463768116,0.9911699779249448,0.9912472647702407
6,1,14,0,0.0,0.002202989771833202,0.0,0.015151515151515152,,0.0,0.0,0.03225806451612903,0.0,0.0024330900243309003,0.0,0.0018214936247723133,0.0,0.0010940919037199124,0.0,0.038461538461538464,0.0,0.01904761904761905,0.0,0.125,,0.0,,0.0,,0.0,,0.0,,0.0,0.0,0.019230769230769232,,0.0,0.0,0.0025252525252525255,0.0,0.0022222222222222222,,0.0,,0.0,,0.0,,0.0,0.0,0.0024154589371980675,0.0,0.002188183807439825
6,2,315,21,0.06666666666666667,0.04956726986624705,0.25,0.06060606060606061,0.0,0.03482587064676617,0.0,0.12903225806451613,0.0,0.021897810218978103,0.0,0.025500910746812388,0.045454545454545456,0.024070021881838075,0.0,0.07692307692307693,0.14285714285714285,0.13333333333333333,0.0,0.125,0.1111111111111111,0.07468879668049792,0.0,0.03543307086614173,0.0,0.025139664804469275,0.21428571428571427,0.13333333333333333,0.07692307692307693,0.06103286384976526,0.18181818181818182,0.21153846153846154,0.14285714285714285,0.014675052410901468,0.0,0.047979797979797977,0.06666666666666667,0.03333333333333333,0.0,0.05660377358490566,0.10526315789473684,0.07983193277310924,0.0,0.08823529411764706,0.0,0.033112582781456956,0.06666666666666667,0.10869565217391304,0.046511627906976744,0.09409190371991247
6,2a,543,62,0.1141804788213628,0.08544453186467349,0.2,0.07575757575757576,0.08333333333333333,0.05970149253731343,0.2,0.16129032258064516,0.0,0.038929440389294405,0.03571428571428571,0.051001821493624776,0.047619047619047616,0.045951859956236324,0.0,0.07692307692307693,0.28,0.23809523809523808,0.0,0.125,0.13793103448275862,0.12033195020746888,0.0,0.05905511811023622,0.0,0.0335195530726257,0.17391304347826086,0.21904761904761905,0.20833333333333334,0.11267605633802817,0.3333333333333333,0.34615384615384615,0.07692307692307693,0.05450733752620545,0.030303030303030304,0.08333333333333333,0.07142857142857142,0.06222222222222222,0.0,0.05660377358490566,0.17142857142857143,0.14705882352941177,0.125,0.23529411764705882,0.0,0.059602649006622516,0.10606060606060606,0.15942028985507245,0.15942028985507245,0.15098468271334792
6,2b,968,177,0.1828512396694215,0.15232100708103855,0.14285714285714285,0.21212121212121213,0.1,0.09950248756218906,0.2,0.16129032258064516,0.11904761904761904,0.10218978102189781,0.058823529411764705,0.09289617486338798,0.09210526315789473,0.08315098468271334,0.2,0.19230769230769232,0.4222222222222222,0.42857142857142855,0.0,0.25,0.2222222222222222,0.22406639004149378,0.12903225806451613,0.1220472440944882,0.1891891891891892,0.10335195530726257,0.2222222222222222,0.34285714285714286,0.2,0.25821596244131456,0.5,0.5384615384615384,0.12727272727272726,0.11530398322851153,0.14035087719298245,0.14393939393939395,0.09615384615384616,0.11555555555555555,0.14285714285714285,0.1320754716981132,0.25925925925925924,0.226890756302521,0.2727272727272727,0.3235294117647059,0.0,0.10596026490066225,0.21052631578947367,0.22946859903381642,0.22115384615384615,0.2275711159737418
6,3,1770,554,0.3129943502824859,0.27852084972462626,0.29411764705882354,0.25757575757575757,0.16666666666666666,0.1791044776119403,0.25,0.25806451612903225,0.13559322033898305,0.1435523114355231,0.22641509433962265,0.1930783242258652,0.17791411042944785,0.17833698030634573,0.2857142857142857,0.2692307692307692,0.5423728813559322,0.5619047619047619,0.0,0.25,0.2638888888888889,0.2987551867219917,0.16666666666666666,0.1889763779527559,0.208955223880597,0.1871508379888268,0.2978723404255319,0.44761904761904764,0.3763440860215054,0.43661971830985913,0.6285714285714286,0.6730769230769231,0.2857142857142857,0.2641509433962264,0.29245283018867924,0.2676767676767677,0.30935251798561153,0.3088888888888889,0.3125,0.3018867924528302,0.5042735042735043,0.49159663865546216,0.375,0.47058823529411764,0.20987654320987653,0.2682119205298013,0.40625,0.3864734299516908,0.37894736842105264,0.41575492341356673
6,4,2833,1360,0.4800564772326156,0.44579071597167585,0.1,0.15151515151515152,0.4,0.32338308457711445,0.4166666666666667,0.3870967741935484,0.19047619047619047,0.20437956204379562,0.37745098039215685,0.37158469945355194,0.40509915014164305,0.3862144420131291,0.2857142857142857,0.2692307692307692,0.6428571428571429,0.6666666666666666,0.0,0.25,0.3877551020408163,0.4066390041493776,0.4368932038834951,0.40551181102362205,0.4838709677419355,0.4329608938547486,0.6060606060606061,0.6285714285714286,0.5609756097560976,0.5774647887323944,0.813953488372093,0.8269230769230769,0.5282258064516129,0.519916142557652,0.47643979057591623,0.4823232323232323,0.5234042553191489,0.5222222222222223,0.56,0.4716981132075472,0.5615384615384615,0.5462184873949579,0.5,0.5294117647058824,0.5033557046979866,0.49337748344370863,0.5215311004784688,0.5048309178743962,0.5064377682403434,0.5098468271334792
6,5,4239,2938,0.6930879924510498,0.6670338316286388,0.3684210526315789,0.2878787878787879,0.47959183673469385,0.48756218905472637,0.4666666666666667,0.4838709677419355,0.42073170731707316,0.39902676399026765,0.622356495468278,0.6029143897996357,0.627177700348432,0.6280087527352297,0.4,0.38461538461538464,0.8255813953488372,0.819047619047619,0.6,0.625,0.6258992805755396,0.5767634854771784,0.5151515151515151,0.5196850393700787,0.6311111111111111,0.6284916201117319,0.7272727272727273,0.7333333333333333,0.7906976744186046,0.8075117370892019,0.8695652173913043,0.8846153846153846,0.7416666666666667,0.7547169811320755,0.7508532423208191,0.73989898989899,0.7573099415204678,0.76,0.75,0.7547169811320755,0.7819148936170213,0.7899159663865546,0.6666666666666666,0.7058823529411765,0.7709251101321586,0.7516556291390728,0.7571884984025559,0.7560386473429952,0.7910863509749304,0.7855579868708972
6,6,5497,4786,0.8706567218482809,0.8649881982690795,0.6976744186046512,0.6515151515151515,0.7770700636942676,0.7810945273631841,0.5882352941176471,0.5483870967741935,0.6678571428571428,0.681265206812652,0.8129175946547884,0.8178506375227687,0.8483290488431876,0.8512035010940919,0.6,0.5769230769230769,0.9603960396039604,0.9619047619047619,0.6,0.625,0.8041237113402062,0.8049792531120332,0.6741573033707865,0.7007874015748031,0.8272425249169435,0.840782122905028,0.8181818181818182,0.8380952380952381,0.9455445544554455,0.9483568075117371,1.0,1.0,0.8693586698337292,0.8825995807127882,0.9322493224932249,0.9318181818181818,0.951048951048951,0.9533333333333334,0.8444444444444444,0.8490566037735849,0.9696969696969697,0.9705882352941176,0.8666666666666667,0.8823529411764706,0.9471830985915493,0.9403973509933775,0.941025641025641,0.9420289855072463,0.9611872146118722,0.9584245076586433
6,7,6120,5896,0.9633986928104575,0.963021243115657,0.8983050847457628,0.8939393939393939,0.9130434782608695,0.9154228855721394,1.0,1.0,0.8815426997245179,0.8832116788321168,0.948076923076923,0.9471766848816029,0.9578107183580388,0.9595185995623632,0.9166666666666666,0.9230769230769231,1.0,1.0,1.0,1.0,0.9383259911894273,0.941908713692946,0.9369747899159664,0.937007874015748,0.9653179190751445,0.9664804469273743,0.9285714285714286,0.9333333333333333,0.9952830188679245,0.9953051643192489,1.0,1.0,0.9630434782608696,0.9643605870020965,0.989769820971867,0.9873737373737373,0.9864864864864865,0.9866666666666667,0.9807692307692307,0.9811320754716981,0.9872340425531915,0.9873949579831933,0.9375,0.9411764705882353,0.9933333333333333,0.9933774834437086,0.9927007299270073,0.9927536231884058,0.9866962305986696,0.986870897155361
7,1,37,0,0.0,0.005822187254130606,,0.0,0.0,0.004975124378109453,0.0,0.03225806451612903,0.0,0.0024330900243309003,0.0,0.00546448087431694,0.0,0.002188183807439825,0.0,0.038461538461538464,0.0,0.009523809523809525,0.0,0.125,0.0,0.004149377593360996,0.0,0.003937007874015748,0.0,0.002793296089385475,,0.0,0.0,0.009389671361502348,0.0,0.019230769230769232,,0.0,0.0,0.010101010101010102,0.0,0.0022222222222222222,0.0,0.03773584905660377,0.0,0.012605042016806723,0.0,0.058823529411764705,0.0,0.009933774834437087,0.0,0.007246376811594203,0.0,0.00437636761487965
7,2,345,27,0.0782608695652174,0.05428796223446106,0.0,0.06060606060606061,0.0,0.06965174129353234,0.0,0.0967741935483871,0.0,0.0170316301703163,0.05555555555555555,0.03278688524590164,0.09090909090909091,0.024070021881838075,0.3333333333333333,0.11538461538461539,0.2222222222222222,0.17142857142857143,0.0,0.125,0.0,0.0912863070539419,0.0,0.06299212598425197,0.05,0.055865921787709494,0.0,0.09523809523809523,0.047619047619047616,0.09859154929577464,0.5333333333333333,0.28846153846153844,0.0,0.025157232704402517,0.034482758620689655,0.07323232323232323,0.08695652173913043,0.051111111111111114,0.3333333333333333,0.05660377358490566,0.0,0.04201680672268908,0.14285714285714285,0.20588235294117646,0.0,0.026490066225165563,0.0625,0.07729468599033816,0.07407407407407407,0.05908096280087528
7,2a,634,78,0.12302839116719243,0.0997639653815893,0.0,0.06060606060606061,0.09090909090909091,0.10945273631840796,0.25,0.12903225806451613,0.0,0.0364963503649635,0.030303030303030304,0.060109289617486336,0.14814814814814814,0.05908096280087528,0.25,0.15384615384615385,0.3103448275862069,0.2761904761904762,0.0,0.125,0.13513513513513514,0.15352697095435686,0.0,0.09055118110236221,0.07142857142857142,0.0782122905027933,0.09090909090909091,0.20952380952380953,0.13333333333333333,0.14084507042253522,0.5,0.34615384615384615,0.11904761904761904,0.0880503144654088,0.11904761904761904,0.10606060606060606,0.06976744186046512,0.09555555555555556,0.2222222222222222,0.16981132075471697,0.038461538461538464,0.1092436974789916,0.25,0.23529411764705882,0.0,0.0695364238410596,0.15789473684210525,0.13768115942028986,0.11290322580645161,0.13566739606126915
7,2b,1090,207,0.18990825688073396,0.17151848937844216,0.0,0.09090909090909091,0.15151515151515152,0.16417910447761194,0.25,0.25806451612903225,0.034482758620689655,0.0705596107055961,0.08064516129032258,0.11293260473588343,0.12244897959183673,0.10722100656455143,0.25,0.15384615384615385,0.3953488372093023,0.4095238095238095,0.0,0.125,0.21052631578947367,0.23651452282157676,0.025,0.15748031496062992,0.1320754716981132,0.14804469273743018,0.25806451612903225,0.29523809523809524,0.32142857142857145,0.26291079812206575,0.5714285714285714,0.5384615384615384,0.17857142857142858,0.1761006289308176,0.16393442622950818,0.15404040404040403,0.08108108108108109,0.16444444444444445,0.2,0.18867924528301888,0.16363636363636364,0.23109243697478993,0.5,0.35294117647058826,0.10810810810810811,0.12251655629139073,0.23232323232323232,0.2391304347826087,0.24770642201834864,0.23851203501094093
7,3,1766,541,0.3063420158550396,0.2778914240755311,0.0,0.13636363636363635,0.3191489361702128,0.23383084577114427,0.2222222222222222,0.2903225806451613,0.14545454545454545,0.13381995133819952,0.22857142857142856,0.1912568306010929,0.18404907975460122,0.17833698030634573,0.2,0.19230769230769232,0.6307692307692307,0.6190476190476191,0.6666666666666666,0.375,0.3125,0.33195020746887965,0.22580645161290322,0.2440944881889764,0.25882352941176473,0.23743016759776536,0.3902439024390244,0.3904761904761905,0.4482758620689655,0.4084507042253521,0.6388888888888888,0.6923076923076923,0.2536231884057971,0.2893081761006289,0.21568627450980393,0.25757575757575757,0.2196969696969697,0.29333333333333333,0.23076923076923078,0.24528301886792453,0.37254901960784315,0.42857142857142855,0.631578947368421,0.5588235294117647,0.2804878048780488,0.271523178807947,0.34415584415584416,0.3719806763285024,0.37209302325581395,0.37636761487964987
7,4,2595,1122,0.4323699421965318,0.4083398898505114,0.35714285714285715,0.21212121212121213,0.3333333333333333,0.29850746268656714,0.2222222222222222,0.2903225806451613,0.18823529411764706,0.20681265206812652,0.26744186046511625,0.3132969034608379,0.31189710610932475,0.3402625820568928,0.5,0.3076923076923077,0.6615384615384615,0.6190476190476191,0.3333333333333333,0.375,0.36082474226804123,0.4024896265560166,0.37894736842105264,0.37401574803149606,0.35658914728682173,0.36033519553072624,0.6,0.5714285714285714,0.5178571428571429,0.5258215962441315,0.7804878048780488,0.7884615384615384,0.4823008849557522,0.47379454926624737,0.46153846153846156,0.42676767676767674,0.43,0.4444444444444444,0.5769230769230769,0.49056603773584906,0.5955882352941176,0.5714285714285714,0.5294117647058824,0.5,0.5308641975308642,0.5364238410596026,0.43548387096774194,0.4492753623188406,0.4716981132075472,0.4638949671772429
7,5,4004,2602,0.6498501498501499,0.6300550747442958,0.5454545454545454,0.5,0.5607476635514018,0.5323383084577115,0.3,0.3225806451612903,0.39080459770114945,0.4233576642335766,0.540268456375839,0.5428051001821493,0.5973282442748091,0.5733041575492341,0.625,0.6153846153846154,0.7590361445783133,0.7904761904761904,0.3333333333333333,0.375,0.6533333333333333,0.6224066390041494,0.5428571428571428,0.5511811023622047,0.5686274509803921,0.5698324022346368,0.7105263157894737,0.7238095238095238,0.7818181818181819,0.7746478873239436,0.9166666666666666,0.9230769230769231,0.6848484848484848,0.6918238993710691,0.7164750957854407,0.6590909090909091,0.6893203883495146,0.6866666666666666,0.6,0.5660377358490566,0.8153846153846154,0.819327731092437,0.5263157894736842,0.5588235294117647,0.7142857142857143,0.7417218543046358,0.6888111888111889,0.6908212560386473,0.6833855799373041,0.6980306345733042
7,6,5437,4693,0.863159830789038,0.8555468135326515,0.6956521739130435,0.696969696969697,0.7777777777777778,0.7611940298507462,0.6666666666666666,0.5806451612903226,0.6380597014925373,0.6520681265206812,0.7986270022883295,0.7959927140255009,0.834419817470665,0.8391684901531729,0.7368421052631579,0.7307692307692307,0.9805825242718447,0.9809523809523809,0.4,0.625,0.845,0.8298755186721992,0.7589743589743589,0.7677165354330708,0.825503355704698,0.8324022346368715,0.9052631578947369,0.9047619047619048,0.9660194174757282,0.9671361502347418,0.9803921568627451,0.9807692307692307,0.8997668997668997,0.89937106918239,0.9005681818181818,0.8888888888888888,0.930622009569378,0.9288888888888889,0.8695652173913043,0.8679245283018868,0.9466666666666667,0.9453781512605042,0.9375,0.9411764705882353,0.9054545454545454,0.9105960264900662,0.9069148936170213,0.9082125603864735,0.9219858156028369,0.925601750547046
7,7,6060,5781,0.9539603960396039,0.953579858379229,0.8596491228070176,0.8636363636363636,0.907103825136612,0.9104477611940298,0.8888888888888888,0.8709677419354839,0.8461538461538461,0.8540145985401459,0.9437984496124031,0.9398907103825137,0.9553775743707094,0.9562363238512035,0.8181818181818182,0.8461538461538461,1.0,1.0,0.6666666666666666,0.75,0.918918918918919,0.921161825726141,0.9141630901287554,0.9173228346456693,0.9501466275659824,0.952513966480447,0.95,0.9523809523809523,0.9952830188679245,0.9953051643192489,1.0,1.0,0.9562363238512035,0.9580712788259959,0.9872122762148338,0.9873737373737373,0.9819004524886877,0.9822222222222222,0.94,0.9433962264150944,0.9872340425531915,0.9873949579831933,0.9696969696969697,0.9705882352941176,0.9797297297297297,0.9801324503311258,0.9777777777777777,0.9782608695652174,0.9844444444444445,0.9846827133479212
