replicate,rung,n,mean_usage,mean_norm,mean_sigma,sigma_per_member
0,1,1352,0.12218421591809515,1.7273035714068299,151.16373228350105,0.8944599543402428
0,2,8965,0.061769195488559026,1.3570031096334487,1064.2118493304154,0.9496592074337226
0,2a,15790,0.05097537351756854,1.274439091493586,1893.0341356385143,0.9591053252126734
0,2b,25588,0.04255195310269741,1.19631104001246,3090.5680307571315,0.9662554418499708
0,3,36349,0.03618556460296833,1.1288683696043644,4414.053728335375,0.9714828420777188
1,1,1352,0.12171974407850637,1.7167658488861033,151.25430532694855,0.8949958895085713
1,2,8965,0.06146403247260941,1.3465288889700433,1064.5122413804268,0.9499272650355175
1,2a,15790,0.05088208158081132,1.2722309756485928,1893.1674460056277,0.959172866880622
1,2b,25588,0.04238512636405035,1.1929488041473348,3090.9521503148003,0.9663755355056434
1,3,36349,0.03620286575422749,1.1286034132317277,4414.018220437358,0.9714750271946646
2,1,1352,0.12469881808264016,1.7630026443932572,150.80910291386988,0.8923615557033721
2,2,8965,0.06154216674872769,1.3562609972262454,1064.480160221836,0.9498986371193183
2,2a,15790,0.05089737286365357,1.273761311805181,1893.1946179764536,0.9591866335536181
2,2b,25588,0.04249060584433995,1.1953150571143367,3090.730047395153,0.9663060957933886
2,3,36349,0.03622263445808666,1.1293931664919796,4413.962915660544,0.9714628552445557
3,1,1352,0.12260015476384811,1.723492766628464,151.11147085075922,0.8941507150932498
3,2,8965,0.06146852841140568,1.3479181025247582,1064.496260105151,0.9499130039979038
3,2a,15790,0.05088666574044497,1.273019020553387,1893.1785380540005,0.9591784866644714
3,2b,25588,0.042432315502014685,1.1935376881908588,3090.8739806550634,0.9663510960309718
3,3,36349,0.0361775759243828,1.1278910794614418,4414.121905564637,0.971497847107681
4,1,1352,0.12120704820170206,1.7253716393029854,151.36270482298352,0.8956373066448728
4,2,8965,0.061329648964111194,1.3516827775555649,1064.5817738116941,0.9499893129384889
4,2a,15790,0.05102792840127782,1.2760097840854765,1892.9324911202252,0.9590538270400127
4,2b,25588,0.04256896046860173,1.1966358208650876,3090.504156163983,0.9662354716785941
4,3,36349,0.036215959708626164,1.1290148594479459,4413.968828798053,0.9714641566586268
5,1,1352,0.12166651607265133,1.737657224952269,151.27923452490813,0.8951433995556695
5,2,8965,0.06139146812255995,1.3531853319406077,1064.5745930547248,0.949982905124127
5,2a,15790,0.050891966816743316,1.2738037250101943,1893.167632064833,0.9591729611474772
5,2b,25588,0.042543370928338715,1.1963196563484555,3090.5756167269,0.9662578135772706
5,3,36349,0.036248547827060454,1.1287338068503476,4413.8243697879125,0.9714323628793997
6,1,1352,0.12232154643041848,1.7292636412418632,151.16797388027368,0.8944850525459981
6,2,8965,0.06132061538653738,1.352856269513849,1064.612129244102,0.9500164008870962
6,2a,15790,0.05078734059058993,1.2725723092221384,1893.3315904055657,0.9592560306044665
6,2b,25588,0.04254574452934366,1.1956914426743268,3090.574474325203,0.9662574564093178
6,3,36349,0.03617760814293244,1.127989562814416,4414.093679800191,0.9714916349391051
7,1,1352,0.12267276521265154,1.7257478079175965,151.11405729956817,0.894166019524072
7,2,8965,0.06164116207873828,1.359569056432603,1064.3708037419979,0.9498010518612362
7,2a,15790,0.051012894773573875,1.2764751245241008,1892.9872803193412,0.9590815859756003
7,2b,25588,0.042469572458152416,1.1960562917586979,3090.7946488366224,0.9663262932113873
7,3,36349,0.03622583081107077,1.1298148091727822,4413.958086658713,0.9714617924363725
8,1,1352,0.12259023147221854,1.7286834732288903,151.17134982553736,0.8945050285534755
8,2,8965,0.06161568807079615,1.3576365457212836,1064.4079349314973,0.9498341862188486
8,2a,15790,0.051039203863645216,1.279589277608265,1892.9334855720801,0.9590543308788246
8,2b,25588,0.042582718826968985,1.1975789047798935,3090.4978110148345,0.9662334878895841
8,3,36349,0.03622975769605481,1.1290330076125565,4413.898001281237,0.9714485683306252
9,1,1352,0.12083703385302301,1.7261428818951852,151.37017007751382,0.8956814797486025
9,2,8965,0.06113548023502586,1.3508530729211987,1064.796359015255,0.9501808000136128
9,2a,15790,0.050807964477152516,1.273819333060287,1893.3436803853983,0.9592621559900688
9,2b,25588,0.04257482667630476,1.1974091486760612,3090.480383260093,0.9662280391621363
9,3,36349,0.03624489464232864,1.130500156685719,4413.851885246542,0.9714384187177731
10,1,1352,0.12195573897051389,1.74371908047976,151.21897236408915,0.894786818722421
10,2,8965,0.06108415691931023,1.3517278427378159,1064.829359886413,0.9502102486437595
10,2a,15790,0.050761852904616316,1.27495089415652,1893.361234535111,0.9592710497961296
10,2b,25588,0.042469047616753186,1.1960862954396074,3090.7503679281235,0.9663124489379783
10,3,36349,0.03627095792725731,1.1299118148449627,4413.766880377381,0.9714197101163458
11,1,1352,0.12458911167799368,1.7336184158918395,150.77023044980118,0.8921315411230839
11,2,8965,0.06162101886023773,1.3566238452770583,1064.31078131573,0.9497474902984764
11,2a,15790,0.05087563078036559,1.2738754144029893,1893.1926521441094,0.9591856375650966
11,2b,25588,0.04252513050939844,1.1952665569956573,3090.6199265138066,0.9662716668794142
11,3,36349,0.0362454885340953,1.1289847554598371,4413.856241750034,0.9714393775344652
12,1,1352,0.12380023115485378,1.7347017448676336,150.9681525319769,0.8933026777040053
12,2,8965,0.06165989366777104,1.3540537253776965,1064.3407765709603,0.9497742568396745
12,2a,15790,0.05103194506731571,1.2773301919681959,1892.9693519795228,0.9590725025862054
12,2b,25588,0.042609483129403845,1.1980265501103418,3090.4227404556896,0.9662100173380301
12,3,36349,0.036265938392665814,1.130621961421993,4413.810568355961,0.9714293253417614
13,1,1352,0.12128555986302844,1.7207780246222086,151.3292367000136,0.8954392704142817
13,2,8965,0.06125868814854534,1.3491883665054172,1064.6718215788617,0.9500696678896702
13,2a,15790,0.050795855652010086,1.273238178012424,1893.301490332198,0.9592407804089667
13,2b,25588,0.04240374716442228,1.194830783894966,3090.8896701949297,0.9663560013115303
13,3,36349,0.03620483134812104,1.1284567267441807,4413.99237212757,0.9714693382767218
14,1,1352,0.12010250571211414,1.7312479567429073,151.52352936932922,0.8965889311794629
14,2,8965,0.060918085467396535,1.3478018025839316,1064.9789292242322,0.9503437182145965
14,2a,15790,0.050671969311685786,1.2733026486940606,1893.5065526476335,0.9593446751856282
14,2b,25588,0.04248235291646051,1.1968888910974531,3090.6795310878297,0.9662903020440299
14,3,36349,0.03621201776383146,1.1301636563648227,4413.9458818683825,0.9714591063013305
15,1,1352,0.12379182584186983,1.7419272938360073,150.89951590901455,0.8928965438403228
15,2,8965,0.061767961296766614,1.3527326009532001,1064.2173085950676,0.9496640790586214
15,2a,15790,0.05089560696563818,1.2715969670618754,1893.1204586815047,0.9591490607632703
15,2b,25588,0.04251797586488448,1.1970119808743502,3090.6116653168647,0.9662690840446662
15,3,36349,0.03626455047631769,1.1303686060394653,4413.804873136761,0.9714280718890227
16,1,1352,0.12477951924476398,1.7449561405167457,150.79329618658804,0.8922680247727103
16,2,8965,0.061606258130645325,1.3495833828810788,1064.3855693016985,0.9498142280439028
16,2a,15790,0.05087352073819219,1.27375995964212,1893.23039974624,0.9592047623793489
16,2b,25588,0.042564379865161255,1.1959628156960953,3090.5208060249784,0.9662406772002433
16,3,36349,0.036178942536608534,1.128391161825378,4414.096142871437,0.971492177032972
17,1,1352,0.11988701340714855,1.6712320109062473,151.53478738741597,0.8966555466711005
17,2,8965,0.06136740957367573,1.3500577496381136,1064.564993821751,0.949974339160514
17,2a,15790,0.050942267912562095,1.2751010131663623,1893.0734994295503,0.9591252688686766
17,2b,25588,0.04257752303874398,1.1970273785431393,3090.4367223440554,0.9662143887272332
17,3,36349,0.03624158625904574,1.128899601137833,4413.832650323176,0.9714341853306943
18,1,1352,0.12084060025638377,1.7199159889813314,151.43355212256083,0.8960565214352711
18,2,8965,0.062053976574890854,1.35860400695701,1063.9528820947032,0.9494281156450224
18,2a,15790,0.05086587636511563,1.2722299864775177,1893.235275880926,0.9592072328719068
18,2b,25588,0.04249029985457375,1.1952550371236588,3090.6907732216155,0.9662938168584072
18,3,36349,0.03622588527826053,1.1293459287636616,4413.938662884825,0.9714575174854494
19,1,1352,0.12053622437652046,1.735772295578087,151.4289305178991,0.8960291746621248
19,2,8965,0.06142548360574598,1.3536251752861637,1064.577039067813,0.9499850878463474
19,2a,15790,0.050945339963887594,1.2759542057434903,1893.117410010962,0.9591475161550156
19,2b,25588,0.042488013540783465,1.1962274677965217,3090.728471615381,0.9663056031312743
19,3,36349,0.03621567708792859,1.129699896284862,4413.971356390821,0.9714647129529441
20,1,1352,0.12114238174709342,1.6985565840954406,151.32689431380356,0.8954254101408495
20,2,8965,0.061686254013070034,1.3572898376440805,1064.3484274522768,0.9497810841738109
20,2a,15790,0.05109135480980997,1.2761965523705694,1892.9222605715554,0.9590486437347969
20,2b,25588,0.04262625606465902,1.198092353713013,3090.391304177473,0.9662001888940044
20,3,36349,0.03624250385803174,1.1300149116014708,4413.878407520554,0.9714442559675488
21,1,1352,0.12049973363707052,1.7187157859745636,151.43263489767793,0.8960510940691002
21,2,8965,0.06145538972598245,1.3526811791713063,1064.481231978889,0.9498995935115573
21,2a,15790,0.050847377620066476,1.2740097366095284,1893.2178843320896,0.9591984214475439
21,2b,25588,0.04258260664314484,1.198876855689345,3090.4499043183796,0.9662185100260683
21,3,36349,0.0362516297884514,1.1301125586416885,4413.825406131321,0.9714325909667547
22,1,1352,0.12048158843136399,1.7415169499702725,151.44313655971632,0.8961132340811617
22,2,8965,0.06166655843110305,1.3563492927052243,1064.3413966583612,0.9497748101803558
22,2a,15790,0.050841716333912323,1.272801989204514,1893.2475522984116,0.9592134527161047
22,2b,25588,0.04252515480968194,1.1970850370601083,3090.6099488708733,0.9662685474037433
22,3,36349,0.036219978474197195,1.1298844251581763,4413.932196570921,0.9714560943235679
23,1,1352,0.12255064552352274,1.712821106110888,151.1277562917516,0.8942470786494178
23,2,8965,0.06131890632557058,1.3501036961793424,1064.6648286742345,0.9500634277070693
23,2a,15790,0.050755781278797464,1.2728226205244233,1893.4076754016567,0.959294579050871
23,2b,25588,0.042439481178559196,1.1945737987871095,3090.827420410392,0.9663365391309651
23,3,36349,0.03618815982288309,1.1285336657035594,4414.068410867581,0.9714860735354659
24,1,1352,0.11365821657801521,1.6800090861585015,152.52850448977858,0.902535529525317
24,2,8965,0.06124870802394784,1.3507092685425515,1064.731586855664,0.9501229999827454
24,2a,15790,0.050978878617966156,1.2765475980328223,1893.0403679124013,0.9591084827928569
24,2b,25588,0.0424830644078901,1.1958520018980137,3090.720787093527,0.9663032005920047
24,3,36349,0.0362567460836382,1.1301378831189257,4413.856188888087,0.9714393659001539
25,1,1352,0.12405018834672736,1.722830283506166,150.93867234813072,0.8931282387463356
25,2,8965,0.06061510701985314,1.3454778648042673,1065.2930158958236,0.9506239963376005
25,2a,15790,0.05074061079067547,1.2733553486290947,1893.3972687766218,0.9592893065366038
25,2b,25588,0.04251581299057114,1.19727813248287,3090.648082970498,0.9662804698985455
25,3,36349,0.03625643224138194,1.1309097789595988,4413.831704189808,0.9714339770975395
26,1,1352,0.12237513418028341,1.73844151571646,151.2274646536418,0.8948370689564603
26,2,8965,0.06103890946106876,1.3476227112817056,1064.8954803753031,0.9502692518686475
26,2a,15790,0.050609856545736395,1.2715215507554016,1893.625774240715,0.9594050787793362
26,2b,25588,0.042436073771934875,1.1934173726845372,3090.8557568129568,0.9663453984095535
26,3,36349,0.03625046336151369,1.1288830447046783,4413.8629701221835,0.9714408583723753
27,1,1352,0.12587669756285538,1.749732795127645,150.62306897949276,0.8912607631922649
27,2,8965,0.061227029778075766,1.3487144548639347,1064.7183651962491,0.9501112015136635
27,2a,15790,0.05074097921457224,1.2732217267535049,1893.4056936428215,0.9592935749931965
27,2b,25588,0.04247479441017961,1.195374126966178,3090.7820380557164,0.9663223504942056
27,3,36349,0.03621772107679469,1.128850303486382,4414.008940126427,0.9714729847041573
28,1,1352,0.1228915798593555,1.746556644439125,151.10271340439337,0.8940988958839844
28,2,8965,0.06149212060131577,1.3534961335171478,1064.44038652753,0.9498631446982979
28,2a,15790,0.050927908560986605,1.274236905267139,1893.1009586069395,0.9591391810548142
28,2b,25588,0.04244195414237982,1.1949203664584946,3090.811354945087,0.966331516318614
28,3,36349,0.03620968307339377,1.1297544154958288,4414.003393461056,0.9714717639464207
29,1,1352,0.12167277561842336,1.7253157152374905,151.28758715452898,0.8951928233995797
29,2,8965,0.061544654705773104,1.3573541008509504,1064.4553734737258,0.9498765184372344
29,2a,15790,0.050911265826814156,1.2740743606123424,1893.1872989772337,0.9591829253842856
29,2b,25588,0.042491444204120835,1.1957923035246398,3090.736507115182,0.9663081154025894
29,3,36349,0.03619824118547162,1.1285764742243565,4414.05580538237,0.9714832992120542
30,1,1352,0.12042292194253594,1.741449890127681,151.42150526410708,0.8959852382491543
30,2,8965,0.06161660419385392,1.3561286316359857,1064.3592326394978,0.9497907262817604
30,2a,15790,0.05097030472951723,1.2749263975255787,1893.0217628914727,0.9590990565631274
30,2b,25588,0.04258982062209336,1.1962136914358836,3090.437646467758,0.9662146776513234
30,3,36349,0.03625649358256194,1.1293822681148136,4413.811108595118,0.9714294442422334
31,1,1352,0.12514511932282757,1.7463030687990435,150.70199778927312,0.8917277975696635
31,2,8965,0.06113894452479587,1.347503608962951,1064.8266747871698,0.9502078525708153
31,2a,15790,0.050783038969806966,1.2727783200242462,1893.3726845819867,0.9592768509598413
31,2b,25588,0.04251781083167074,1.195557235680256,3090.684235745357,0.9662917729389893
31,3,36349,0.03623859323974213,1.128724485539156,4413.933745649162,0.9714564352580071
32,1,1352,0.12358135584543442,1.760509089885038,150.99640179223348,0.8934698330901389
32,2,8965,0.06166421918980715,1.3569589974956295,1064.3710995930564,0.9498013158666426
32,2a,15790,0.05106147502780791,1.2758674687498421,1892.967969437422,0.9590718021215564
32,2b,25588,0.042616196269073654,1.1958079759451363,3090.4135398100025,0.9662071407878701
32,3,36349,0.036239884710334194,1.1279957663230866,4413.898200063911,0.9714486120804228
33,1,1352,0.12272577455057901,1.731171651109916,151.11263522476776,0.8941576048802826
33,2,8965,0.06100386381814151,1.3518150705105179,1064.897356254804,0.9502709258269305
33,2a,15790,0.05077179600121931,1.2745557359115796,1893.333605284327,0.9592570514423442
33,2b,25588,0.04254303258788834,1.1987344483203692,3090.5632096379422,0.9662539345436743
33,3,36349,0.036220585012006944,1.1290052755523463,4413.941166770482,0.9714580685621023
34,1,1352,0.11819306774252265,1.685602585905304,151.80011699572182,0.8982255443533835
34,2,8965,0.06127004522354458,1.3482035697832284,1064.6835882187047,0.950080167958688
34,2a,15790,0.05093806908808606,1.273978465503794,1893.1300896135658,0.9591539402728643
34,2b,25588,0.04258619622735469,1.1969627851635585,3090.5156187891403,0.9662390554288386
34,3,36349,0.03622912959175663,1.1293531042398945,4413.937100022475,0.9714571735172851
35,1,1352,0.12200296418906668,1.7358136839519465,151.2286566430896,0.8948441221484592
35,2,8965,0.061227524007955746,1.352500181836005,1064.7328045006925,0.9501240865594579
35,2a,15790,0.05079401981385166,1.2740899081394212,1893.3195880175276,0.9592499495972274
35,2b,25588,0.04249664923539847,1.1958909767677384,3090.6475716057485,0.9662803100221192
35,3,36349,0.036198593910374915,1.1283081055982405,4414.012223542044,0.9714737073464567
36,1,1352,0.11780204011138375,1.6852033959713415,151.8284228732182,0.8983930347527703
36,2,8965,0.06164165503208822,1.3545856518760337,1064.3464796931016,0.949779346073041
36,2a,15790,0.05080924550516081,1.2724359576962823,1893.3227260894596,0.9592515395006762
36,2b,25588,0.042542546656759,1.1975319408976064,3090.61927937356,0.9662714645532469
36,3,36349,0.036247578279598666,1.130734365670689,4413.869768921295,0.9714423547104558
37,1,1352,0.12140297043252979,1.7424826681980232,151.26815313249762,0.8950778291863765
37,2,8965,0.06171691690286444,1.3585191748492365,1064.261716598746,0.9497037069481281
37,2a,15790,0.050935341060123845,1.2756251753374952,1893.0794732457375,0.9591282955013236
37,2b,25588,0.0425601378257934,1.1973086169985723,3090.4919151736303,0.9662316445751541
37,3,36349,0.03625369324487762,1.1298340635471158,4413.8163789225255,0.9714306041811385
38,1,1352,0.1189986333339172,1.703665765670212,151.66619558045903,0.8974331099435445
38,2,8965,0.06087222399820646,1.35127535241084,1065.011806399283,0.9503730564633869
38,2a,15790,0.05056695823355367,1.2731169483809588,1893.6658931528443,0.9594254050172739
38,2b,25588,0.042307706480755256,1.1934161207261422,3091.168021753846,0.9664430269669676
38,3,36349,0.036181261537557075,1.1294726458473139,4414.09127560038,0.971491105802169
39,1,1352,0.11857552782318295,1.7094708166206858,151.7245402385802,0.8977783446069835
39,2,8965,0.06154330775382728,1.3511119802159548,1064.4167019059494,0.9498420095089342
39,2a,15790,0.05083268076804259,1.275233294271436,1893.3008346279564,0.9592404481965581
39,2b,25588,0.04243091063255702,1.195781032907367,3090.8682386895616,0.9663493008252498
39,3,36349,0.036208755714391104,1.1296935545637325,4414.006302914321,0.9714724042838749
40,1,1352,0.1188093134637415,1.7460978656838388,151.68810607477283,0.8975627578388925
40,2,8965,0.061655445173341206,1.3570005903636522,1064.2987334603483,0.9497367392841926
40,2a,15790,0.050831199583182836,1.2739317332539644,1893.2744054807004,0.959227057874959
40,2b,25588,0.04252531328330995,1.1970430397324756,3090.62065820555,0.9662718956403158
40,3,36349,0.036264902099283625,1.1303400314834877,4413.808257604723,0.9714288167717896
41,1,1352,0.12289729061916735,1.7209623349474612,151.12085915788015,0.8942062672063914
41,2,8965,0.0612796532396358,1.3464127950163143,1064.6898049537876,0.9500857155192751
41,2a,15790,0.05083490906824712,1.2752756147821278,1893.222688399935,0.9592008554274528
41,2b,25588,0.042514363694828305,1.1978834451325668,3090.5946845558556,0.9662637750682681
41,3,36349,0.036194246557576214,1.1287790114799903,4414.036896012665,0.9714791374756203
42,1,1352,0.12327422192816198,1.7264661117775872,151.0130159341858,0.8935681416224012
42,2,8965,0.06133534101155372,1.3533027934405166,1064.5720337721332,0.9499806213248261
42,2a,15790,0.05078011187214577,1.2734146126744257,1893.3489175392265,0.9592648093928949
42,2b,25588,0.042541886822067054,1.197047697199114,3090.55931316035,0.9662527163233859
42,3,36349,0.03625521974296772,1.1297734997494695,4413.856174823021,0.9714393628045935
43,1,1352,0.12462461206334582,1.7596761434113792,150.81140864697397,0.8923751990945206
43,2,8965,0.06202974803475648,1.3578271758208098,1063.978935156511,0.9494513643337521
43,2a,15790,0.0509469305887639,1.2735566669176883,1893.0758456327108,0.9591264575719877
43,2b,25588,0.042442917432452584,1.1958942927799723,3090.831060685516,0.966337677250435
43,3,36349,0.03621193873918041,1.129933030133259,4413.993886797539,0.971469671638293
44,1,1352,0.11533750584845007,1.7055520149520889,152.24797276129954,0.900875578469228
44,2,8965,0.06140976292556448,1.353050342059482,1064.5763290205473,0.9499844542291555
44,2a,15790,0.05068663850171873,1.272481543435861,1893.4890495458733,0.959335807243001
44,2b,25588,0.04243896498388661,1.1947690950450167,3090.811520473738,0.9663315680705762
44,3,36349,0.03620684485005337,1.1284129274141177,4413.976066682077,0.9714657496342847
45,1,1352,0.12223187282945983,1.7213350783471275,151.18736081690412,0.8945997681473616
45,2,8965,0.061207599288846816,1.3490730093786967,1064.7226611637334,0.9501150350596617
45,2a,15790,0.05064329252430274,1.2715863675397554,1893.5934441678335,0.9593886987550772
45,2b,25588,0.04242015641537312,1.1957092280040085,3090.8520882121543,0.966344251434158
45,3,36349,0.03615852069873102,1.127122367802722,4414.177295832517,0.9715100378733978
46,1,1352,0.11858477818189993,1.717168852199267,151.7640541349942,0.8980121546449361
46,2,8965,0.06183502869571445,1.3570913283468975,1064.1494769620317,0.9496035488785559
46,2a,15790,0.050850932971067714,1.2710784735572966,1893.1809040614962,0.9591796854016447
46,2b,25588,0.04252445748099428,1.1952150034719151,3090.5717650980146,0.9662566093787759
46,3,36349,0.0361938229938423,1.1281917608131802,4414.027977459425,0.9714771746038514
47,1,1352,0.1160959308669412,1.7068397263024113,152.141437592243,0.9002451928535088
47,2,8965,0.0615225269085724,1.3571720796295552,1064.4452787033197,0.9498675102762474
47,2a,15790,0.050855416750288825,1.2741384685080472,1893.2073637479725,0.9591930911959329
47,2b,25588,0.04254279047954226,1.1965556657752436,3090.566719085114,0.9662550317602357
47,3,36349,0.036245705248443796,1.129677600394808,4413.862958277328,0.9714408557654578
48,1,1352,0.12380574864043287,1.7324595622344197,150.89836881821816,0.8928897563208175
48,2,8965,0.061742333679709833,1.3530265746949663,1064.2903633144792,0.9497292701077339
48,2a,15790,0.05099734269493059,1.2750449386236589,1893.0387893124707,0.9591076829955519
48,2b,25588,0.04255050939751059,1.197278700990921,3090.5891651408856,0.9662620494422027
48,3,36349,0.036260650824928534,1.1299758019384984,4413.809320540349,0.9714290507117883
49,1,1352,0.12260744557578183,1.7594204249253804,151.08748070766816,0.8940087615838352
49,2,8965,0.06152766132514303,1.355389525601169,1064.457905232025,0.9498787776749805
49,2a,15790,0.05077875003246962,1.2735453335061264,1893.3387370043847,0.9592596514271741
49,2b,25588,0.0424572537052309,1.196630660495624,3090.7794591456413,0.9663215442068599
49,3,36349,0.036240300350613715,1.129974233630445,4413.894385246217,0.971447772482592
50,1,1352,0.12169186039083808,1.7102671583714781,151.2741308912104,0.8951132005397066
50,2,8965,0.061423593064758676,1.3535131183475766,1064.5619160043798,0.9499715926419452
50,2a,15790,0.050811318704944534,1.274383761447458,1893.3037835892899,0.959241942287164
50,2b,25588,0.04244916491607623,1.1941253718055023,3090.816529721036,0.9663331341944775
50,3,36349,0.03615694545303081,1.1270740421167322,4414.180938112241,0.9715108394975909
51,1,1352,0.1205160914088142,1.7241390431342536,151.43787553375287,0.896082103750017
51,2,8965,0.061121783493220706,1.3464429477873188,1064.8129497917143,0.9501956049451996
51,2a,15790,0.05098060537849219,1.273431980960783,1893.0472864562346,0.9591119880715565
51,2b,25588,0.0425141625093523,1.1954170122149654,3090.6486644378815,0.9662806516923187
51,3,36349,0.03627553778884007,1.130014144348824,4413.752017033437,0.971416438863999
52,1,1352,0.11871552185194027,1.7207913776386459,151.73383187954116,0.8978333247310127
52,2,8965,0.06145153013741046,1.3517634358615882,1064.5427824759804,0.9499545186623362
52,2a,15790,0.050746360981743725,1.2735071836919725,1893.3825741695132,0.9592818615171694
52,2b,25588,0.04246749366580164,1.1961241114285481,3090.7433956804066,0.9663102690887624
52,3,36349,0.036187398331690504,1.128972964921324,4414.074543239299,0.9714874232004839
53,1,1352,0.12517855435433473,1.747435504182102,150.7657483313702,0.8921050197122496
53,2,8965,0.061231337854201345,1.3485783246786487,1064.8213160215835,0.9502030706271799
53,2a,15790,0.050789002001172305,1.2720805426761437,1893.40218120695,0.9592917954183408
53,2b,25588,0.042486263845830444,1.1962180929526485,3090.7613910150253,0.9663158952681024
53,3,36349,0.0361633667568973,1.1286027278112751,4414.168581475606,0.9715081199429103
54,1,1352,0.1202345712650457,1.7212903630058067,151.47469162994685,0.8962999504730582
54,2,8965,0.061761163561555574,1.3553465245118705,1064.2339520104074,0.949678930962996
54,2a,15790,0.05080003442456256,1.2723404057409737,1893.3295934807297,0.959255018862941
54,2b,25588,0.04238114223566692,1.193455784654252,3090.9891015329426,0.9663870881766273
54,3,36349,0.03617506114589571,1.1280744518392676,4414.125837614081,0.9714987125068819
55,1,1352,0.11858176761830347,1.7113557310266805,151.7771229904353,0.8980894851505047
55,2,8965,0.06139594895575077,1.355288992924873,1064.6383060953708,0.9500397600404871
55,2a,15790,0.05066134988544409,1.2716989894423807,1893.5935019643266,0.9593887280376575
55,2b,25588,0.04242082273511005,1.1956619732869966,3090.9134041005027,0.9663634216352986
55,3,36349,0.036162171679588094,1.128733876301522,4414.189104255983,0.9715126367726172
56,1,1352,0.12037284839788132,1.7307697119868777,151.5094980366303,0.8965059055421911
56,2,8965,0.06151401755933448,1.3542560018511953,1064.4599247355645,0.9498805797974921
56,2a,15790,0.050763178868260546,1.2749949676451868,1893.4358153241221,0.9593088361363507
56,2b,25588,0.04259074485281473,1.1975519337960996,3090.475494526709,0.9662265107164949
56,3,36349,0.03622839229071287,1.1283539346120108,4413.946203332494,0.9714591770519122
57,1,1352,0.1220191526695116,1.7272185443800836,151.1579043956538,0.894425469796768
57,2,8965,0.06122152665707896,1.3545287440854448,1064.7068456542843,0.9501009219447043
57,2a,15790,0.05066837832624207,1.2744416535981662,1893.5118306437453,0.9593473492811883
57,2b,25588,0.04256236249438595,1.1971888816905596,3090.5139384123004,0.9662385300648118
57,3,36349,0.03626683248365469,1.1299953024184046,4413.79076038708,0.9714249658339057
58,1,1352,0.12574865408903044,1.7728035605587165,150.64911839542904,0.8914149017481008
58,2,8965,0.06125956597570195,1.3529178842149578,1064.703219823012,0.9500976864009031
58,2a,15790,0.05071481592372824,1.2733518639085977,1893.4330670860072,0.959307443742119
58,2b,25588,0.04240929269783195,1.1949650189281265,3090.911696899063,0.9663628878846531
58,3,36349,0.036189051447631196,1.1285593384017054,4414.068792423179,0.9714861575114977
59,1,1352,0.12112363978955873,1.7253648174982184,151.3858942208563,0.8957745220169012
59,2,8965,0.061616160174155464,1.3542572049496302,1064.4098190046593,0.9498358674888203
59,2a,15790,0.05086812930744309,1.2730015020012766,1893.2150067240793,0.9591969635080833
59,2b,25588,0.042475982142441415,1.1948699059042647,3090.7468630960543,0.9663113531643127
59,3,36349,0.036206404285000104,1.1286358393406843,4414.005673129028,0.9714722656753204
60,1,1352,0.1203810533828284,1.7191953248379253,151.46454601417093,0.896239917243615
60,2,8965,0.061637011228562466,1.352031286582473,1064.327169692414,0.9497621146167665
60,2a,15790,0.05105695271507104,1.275333253689834,1892.8950884027806,0.9590348769615101
60,2b,25588,0.04260984949717508,1.1980828905614354,3090.3801944814713,0.9661967154858437
60,3,36349,0.036258120514371904,1.1300023524648113,4413.800872673602,0.971427191432744
61,1,1352,0.12101414782055736,1.7102299621018608,151.3353422573534,0.8954753979725053
61,2,8965,0.061164779577983934,1.3439395422113969,1064.791898685747,0.9501768197976548
61,2a,15790,0.05081729538611327,1.2706107235944064,1893.2932600186557,0.9592366105224348
61,2b,25588,0.042499376085003183,1.195178421136873,3090.694428478623,0.9662949596619113
61,3,36349,0.03620734366036737,1.1289625310624631,4413.983979851026,0.9714674912324467
62,1,1352,0.12329966923188881,1.7538106514804925,151.02100676866036,0.8936154246666294
62,2,8965,0.06110613876657651,1.3443804906850345,1064.8049818211107,0.9501884946535287
62,2a,15790,0.05071499180084093,1.272679916592725,1893.47095625972,0.9593266402835819
62,2b,25588,0.042496521248935964,1.196055310466423,3090.673090402026,0.9662882883858139
62,3,36349,0.03622351317442563,1.1294087497488057,4413.916312309305,0.9714525983788945
63,1,1352,0.1169161965861123,1.6863145411719707,151.9909730322646,0.8993548700134001
63,2,8965,0.061699339296986656,1.3549974845073545,1064.3357872832528,0.9497698046030142
63,2a,15790,0.05091455736214636,1.2741705306027693,1893.1417550158778,0.9591598505463599
63,2b,25588,0.042578593891114576,1.1961724485402936,3090.4957594361395,0.9662328464705766
63,3,36349,0.03628034087144911,1.1297364391600926,4413.734741708465,0.971412636762159
64,1,1352,0.12047087229215182,1.7264142184222369,151.42440268954968,0.8960023827784005
64,2,8965,0.06145908698248451,1.3517388593956319,1064.5259702202843,0.9499395160917206
64,2a,15790,0.05110126601660682,1.2752583423595747,1892.8820053811428,0.9590282484514973
64,2b,25588,0.04253582516852554,1.1973618244224475,3090.59576997992,0.9662641144223605
64,3,36349,0.0362188868215807,1.1293282645631406,4413.935945950948,0.971456919519315
65,1,1352,0.11914519727582762,1.7040257922979642,151.6911107030912,0.8975805367046816
65,2,8965,0.06129908202682469,1.348595614608084,1064.6518149332264,0.9500518147758853
65,2a,15790,0.0508804658306332,1.2750781224776202,1893.1930022293452,0.9591858149357038
65,2b,25588,0.04254154624539427,1.1978400122189274,3090.5402460039927,0.966246755042674
65,3,36349,0.03624490728837174,1.1300183030700761,4413.8498790143585,0.9714379771689694
66,1,1352,0.11753350602099176,1.7106801714630808,151.8600506486441,0.8985801813529236
66,2,8965,0.06099485853698356,1.3475928083205515,1064.928170345165,0.95029842306317
66,2a,15790,0.05069610711666057,1.2733155777993839,1893.4349621950862,0.9593084038987137
66,2b,25588,0.042415405188162884,1.1958940596340362,3090.8255587285803,0.9663359570825638
66,3,36349,0.036234670447668295,1.1304185493998304,4413.899056546965,0.9714488005825668
67,1,1352,0.11929413976048577,1.7023046816090666,151.6338917111587,0.8972419627879212
67,2,8965,0.0616373520620828,1.3551077033621217,1064.3211867702782,0.949756775701308
67,2a,15790,0.050834743458685654,1.2761834276282584,1893.2772028932195,0.9592284751833918
67,2b,25588,0.04247213591443984,1.1953435440733837,3090.746274095367,0.9663111690152781
67,3,36349,0.03625996746634246,1.1297577597646538,4413.824928126781,0.9714324857634116
68,1,1352,0.11892847619818513,1.7007609850978263,151.68802343888427,0.8975622688691377
68,2,8965,0.06137876409561489,1.3474169810995593,1064.596907789429,0.9500028178823683
68,2a,15790,0.051086138410610514,1.2742254939953515,1892.8754827604112,0.9590249437671494
68,2b,25588,0.04250313062788603,1.194306017208172,3090.6782690755817,0.9662899074802507
68,3,36349,0.03622733343385129,1.1286070197558427,4413.915721979745,0.9714524684540967
69,1,1352,0.11604596030782666,1.6755549103135734,152.1256595341862,0.900151831563232
69,2,8965,0.06179249854441535,1.3540812004987224,1064.2122961919445,0.9496596061947078
69,2a,15790,0.05085263557264969,1.2726799041862566,1893.2386762769427,0.9592089556817949
69,2b,25588,0.04249429628218042,1.194967998514625,3090.6907819008097,0.9662938195719274
69,3,36349,0.036229811795932126,1.1286745116197097,4413.929248365009,0.9714554454570984
70,1,1352,0.12484667004918205,1.7235536799169542,150.7185224104123,0.8918255763929722
70,2,8965,0.061838610000738,1.3562273128346218,1064.1725629622015,0.9496241498826115
70,2a,15790,0.05098526201495798,1.2769737050513066,1893.046733564583,0.9591117079491238
70,2b,25588,0.042647769269634636,1.1978668698320336,3090.322814301439,0.9661787757703421
70,3,36349,0.036289339974125354,1.1307269413013956,4413.733722500892,0.9714124124462059
71,1,1352,0.12118184213807597,1.7388810385401523,151.3421087822496,0.8955154365813586
71,2,8965,0.061254324543363076,1.3512690300828738,1064.6993026252403,0.9500941908535329
71,2a,15790,0.05094770331258937,1.2755156565846122,1893.0504213538065,0.9591135763667165
71,2b,25588,0.042558920724477284,1.1977581282318424,3090.5071462366636,0.966236406514511
71,3,36349,0.03627419374009373,1.1300234545529437,4413.74498720306,0.9714148916785739
72,1,1352,0.12221409160004565,1.752893901714277,151.1691547632497,0.894492040019229
72,2,8965,0.06146874265569718,1.3480478963808746,1064.4704306430895,0.9498899548404591
72,2a,15790,0.05079764740009562,1.2721656957307805,1893.2999200927457,0.9592399848474962
72,2b,25588,0.042518213873489474,1.1960276731039732,3090.6456703026815,0.966279715586269
72,3,36349,0.03621819984234328,1.1291102771025614,4413.9710817752275,0.9714646525131866
73,1,1352,0.11605510062719943,1.6933461861809256,152.1257013859368,0.9001520792067266
73,2,8965,0.061396457865726194,1.3499255979774007,1064.6142511336725,0.9500182943747217
73,2a,15790,0.05076708210805612,1.271436866772155,1893.3992112776068,0.9592902907042973
73,2b,25588,0.04245190182868179,1.1943211821656523,3090.8185405761715,0.9663337628814043
73,3,36349,0.036264053135253514,1.1294215804985235,4413.8124744542665,0.9714297448522417
74,1,1352,0.12227063066155247,1.7296062048972873,151.13976016455138,0.8943181074825525
74,2,8965,0.06176417298112179,1.3558384677462796,1064.196317144605,0.9496453471452136
74,2a,15790,0.051208225996755515,1.277497463488324,1892.666225517205,0.9589189236312629
74,2b,25588,0.0425773053797629,1.196306052403115,3090.475100779142,0.9662263876126753
74,3,36349,0.03624373241324756,1.1293575167274634,4413.901756823264,0.9714493948825583
75,1,1352,0.12303007989240115,1.7422336012093806,151.09405260528743,0.8940476485519966
75,2,8965,0.061552759182233754,1.3541914399184365,1064.4422775369314,0.9498648321578864
75,2a,15790,0.05076823316094542,1.2731599355048653,1893.403132147344,0.9592922772120805
75,2b,25588,0.04246238807188043,1.195990652682635,3090.776590503698,0.9663206473358443
75,3,36349,0.03619987861192316,1.1295199856994917,4414.023271772812,0.9714761389359404
76,1,1352,0.124213265244072,1.742852659712259,150.88462848218862,0.8928084525573291
76,2,8965,0.06158487348668215,1.3522495381137878,1064.4169187102843,0.9498422029762715
76,2a,15790,0.05103023002387754,1.276326757371857,1892.960013600649,0.9590677712986189
76,2b,25588,0.042528822065350115,1.1954850558297203,3090.633351315242,0.9662758640973088
76,3,36349,0.036179005032199105,1.1285363091167497,4414.116627828116,0.9714966855381146
77,1,1352,0.12221911531933666,1.7111507842354077,151.14336592627234,0.8943394433507239
77,2,8965,0.061221234544455105,1.3506028377349062,1064.7505654433724,0.9501399356996072
77,2a,15790,0.05076239394416833,1.274064605932657,1893.368873119086,0.9592749198830074
77,2b,25588,0.04247093059056174,1.1962536873832146,3090.762803416007,0.9663163368504009
77,3,36349,0.036209377154591896,1.1285662863367492,4413.974240456774,0.9714653477029408
78,1,1352,0.1174901759130715,1.677723660303381,151.89618714833236,0.898794006794866
78,2,8965,0.06109935656248094,1.34712268621123,1064.81865299082,0.950200694247246
78,2a,15790,0.05063268566071195,1.2707759126328444,1893.5749565808167,0.959379332023213
78,2b,25588,0.04241786063490798,1.1940751971297001,3090.9106088216704,0.9663625477010068
78,3,36349,0.03620341635559766,1.1291133664889108,4414.054380823056,0.9714829856828097
79,1,1352,0.12243903177024344,1.7276658870155612,151.1272960135669,0.8942443551098633
79,2,8965,0.06129091266008708,1.347693485631387,1064.663159213568,0.9500619379485269
79,2a,15790,0.05076425212935,1.273016350323651,1893.354461169229,0.9592676180718069
79,2b,25588,0.042478942975450795,1.1946852853987384,3090.7371246096236,0.9663083084600981
79,3,36349,0.03620961160488465,1.1284385397772205,4413.990344460658,0.9714688920103789
80,1,1352,0.12384300401224893,1.744196649241141,150.9289198784312,0.8930705318250367
80,2,8965,0.06145228839625344,1.349472435473906,1064.4960257528198,0.9499127948714511
80,2a,15790,0.05087404728237778,1.2718613841570952,1893.1728030195347,0.9591755810105306
80,2b,25588,0.04246346637832572,1.194751707777362,3090.757723757661,0.9663147487127282
80,3,36349,0.036209527542805646,1.1283936816854303,4413.982166662071,0.9714670921702542
81,1,1352,0.11386518224456607,1.6551545195391206,152.4879381399085,0.9022954919521212
81,2,8965,0.06151582555137928,1.3578272038680939,1064.5772237019237,0.94998525260629
81,2a,15790,0.050793397237863476,1.2762020151034759,1893.403393450114,0.9592924096010711
81,2b,25588,0.04264052189643148,1.1995399455036135,3090.340702257405,0.9661843683781164
81,3,36349,0.03626083490094173,1.1307036230032843,4413.8191147856505,0.9714312063133842
82,1,1352,0.11611052095537355,1.6865814861287125,152.1131502183432,0.9000778119428592
82,2,8965,0.06160478884457079,1.353850534090999,1064.3687121159874,0.949799185379576
82,2a,15790,0.05087172367513897,1.275516587030249,1893.23554520355,0.9592073693241545
82,2b,25588,0.04254679972815741,1.1981036221605816,3090.549668076005,0.9662497008210115
82,3,36349,0.036280563252904054,1.1298897419846343,4413.774390903687,0.9714213630974579
83,1,1352,0.12279105186462402,1.7465694830889085,151.14413659687716,0.8943440035318175
83,2,8965,0.0619283877200942,1.3575755675925099,1064.045886263072,0.9495111087679392
83,2a,15790,0.05090903039972113,1.2721858801083903,1893.1556039694385,0.9591668671156116
83,2b,25588,0.0423770469670298,1.192298635378323,3090.9878500064565,0.9663866968911854
83,3,36349,0.03621433660736038,1.1281754015663585,4413.966491279392,0.9714636421974507
84,1,1352,0.11868092858579737,1.700302303458292,151.73434551373097,0.8978363639865738
84,2,8965,0.061942572734639156,1.358419052659144,1064.0551693926964,0.9495193926538283
84,2a,15790,0.05122094543920883,1.2771226897983194,1892.637837283778,0.9589045407390896
84,2b,25588,0.04265076901291392,1.197235544215088,3090.27694288774,0.9661644342309645
84,3,36349,0.036245252771972346,1.1287860849306774,4413.873019006608,0.9714430700171357
85,1,1352,0.11926312559455104,1.7246461147484382,151.6310898987854,0.8972253840164817
85,2,8965,0.061559102472751016,1.3506475576261057,1064.3848990292017,0.9498136299200908
85,2a,15790,0.050821447583827284,1.2728665028320396,1893.28440336534,0.9592321233009956
85,2b,25588,0.042471108221161714,1.195600197549518,3090.7560280484036,0.9663142185550738
85,3,36349,0.036212755274768055,1.1288515300170685,4413.940437413082,0.9714579080388637
86,1,1352,0.12758052278552534,1.7472722686811923,150.34574483476356,0.889619791921678
86,2,8965,0.06130199570663801,1.3526249596217776,1064.6274195698588,0.9500300453495673
86,2a,15790,0.05090478144543619,1.2751806834324548,1893.1570227818393,0.9591675859566
86,2b,25588,0.04242457832156336,1.1948309981391227,3090.85310085479,0.9663445680333874
86,3,36349,0.03620857982419833,1.1286003930431014,4413.971713063928,0.9714647914526239
87,1,1352,0.1232725487658258,1.7550073059866051,150.995940351616,0.8934671026722841
87,2,8965,0.0617775614409226,1.3584498902079511,1064.2255862949048,0.9496714657400155
87,2a,15790,0.05109881485014342,1.2768557189603935,1892.837964173358,0.9590059349833352
87,2b,25588,0.04257572004715689,1.1964801141165526,3090.4677886767586,0.9662241015090695
87,3,36349,0.03621684414454479,1.1291111615481957,4413.948217928736,0.9714596204415497
88,1,1352,0.11853094637041262,1.7120215063407285,151.7371054318609,0.8978526948630823
88,2,8965,0.0614435109757074,1.3530292467547087,1064.5214526608813,0.9499354848061407
88,2a,15790,0.05083859487754624,1.2731833133998285,1893.2838766116906,0.9592318564213759
88,2b,25588,0.042407013018168155,1.1938239259512473,3090.9506794073773,0.9663750756315077
88,3,36349,0.036201631112119555,1.12797584245729,4414.027765465091,0.9714771279463184
89,1,1352,0.1208259607913226,1.7006852863107131,151.3821594489568,0.8957524227748923
89,2,8965,0.06146422884548036,1.35590580155074,1064.4868056921516,0.9499045672657237
89,2a,15790,0.05094571732659367,1.2764322915285045,1893.0827637355717,0.9591299626272688
89,2b,25588,0.04252164207698219,1.1977154395247485,3090.619392562007,0.9662714999412246
89,3,36349,0.03621839310116786,1.129137620193381,4413.98212199323,0.9714670823391521
90,1,1352,0.12208459927485539,1.7518633489355593,151.1605925039892,0.8944413757632497
90,2,8965,0.061722215991810055,1.3583927621958245,1064.2736192977463,0.9497143284307831
90,2a,15790,0.05106825257797193,1.276953634570545,1892.9151001332002,0.9590450159002915
90,2b,25588,0.04257192100344812,1.1968862705146552,3090.5021627006436,0.9662348484291523
90,3,36349,0.036256225339523315,1.1294940482510858,4413.843020458309,0.9714364676790689
91,1,1352,0.11910494826954497,1.7079521854988375,151.65691775305723,0.8973782115565516
91,2,8965,0.06132655742111249,1.352688718193465,1064.6539896657775,0.9500537554184295
91,2a,15790,0.05080093205012876,1.2737496189328612,1893.3375344210417,0.9592590421385898
91,2b,25588,0.042476833323230774,1.195323584437439,3090.7672233367393,0.9663177187233827
91,3,36349,0.036197497692589335,1.1286451106537578,4414.075483720375,0.9714876301896338
92,1,1352,0.12329878891713521,1.7052596309595058,150.99526295866067,0.8934630944299449
92,2,8965,0.06142796241432611,1.3496754442275714,1064.5324682859334,0.9499453147002195
92,2a,15790,0.05077624499156099,1.2743631180612742,1893.3877400991908,0.9592844788342955
92,2b,25588,0.042451243037560295,1.195426528250702,3090.815815275875,0.9663329108256605
92,3,36349,0.03624650997755967,1.1299225827835495,4413.854471988906,0.9714389880302415
93,1,1352,0.12338867695373897,1.764749230070271,150.97835763454924,0.8933630629263268
93,2,8965,0.06144209721868955,1.3507135481312922,1064.5093101712228,0.9499246493440917
93,2a,15790,0.050706497153728505,1.274143180124023,1893.410471075364,0.9592959954783352
93,2b,25588,0.042398004023492454,1.1950541185086123,3090.9065295890514,0.9663612723429893
93,3,36349,0.03616277302255027,1.1288915628317007,4414.1715508517445,0.9715087734687049
94,1,1352,0.1207700283569697,1.7199758806157528,151.38400428050548,0.8957633389379023
94,2,8965,0.06129181984743458,1.3494067237207181,1064.6709560981533,0.9500688955700196
94,2a,15790,0.0508900296318146,1.2749931879474627,1893.155644561361,0.9591668876815002
94,2b,25588,0.042588436400422605,1.199262964013742,3090.4238279650554,0.9662103573440849
94,3,36349,0.036228224428920895,1.1302600442764934,4413.932294923736,0.9714561159698998
95,1,1352,0.11693282663469484,1.6799069956741353,151.9850002886395,0.899319528335145
95,2,8965,0.06138692090980713,1.352510890240116,1064.6067401665405,0.9500115918942915
95,2a,15790,0.05104889631120369,1.2738696137160617,1892.901828595363,0.9590382918785879
95,2b,25588,0.04261761217056186,1.1981898774179032,3090.4135897773003,0.9662071564099736
95,3,36349,0.03624248244896293,1.1304747238663113,4413.907255725753,0.9714506051282298
96,1,1352,0.11822909716318344,1.674687712352923,151.822681217217,0.8983590604569053
96,2,8965,0.06163729632027111,1.351659640260781,1064.3850099216859,0.9498137288760164
96,2a,15790,0.05095971381082952,1.2757045786202912,1893.1342233424177,0.9591560346256708
96,2b,25588,0.0424737272103056,1.1958320662652637,3090.7826205792317,0.9663225326181747
96,3,36349,0.036243089616451174,1.1299862226823398,4413.886763742484,0.9714460950766147
97,1,1352,0.12344285299086712,1.74471462332835,151.0205574285494,0.8936127658494047
97,2,8965,0.06148673832516263,1.3557087598626005,1064.49961754357,0.94991600003888
97,2a,15790,0.05074130596429053,1.2734775051093623,1893.4474966039115,0.9593147544541667
97,2b,25588,0.04250999202910151,1.1983083594035357,3090.6641771989052,0.9662855017035814
97,3,36349,0.036283043346600756,1.1315164742800963,4413.748626356374,0.9714156926146797
98,1,1352,0.12183838342068463,1.7310307345128246,151.29045309874596,0.8952097816493844
98,2,8965,0.06163683825874222,1.3515669011048417,1064.341149990822,0.9497745900643141
98,2a,15790,0.050920115248019975,1.2756790562439306,1893.1395208178933,0.9591587185904462
98,2b,25588,0.04261021251061269,1.1992899183915489,3090.4044818109146,0.9662043088356775
98,3,36349,0.036232278561434024,1.130497737244331,4413.911530842484,0.9714515460326247
99,1,1352,0.12226136196294479,1.7295607668246926,151.20630161912476,0.8947118439001465
99,2,8965,0.06188076761802082,1.3587890120860355,1064.1429105210993,0.9495976892547456
99,2a,15790,0.05096580560936665,1.2762996472515786,1893.061916900452,0.9591194005828763
99,2b,25588,0.04250853550290622,1.1958279875208813,3090.6626151031,0.9662850133197124
99,3,36349,0.03623029019416826,1.1291886280892693,4413.909089555269,0.9714510087331742
100,1,1352,0.11999241558052379,1.718271968232421,151.5043665453768,0.8964755416886201
100,2,8965,0.06102671221654906,1.3481500945135754,1064.9319976680029,0.9503018384098185
100,2a,15790,0.05086670380894937,1.2753693691385433,1893.2183123281045,0.9591986382916299
100,2b,25588,0.042510025199733896,1.1973719922868162,3090.6503341243492,0.9662811737140375
100,3,36349,0.03621352720812901,1.1299800549158219,4413.964536824791,0.9714632120443019
101,1,1352,0.1220426672309108,1.7348463955311582,151.2107673525951,0.8947382683585509
101,2,8965,0.061992078484334696,1.3615860134049749,1064.0315085551479,0.949498278688364
101,2a,15790,0.0511967453041584,1.2793100123707273,1892.7087624726269,0.9589404749702986
101,2b,25588,0.04262962456101344,1.198449782167785,3090.3381104728564,0.9661835580656108
101,3,36349,0.03629626759197457,1.1311692778455404,4413.691040156375,0.9714030185493685
102,1,1352,0.12394050874653653,1.7127439276397287,150.8851281332074,0.8928114090722331
102,2,8965,0.06164890721199304,1.3499762555965462,1064.3358590544017,0.9497698686486574
102,2a,15790,0.05082164097617441,1.2719699646889777,1893.3245993748246,0.9592524886002911
102,2b,25588,0.04249271065141142,1.1954762398758523,3090.6697661515773,0.9662872490703697
102,3,36349,0.03623191439737142,1.1290312890032868,4413.89382700904,0.9714476496209613
103,1,1352,0.12111962899653869,1.7268263198848248,151.35315671056372,0.8955808089382469
103,2,8965,0.0619735964569245,1.3621614993824098,1064.0436681601188,0.9495091294234189
103,2a,15790,0.05089025612191508,1.2751307049752691,1893.1720248464408,0.959175186749305
103,2b,25588,0.042416831376274174,1.1958553665473999,3090.891326489179,0.9663565191462182
103,3,36349,0.036198908959514955,1.1293622573907391,4414.004555679789,0.9714720197374979
104,1,1352,0.12403952299490482,1.765341317404757,150.9122649854761,0.8929719821625804
104,2,8965,0.061845725591928684,1.355501741615782,1064.2035003871977,0.9496517571776443
104,2a,15790,0.050868911694846176,1.2749256618403295,1893.2452607718074,0.9592122917146586
104,2b,25588,0.04241828231191344,1.1953386097825114,3090.934475177304,0.9663700094348301
104,3,36349,0.03619234104550568,1.1285952872004017,4414.060431031667,0.9714843172646657
105,1,1352,0.12408991113922299,1.7311423019061907,150.95586124203984,0.8932299481777506
105,2,8965,0.06145455423707212,1.3511503049886324,1064.557316874038,0.9499674885657896
105,2a,15790,0.0509297209649693,1.2760838539896302,1893.1193506821285,0.9591484993956318
105,2b,25588,0.042584095221861316,1.199169979895984,3090.4684785474133,0.9662243171947517
105,3,36349,0.03627666344409527,1.1303296516666634,4413.748774378015,0.9714157251925533
106,1,1352,0.1214303786938007,1.7416372801546567,151.2846385196543,0.8951753758559425
106,2,8965,0.06153263000556363,1.3540737095595303,1064.490657879679,0.9499080048006059
106,2a,15790,0.05095520092008082,1.2768015446294856,1893.0909817695094,0.9591341262923417
106,2b,25588,0.04254548542570729,1.197099530185954,3090.5794271324517,0.9662590048874321
106,3,36349,0.03625403201190762,1.130150555111675,4413.837793612413,0.9714353173099483
107,1,1352,0.1171486899697569,1.701615918071342,151.97384226759726,0.8992535045419956
107,2,8965,0.06124359488287786,1.3515102398619834,1064.7413035941802,0.9501316708035071
107,2a,15790,0.05088262938486767,1.2748468670546191,1893.1967307111645,0.959187703970191
107,2b,25588,0.042430675456500415,1.1966738950296656,3090.865988367504,0.9663485972698153
107,3,36349,0.03625812843782629,1.1299377147639866,4413.843394608026,0.9714365500251508
108,1,1352,0.12243506471080894,1.7319979910682664,151.18951416307328,0.8946125098406703
108,2,8965,0.0615273438946734,1.3547354324613419,1064.4388984846403,0.949861816829573
108,2a,15790,0.05095358178765053,1.272328411336523,1893.0934506027374,0.9591353771261495
108,2b,25588,0.0424976802830102,1.1951596785173537,3090.6817226130747,0.9662909872168437
108,3,36349,0.036185796167234656,1.1288587545381563,4414.08119683495,0.9714888875809403
109,1,1352,0.11807961435713006,1.7083861431262068,151.82125141386223,0.898350600082025
109,2,8965,0.061006316457855855,1.3497487549456184,1064.9635028718671,0.9503299523675335
109,2a,15790,0.05077005075910108,1.2735131972848097,1893.3553226669958,0.9592680545494595
109,2b,25588,0.04256721942037535,1.1983410794966787,3090.498262048698,0.9662336289037667
109,3,36349,0.036279339315330526,1.1311667681203432,4413.740528137041,0.9714139102890403
110,1,1352,0.1234053493251462,1.740873237154227,150.99571773041987,0.8934657853870999
110,2,8965,0.06107084249825166,1.350797039518758,1064.8828192997894,0.9502579536417529
110,2a,15790,0.050473666779975335,1.2727293791226317,1893.82579434014,0.9595064189183736
110,2b,25588,0.04236173353959979,1.1950518190160393,3091.0177285432856,0.9663960383127358
110,3,36349,0.036199265095176764,1.1286812724237802,4414.0070893797665,0.9714725773759425
111,1,1352,0.12117641635195038,1.720459618315269,151.35320278917314,0.8955810815927404
111,2,8965,0.061484496312904674,1.3543220469736605,1064.5150349089129,0.9499297578662914
111,2a,15790,0.05091081949032281,1.2778295755118172,1893.1616724615942,0.9591699417158172
111,2b,25588,0.042632468365050115,1.1980750065525214,3090.3968739436955,0.9662019302622152
111,3,36349,0.03623479129346602,1.1294273245449142,4413.939630991436,0.9714577305546642
112,1,1352,0.1189462630706426,1.697312890211729,151.70485959406474,0.8976618910891405
112,2,8965,0.061957826843091514,1.3603571042237166,1064.0396143586208,0.9495055119764603
112,2a,15790,0.05107646951802249,1.2781154723832875,1892.8360357200954,0.9590049579329173
112,2b,25588,0.042605978596186256,1.1987054730656435,3090.393774581142,0.9662009612571962
112,3,36349,0.036271949670886025,1.1305293064390534,4413.75520106199,0.9714171396323399
113,1,1352,0.11909405014218663,1.7203024976755144,151.63065846522358,0.8972228311551691
113,2,8965,0.06122854799780178,1.352361456254622,1064.731746863325,0.9501231427670497
113,2a,15790,0.050779258699036614,1.2742026633338455,1893.3717593640745,0.9592763821983912
113,2b,25588,0.042495138219917156,1.1968956418804173,3090.7046082833967,0.9662981423427847
113,3,36349,0.036205288966966856,1.129641633880661,4414.033129061094,0.9714783084125768
114,1,1352,0.11498711377205934,1.6796975782603458,152.33321880781855,0.901379992945672
114,2,8965,0.06107957396371632,1.3509034670643476,1064.855514881637,0.9502335882937084
114,2a,15790,0.05075961421606585,1.2738509387524044,1893.3929747003954,0.9592871309438356
114,2b,25588,0.0425979955803515,1.1967533067841258,3090.437082062184,0.9662145011918661
114,3,36349,0.03618542812015466,1.1282761859843473,4414.101214394483,0.9714932932173062
115,1,1352,0.12520128876499875,1.7553313457234887,150.73546518105297,0.8919258294736863
115,2,8965,0.061800443241866156,1.3547866022744697,1064.2287185946273,0.9496742608764103
115,2a,15790,0.05099566111162994,1.2772264668592925,1893.028112435489,0.9591022735581958
115,2b,25588,0.042416289986829114,1.1953781920685118,3090.905689290958,0.9663610096266869
115,3,36349,0.03620586249912886,1.129696145545325,4414.021112263854,0.971475663652668
116,1,1352,0.11856309196652745,1.6901604326460504,151.75252520886553,0.8979439361471333
116,2,8965,0.06144681399718251,1.3473836397808177,1064.4617374163079,0.949882197359784
116,2a,15790,0.05063189505926788,1.271233970027155,1893.5373934817778,0.9593603006874112
116,2b,25588,0.042379508153412404,1.194355293343138,3090.9860492292505,0.9663861338843991
116,3,36349,0.03617630114027085,1.1285304080398266,4414.100164791484,0.9714930622116666
117,1,1352,0.1190676181274053,1.703710195753676,151.6146677537365,0.8971282115605711
117,2,8965,0.06096246956582184,1.3531007810818398,1064.9614160940548,0.9503280902122073
117,2a,15790,0.05082425461153655,1.275764044101446,1893.294479448529,0.9592372283463099
117,2b,25588,0.04259595778541154,1.1991914426451207,3090.4273245183654,0.9662114505294248
117,3,36349,0.036209569993630814,1.1286109397259596,4413.975407619937,0.9714656045822305
118,1,1352,0.12219033862006735,1.7375606915927095,151.1531321034081,0.894397231381113
118,2,8965,0.06141990112713177,1.3561675757472629,1064.5286164793454,0.9499418775052719
118,2a,15790,0.05083580790176053,1.2757773590982686,1893.2673615361907,0.9592234890620346
118,2b,25588,0.04249771740430218,1.1970717195085283,3090.692773506152,0.9662944422404728
118,3,36349,0.036227665904096346,1.129595015523991,4413.946182616879,0.9714591724926417
119,1,1352,0.12193139064946823,1.726667866177745,151.22077612811447,0.8947974918823342
119,2,8965,0.06099200400306204,1.3481221656388704,1064.9426157612622,0.9503113135627549
119,2a,15790,0.05071786466167274,1.2702063303506423,1893.4427981219087,0.9593123739693015
119,2b,25588,0.04236836736791485,1.1930536718576865,3090.9449157519944,0.9663732736445191
119,3,36349,0.036169660970654334,1.1280455791739947,4414.135491600867,0.9715008372391795
120,1,1352,0.12259514938444781,1.7184593973588802,151.13234980250306,0.8942742591864086
120,2,8965,0.06089053007722632,1.3474749983094905,1065.0607744247739,0.9504167535301942
120,2a,15790,0.05061031629044169,1.272458887062876,1893.6579236361463,0.9594213672634053
120,2b,25588,0.04245841341017186,1.1960387934836418,3090.7884363062776,0.9663243508851892
120,3,36349,0.03620646153326989,1.1293091331693652,4413.99766425827,0.9714705030142826
121,1,1352,0.12220485958121938,1.7286978708905731,151.1606790391387,0.8944418878055544
121,2,8965,0.06158783418535189,1.3556179012771719,1064.4058496782027,0.9498323254239399
121,2a,15790,0.05107852399462458,1.2786680459118327,1892.8977017627337,0.9590362010197511
121,2b,25588,0.04255999478210001,1.1976358399109936,3090.5537174119368,0.9662509668319327
121,3,36349,0.0362294208180603,1.1296354694943582,4413.934683754295,0.971456641724239
122,1,1352,0.1232280858169646,1.7411808326254519,151.039537774888,0.8937250755910533
122,2,8965,0.06113691441652433,1.3483580539623283,1064.7849433065248,0.9501706131011934
122,2a,15790,0.05052222372082837,1.2698020627808086,1893.7304123682516,0.9594580936634587
122,2b,25588,0.04238358046349947,1.1946287398960866,3090.984089159707,0.9663855210754125
122,3,36349,0.03621594779720798,1.1290302932894325,4413.969414001856,0.9714642854553042
123,1,1352,0.1229389757799679,1.710509630894459,151.0291181771779,0.8936634211667331
123,2,8965,0.06122705828724663,1.3539517980121174,1064.7391794909722,0.9501297753405218
123,2a,15790,0.05088463614755526,1.2765619162382191,1893.184856400208,0.9591816878531769
123,2b,25588,0.042540567972631366,1.1974967483231882,3090.5775337301698,0.9662584129217351
123,3,36349,0.0362600370982893,1.1303540909333176,4413.7980017479085,0.9714265595747688
124,1,1352,0.12004481264825403,1.7362960621809291,151.55312156449602,0.8967640329260119
124,2,8965,0.061914825864963136,1.3589100846488091,1064.0989144602224,0.9495584289661773
124,2a,15790,0.050916842315074685,1.2756664271719165,1893.1524841451599,0.9591652864573325
124,2b,25588,0.04245490216828705,1.1969964817743732,3090.816035831987,0.9663329797817686
124,3,36349,0.03619873637513428,1.129270660676378,4414.049846603775,0.9714819877529011
125,1,1352,0.12021810486471865,1.7364027237227544,151.51325771885766,0.8965281521825897
125,2,8965,0.06182254231714099,1.3602222979950704,1064.1831196103865,0.949633570204472
125,2a,15790,0.051032196682717995,1.2775569283014976,1892.9273558145062,0.9590512252385085
125,2b,25588,0.04260136892185447,1.1990153036709013,3090.3575015377496,0.9661896206152102
125,3,36349,0.03622293024955942,1.129574622233487,4413.9372563665975,0.971457207926842
126,1,1352,0.12263416256424943,1.7262867215288151,151.0954207198658,0.8940557439045315
126,2,8965,0.06130985296178117,1.352592954984572,1064.6634177275946,0.9500621686358903
126,2a,15790,0.050999795794109515,1.2771316005877122,1892.9780501748874,0.9590769095249587
126,2b,25588,0.04255562624708459,1.1971962047200337,3090.525451527955,0.9662421296007362
126,3,36349,0.036272700982276286,1.1289721669926416,4413.775381807068,0.9714215811839815
127,1,1352,0.12401515915549013,1.7423748767799445,150.9141441290832,0.892983101355522
127,2,8965,0.06127426266603741,1.3482859957845648,1064.7174766419632,0.9501104086040943
127,2a,15790,0.05082626077025053,1.2738926050152646,1893.268935150893,0.9592242863335746
127,2b,25588,0.042447280525993475,1.1962361146412466,3090.8329367874826,0.966338263807248
127,3,36349,0.03623997800769778,1.130587645950848,4413.877655658356,0.9714440904912611
128,1,1352,0.1168295688177707,1.6989113653214325,151.99923198680472,0.8994037395668918
128,2,8965,0.061621636913531466,1.3541637499293395,1064.3078557331366,0.9497448796280081
128,2a,15790,0.05086225530178657,1.273674764195688,1893.1580818401744,0.9591681225282708
128,2b,25588,0.04244827430323174,1.1954590670529917,3090.783147727473,0.9663226974292553
128,3,36349,0.036262766597143,1.1297876839893661,4413.81601945016,0.971430525065374
129,1,1352,0.12204004039425821,1.7197621327473622,151.2416570233625,0.8949210474755178
129,2,8965,0.06145444764681389,1.356255201771851,1064.5399304401506,0.9499519736219971
129,2a,15790,0.05081108037696148,1.2762338974376894,1893.3174768183358,0.9592488799586248
129,2b,25588,0.042485748769269055,1.1967683419320274,3090.723694122885,0.9663041094647131
129,3,36349,0.03616788186654155,1.128586991451884,4414.1602515455925,0.9715062866203951
130,1,1352,0.12317467864448502,1.7647071986028504,151.06600347714001,0.8938816773795267
130,2,8965,0.06149269950768832,1.3524741141644552,1064.5233817096087,0.9499372062104706
130,2a,15790,0.0508130420832184,1.272929752913384,1893.2856985606622,0.9592327795114185
130,2b,25588,0.042339008823864085,1.1943659156794881,3091.048408973328,0.9664056304434354
130,3,36349,0.036192233265536715,1.1283886031001964,4414.047223931059,0.9714814105325724
131,1,1352,0.12090943833074626,1.7108156594740158,151.3736368292284,0.8957019930723573
131,2,8965,0.0613982856439866,1.3498099233698881,1064.5904395896625,0.9499970459249638
131,2a,15790,0.05103421878633505,1.2785532891936078,1892.9722705663935,0.9590739812875965
131,2b,25588,0.04250442465525298,1.1989018855361842,3090.6720978409335,0.9662879780650097
131,3,36349,0.03623694091089956,1.130640299794728,4413.909385566567,0.9714510738818822
132,1,1352,0.12027564979869233,1.7316996988445292,151.5276833864042,0.8966135111621549
132,2,8965,0.061703551207849316,1.3566015341906446,1064.261885981199,0.949703858098114
132,2a,15790,0.05096173301537328,1.2766582004586997,1893.052165204214,0.9591144598881388
132,2b,25588,0.04255939383459814,1.197843462214203,3090.5297605195046,0.9662434767920914
132,3,36349,0.03623731399540751,1.129381077147195,4413.9186648145405,0.9714531161384447
133,1,1352,0.11974490182639579,1.702118183055337,151.5464260221915,0.8967244143324941
133,2,8965,0.061190885893805225,1.3496629802575473,1064.765740001184,0.9501534768554905
133,2a,15790,0.05089081189842297,1.2728648739363753,1893.2236419144829,0.9592013385253871
133,2b,25588,0.04260808787570254,1.198138490849879,3090.415814262368,0.9662078518875622
133,3,36349,0.03626898897507846,1.1298215507209624,4413.800457382333,0.971427100031876
134,1,1352,0.12456187270802153,1.7453193829804734,150.84326667150034,0.8925637081153867
134,2,8965,0.0618527073602203,1.354975400446887,1064.18697368735,0.94963700942541
134,2a,15790,0.050866139939195226,1.2734985871790356,1893.245793213814,0.9592125614762832
134,2b,25588,0.04251872514847276,1.196605665503358,3090.6255192947733,0.9662734154431056
134,3,36349,0.03622163290196808,1.128571961321815,4413.955557714538,0.971461235844626
135,1,1352,0.12217183649187258,1.7131344819265328,151.2391104247234,0.8949059788445172
135,2,8965,0.06144904920128026,1.3498098646351742,1064.562621198225,0.9499722219281429
135,2a,15790,0.050831615237815236,1.2715952624272093,1893.3268698189092,0.9592536389202834
135,2b,25588,0.0425332365920064,1.196175591558078,3090.640770321504,0.9662781836240438
135,3,36349,0.03623795736940918,1.1293660391088656,4413.915721907564,0.9714524684382105
136,1,1352,0.1196207421771168,1.7055709590649528,151.60667587289043,0.8970809223247955
136,2,8965,0.06143224240679084,1.3513610405577003,1064.5228278735356,0.9499367119897696
136,2a,15790,0.05095313194811231,1.275790998604412,1893.0572207334271,0.959117021270894
136,2b,25588,0.04261346211447573,1.1976544050801614,3090.3735360444634,0.9661946337484644
136,3,36349,0.036259075894067565,1.1295175133175532,4413.810747137829,0.9714293646896099
137,1,1352,0.12036127592684955,1.7198873693372965,151.4378851348146,0.8960821605610331
137,2,8965,0.06096476285203635,1.345324733182598,1064.9487748022366,0.950316809639475
137,2a,15790,0.05058102743621111,1.2703351701051122,1893.6620668752148,0.959423466434561
137,2b,25588,0.04252529226281931,1.196737704306847,3090.6602707831403,0.9662842803761577
137,3,36349,0.03624120236505698,1.129516192649786,4413.917913688825,0.9714529508242483
138,1,1352,0.11925188324155186,1.6955536205253516,151.6388549241378,0.897271330912058
138,2,8965,0.06156297546488841,1.3527584500870855,1064.42787150551,0.9498519768035784
138,2a,15790,0.05082559217147392,1.275138516478772,1893.254852974449,0.9592171516020007
138,2b,25588,0.042456744964633,1.1956431685169548,3090.7864186069155,0.9663237200584385
138,3,36349,0.03624990315754648,1.1292582912596987,4413.840582220642,0.9714359310507893
139,1,1352,0.12130332557407357,1.7434245971033628,151.30015993051978,0.8952672185237857
139,2,8965,0.06151026243347066,1.353714573004798,1064.4698131868306,0.9498894038477016
139,2a,15790,0.051035894209104975,1.2754281324959742,1892.913317862445,0.9590441129132083
139,2b,25588,0.04254542728392467,1.1974307985833736,3090.535412404789,0.966245243834544
139,3,36349,0.03625134910926251,1.130514965702734,4413.831891508543,0.9714340183242549
140,1,1352,0.12456653104025937,1.7561258612801829,150.87673762804278,0.8927617611126791
140,2,8965,0.06118268844340676,1.3455650837261341,1064.800226507525,0.9501842512058226
140,2a,15790,0.05103933867055302,1.2762038693360866,1892.9953567150787,0.9590856778797106
140,2b,25588,0.042549602907487,1.196757328000407,3090.587878374628,0.9662616471391677
140,3,36349,0.036225036104337596,1.1292349087145837,4413.916067681805,0.9714525445391741
141,1,1352,0.1238448111968633,1.7448789795164739,150.99671884005713,0.8934717091127641
141,2,8965,0.06141942881101745,1.3572543941297548,1064.5779563005242,0.9499859063473723
141,2a,15790,0.051168836891990886,1.2786831804094,1892.7761875494132,0.958974635870507
141,2b,25588,0.042524743568381054,1.1965257270991776,3090.634773145505,0.9662763086276395
141,3,36349,0.03625055188381537,1.1298933259389405,4413.849540398342,0.9714379026434491
142,1,1352,0.12434896068460137,1.727855874979479,150.87493513596934,0.8927510954791085
142,2,8965,0.06165549027740257,1.3526514732473016,1064.334570976128,0.9497687192201922
142,2a,15790,0.05100364987045394,1.2742174620129232,1892.9821407567306,0.9590789820173429
142,2b,25588,0.042478957883600184,1.1957002626428719,3090.7190971565387,0.9663026722390304
142,3,36349,0.03619706882906142,1.129028922645931,4414.0284247818845,0.971477273054419
143,1,1352,0.12148771060289011,1.7367886657711222,151.27275883364274,0.8951050818558742
143,2,8965,0.06163983767882313,1.3535693989753297,1064.3621483434174,0.9497933281369034
143,2a,15790,0.05096487826829926,1.276305184295633,1893.1003174006637,0.9591388561877967
143,2b,25588,0.04253800399455872,1.1965772736767197,3090.6240174414233,0.9662729458938325
143,3,36349,0.0362508475703417,1.1297744019713165,4413.864067861654,0.9714410999723027
144,1,1352,0.12401951276339017,1.7552275055718276,150.92730408187276,0.8930609708986554
144,2,8965,0.06145331238609948,1.351420264903492,1064.5278365803013,0.9499411815552047
144,2a,15790,0.05077900974111817,1.2728270089699083,1893.3720774458434,0.9592765433544488
144,2b,25588,0.04243996882412571,1.194798115403643,3090.7929616831575,0.966325765728672
144,3,36349,0.036200698820635355,1.1281542041971737,4414.01496025222,0.9714743096651286
145,1,1352,0.11991735181864902,1.6981467469564757,151.55490245647562,0.8967745707483764
145,2,8965,0.06173294160995015,1.3566932884362066,1064.2385159371458,0.9496830036248931
145,2a,15790,0.05099311330939034,1.27811353556697,1892.9868265742903,0.9590813560857708
145,2b,25588,0.04252469027174699,1.1963852321934583,3090.612637683385,0.966269388051707
145,3,36349,0.036255966646608524,1.129948536967716,4413.82920935785,0.9714334280135025
146,1,1352,0.12451981228484205,1.7376002012475738,150.82273805716568,0.892442237024649
146,2,8965,0.061150228412072884,1.3442451636358823,1064.8152089217378,0.9501976209006027
146,2a,15790,0.05060934280579116,1.2707858623075257,1893.6521014378395,0.9594184174479238
146,2b,25588,0.042400581418899554,1.1953360150117027,3090.9156978076226,0.9663641387549234
146,3,36349,0.03622466658800779,1.1292696781727358,4413.926018107614,0.9714547345143172
147,1,1352,0.12331847608442137,1.7289006658080208,150.9922101407438,0.8934450304186023
147,2,8965,0.06137408093241294,1.3554226697123435,1064.5330743405261,0.9499458555185956
147,2a,15790,0.05076526934168926,1.273637295108157,1893.3761042584101,0.9592785835381432
147,2b,25588,0.04245782066215216,1.196158735476892,3090.813565962573,0.9663322075856099
147,3,36349,0.03618900254260146,1.1290557961559318,4414.102004427881,0.9714934670946395
148,1,1352,0.12517974362570858,1.7520475946644747,150.74844859856057,0.8920026544293524
148,2,8965,0.06186414336732693,1.3589828993902369,1064.123500444398,0.949580368494722
148,2a,15790,0.050959603404455205,1.2775955078855699,1893.042293651374,0.9591094584680805
148,2b,25588,0.04259952873443465,1.197769502445173,3090.4091847328436,0.966205779188008
148,3,36349,0.036244963592123786,1.1298192800151066,4413.857621696814,0.9714396812450002
149,1,1352,0.11955510370830107,1.701860120887293,151.60404063355233,0.8970653291926174
149,2,8965,0.061450591036812,1.3475522973719611,1064.5572282706391,0.9499674094997338
149,2a,15790,0.05088069328709144,1.2705123397080331,1893.1915223920296,0.9591850651764557
149,2b,25588,0.042464581880603744,1.1936724685835438,3090.8021404140054,0.9663286354272332
149,3,36349,0.036212753700571816,1.1286559751254854,4413.98478205387,0.9714676677881361
150,1,1352,0.12345598858489087,1.730098900313175,150.97402318722573,0.893337415309028
150,2,8965,0.06107915951696376,1.354045016649247,1064.8572229425997,0.9502351124975792
150,2a,15790,0.050862510057851584,1.275243483840328,1893.1889933858452,0.959183783856033
150,2b,25588,0.0425314656529405,1.1969599114369114,3090.596582489968,0.9662643684508263
150,3,36349,0.03628077010228947,1.1297155545975515,4413.760336369619,0.9714182698549327
151,1,1352,0.12406681416302744,1.7527795700353224,150.92732024506296,0.8930610665388341
151,2,8965,0.061653943761260696,1.3525008186904612,1064.3492883850338,0.9497818524350552
151,2a,15790,0.05091614158490249,1.2740318740224748,1893.1102578734053,0.9591438925261079
151,2b,25588,0.04245110468993397,1.1955176737509996,3090.7749558024866,0.9663201362521453
151,3,36349,0.036251006931474,1.1301463222580754,4413.821753462142,0.9714317870559612
152,1,1352,0.11456488575455705,1.6731288106486666,152.35881360975975,0.9015314414778683
152,2,8965,0.061160032375525045,1.35179492698419,1064.856780632856,0.9502347177984215
152,2a,15790,0.05065575708989632,1.273615224600007,1893.602011680896,0.9593930394836713
152,2b,25588,0.04250892945075382,1.1965401843103822,3090.70179094173,0.9662972615106238
152,3,36349,0.03620971041193507,1.1289920843445336,4414.027554213321,0.9714770814522152
153,1,1352,0.12075412202868942,1.7070708781702917,151.431349256154,0.8960434867228046
153,2,8965,0.06145230562940896,1.3471107733488465,1064.49010774112,0.9499075138794155
153,2a,15790,0.05073471939057923,1.2723899232234672,1893.4111781941288,0.9592963537399005
153,2b,25588,0.0424839048548119,1.1976105219395672,3090.7249367335453,0.9663044979626529
153,3,36349,0.036215762146998544,1.1293350973436647,4413.987466980457,0.9714682587098312
154,1,1352,0.12070195632573416,1.7313781266930561,151.39935943806753,0.8958541978583878
154,2,8965,0.061425578919988864,1.354686181188073,1064.542127048034,0.9499539337851949
154,2a,15790,0.051075846942034306,1.275698167039095,1892.8375144323024,0.9590057071221292
154,2b,25588,0.04250917245358886,1.1964753506069687,3090.642611356909,0.9662787592174172
154,3,36349,0.03624124712470329,1.128970873206405,4413.895825935893,0.9714480895619452
155,1,1352,0.11719313316796659,1.6738110593468813,151.9236724465656,0.8989566416956545
155,2,8965,0.06143822060971704,1.3480815640282686,1064.5373880313189,0.9499497048801507
155,2a,15790,0.05068969811118804,1.2712603424456699,1893.5152411821844,0.9593490772297324
155,2b,25588,0.04242590559410345,1.1952857120966465,3090.8804883205207,0.9663531306301456
155,3,36349,0.036182001514734434,1.1283381121746903,4414.097117394433,0.9714923915143597
156,1,1352,0.12030234703650841,1.6957055420185576,151.49362396797594,0.8964119761418694
156,2,8965,0.06162542097407616,1.352846736228159,1064.3748114783964,0.9498046282015807
156,2a,15790,0.05080982181677115,1.2724128991466865,1893.3278265717454,0.9592541236588957
156,2b,25588,0.042380954318443874,1.1953657812807668,3091.0024670381067,0.9663912668557469
156,3,36349,0.036179635078005985,1.129477227243293,4414.109130955636,0.9714950355620536
157,1,1352,0.12188180381729757,1.7192022986342623,151.21865335627803,0.8947849311022369
157,2,8965,0.06155387550775259,1.356729109638436,1064.4139628189687,0.949839565259537
157,2a,15790,0.05088937105899977,1.2753954613512506,1893.1419524185887,0.9591599505603996
157,2b,25588,0.04255957511769471,1.1977397005863566,3090.4901987313397,0.9662311079353884
157,3,36349,0.03627466001701885,1.1303470907436104,4413.742108714373,0.9714142581560699
158,1,1352,0.1240019939354891,1.7616208328102423,150.90449032238575,0.8929259782389689
158,2,8965,0.06153742848197907,1.3571148922789125,1064.4437877780663,0.9498661798354189
158,2a,15790,0.05076268469705998,1.274798077066335,1893.376368664768,0.9592787174995658
158,2b,25588,0.04251761121155043,1.197010808958872,3090.6091380497787,0.966268293903323
158,3,36349,0.036236841736536685,1.1291597682840067,4413.919140752614,0.9714532208869822
159,1,1352,0.12316011253898666,1.7301273689156271,151.05417473067058,0.8938116847968673
159,2,8965,0.06153085286299476,1.3518691643569152,1064.4559942566655,0.949877072398586
159,2a,15790,0.050671473811743306,1.2741014234015784,1893.5274363102176,0.9593552558886473
159,2b,25588,0.042467890148034634,1.1961487113615716,3090.7714933696348,0.9663190537344489
159,3,36349,0.036245970238143535,1.1300319876505158,4413.868270705685,0.9714420249703013
160,1,1352,0.12030461836143358,1.7221907081046715,151.4774668584334,0.8963163719433929
160,2,8965,0.060951053344930804,1.3518678004469704,1064.9988450142257,0.9503614902525159
160,2a,15790,0.05060799002571903,1.272317842042243,1893.6402406057848,0.9594124081599923
160,2b,25588,0.042448464233054956,1.1972363954333545,3090.8329823099484,0.96633827803969
160,3,36349,0.036228169541945465,1.1309776130927363,4413.961429975139,0.9714625282621562
161,1,1352,0.12127138312751724,1.7018902590294502,151.30900665321508,0.8953195659953554
161,2,8965,0.06156920322943718,1.3519754329573426,1064.4015047850078,0.9498284482186349
161,2a,15790,0.05084576597690884,1.2727494270358712,1893.244891093446,0.9592121044171987
161,2b,25588,0.04257568918728765,1.1972041885230091,3090.461217348556,0.9662220470059578
161,3,36349,0.03627124175483867,1.1300163611311858,4413.726942396805,0.9714109202226866
162,1,1352,0.1236983714019053,1.7395738313192741,151.0179141334239,0.8935971250498455
162,2,8965,0.06099609187775595,1.3526587973812345,1064.9414421174165,0.9503102662509015
162,2a,15790,0.05070749697162805,1.2722552572765602,1893.4808655791774,0.9593316608380886
162,2b,25588,0.04245479773670058,1.1959364911129193,3090.8362722091865,0.9663393066153467
162,3,36349,0.03621969218037506,1.1296306152165998,4413.994545480681,0.9714698166069341
163,1,1352,0.12003227239529762,1.6997040376705337,151.5057809883786,0.8964839111738379
163,2,8965,0.06158301507170082,1.3529564995015093,1064.4260806311488,0.9498503787004117
163,2a,15790,0.050849241120215834,1.2738494106573957,1893.285609201354,0.9592327342375447
163,2b,25588,0.042505573775407875,1.195578704183524,3090.711543626578,0.9663003106539246
163,3,36349,0.03619082331044129,1.1287355146898999,4414.060456690507,0.9714843229118835
164,1,1352,0.11994847461316713,1.7010585940172007,151.58305217330286,0.8969411371201352
164,2,8965,0.061701368128728146,1.3547498547136234,1064.2782902991628,0.9497184966417516
164,2a,15790,0.05098860984062983,1.277070780988685,1893.0247159927549,0.9591005527512374
164,2b,25588,0.042555608804549803,1.1975770920573088,3090.5576523833674,0.9662521970871869
164,3,36349,0.03620300165983587,1.1290484962215268,4414.016531932699,0.9714746555740623
165,1,1352,0.12399884088504949,1.741553561428631,150.91417748024338,0.892983298699665
165,2,8965,0.061577505142543815,1.3561895906927848,1064.3419189768908,0.9497752762760877
165,2a,15790,0.050810568569731755,1.2753042843725375,1893.2189525317199,0.9591989626506497
165,2b,25588,0.04247452487083866,1.195201220208073,3090.694718809173,0.966295050432757
165,3,36349,0.03620869180202392,1.1280818421641374,4413.967607815374,0.9714638879342758
166,1,1352,0.12579263737921179,1.7469743439791416,150.61521756161815,0.8912143050983322
166,2,8965,0.061888493816080005,1.361561729456424,1064.1439386164318,0.9495986066850479
166,2a,15790,0.05102002878895736,1.277890160858594,1893.048209276339,0.9591124556181578
166,2b,25588,0.042623180960684584,1.198763064744462,3090.430850738427,0.9662125529899726
166,3,36349,0.036240368618257156,1.130034617272983,4413.9555628576,0.9714612369765551
167,1,1352,0.12128609313061957,1.7255636531031917,151.35066759073237,0.8955660804185347
167,2,8965,0.061669189359512794,1.349880921661423,1064.3765824258517,0.9498062085227901
167,2a,15790,0.05106069626424643,1.2742466485848212,1892.9513215223842,0.9590633674590927
167,2b,25588,0.042498616291169584,1.1938008667737579,3090.7174891978893,0.9663021695163012
167,3,36349,0.03622455922782449,1.1292677414654337,4413.957340669804,0.9714616282527285
168,1,1352,0.12288137582632211,1.7364565928400826,151.06664865618362,0.8938854950070036
168,2,8965,0.06134139261495715,1.3574407277496616,1064.6104775142833,0.9500149269508384
168,2a,15790,0.0507528627575614,1.2745591762103987,1893.4118876098858,0.9592967131652366
168,2b,25588,0.04249507329492657,1.1966454227543832,3090.712550564588,0.9663006254696227
168,3,36349,0.036182738553412155,1.1281733779253613,4414.095289948323,0.97149198931433
169,1,1352,0.12317258366466274,1.7243391246216502,151.05458410643894,0.8938141071386919
169,2,8965,0.061719027219773404,1.3526945541652236,1064.2920378998058,0.9497307644393136
169,2a,15790,0.050985944867511575,1.274981151252543,1893.036175341197,0.9591063586275855
169,2b,25588,0.042547514648461356,1.196650372832055,3090.5477556239957,0.9662491028994828
169,3,36349,0.036245785165139384,1.1293586887321099,4413.863560402306,0.9714409882862924
170,1,1352,0.12031012879320856,1.7203376703197233,151.475305800431,0.8963035846179348
170,2,8965,0.061726225998171604,1.3513676709480296,1064.191527272259,0.9496410728586806
170,2a,15790,0.051000323908626466,1.275543260724773,1892.9384765660814,0.9590568595648291
170,2b,25588,0.042503890496260376,1.1958665919599447,3090.651248994283,0.9662814597449688
170,3,36349,0.036263802628159154,1.1292704162252054,4413.793234969639,0.9714255104612813
171,1,1352,0.12186591865042963,1.7078933708192279,151.19586265313336,0.8946500748706117
171,2,8965,0.06165525858720055,1.3537049944005934,1064.305179952632,0.9497424918707257
171,2a,15790,0.05082949227060677,1.271166379849437,1893.2751685648957,0.9592274444913974
171,2b,25588,0.042387683186211285,1.194678031518037,3090.974033230528,0.9663823771238168
171,3,36349,0.036223038291894424,1.129311727704219,4413.949423447145,0.9714598857623913
172,1,1352,0.12075236280994302,1.7329386119752785,151.3801048933311,0.8957402656410124
172,2,8965,0.062014216068265696,1.3605413492435303,1063.9965724491663,0.9494671031336676
172,2a,15790,0.05108379801290559,1.2784071497223843,1892.8731186573277,0.9590237459948462
172,2b,25588,0.042464428997531764,1.1959606175906907,3090.7800504049383,0.9663217290620411
172,3,36349,0.03616963651813947,1.1281858355679326,4414.152997029155,0.9715046899841326
173,1,1352,0.12030485678001268,1.7316741063112338,151.48007710256553,0.8963318171749439
173,2,8965,0.061341266238483315,1.3494341457839296,1064.5750101085316,0.9499832772859178
173,2a,15790,0.05093512302565378,1.273873360719412,1893.1010004443046,0.959139202251706
173,2b,25588,0.04254922155702563,1.1966563478743817,3090.5987337746396,0.9662650410425636
173,3,36349,0.03625230622057403,1.1293890931323098,4413.861736929773,0.9714405869608017
174,1,1352,0.12047023744978143,1.71468075098221,151.4582748096975,0.8962028095248373
174,2,8965,0.06165693403287633,1.3559483147128282,1064.318373442848,0.9497542652027645
174,2a,15790,0.05090305335616824,1.2770317115842535,1893.1312727152376,0.959154539691064
174,2b,25588,0.04249372544914032,1.197066582540405,3090.6664728147507,0.9662862194199627
174,3,36349,0.03626240028167887,1.1305925654445261,4413.82319931538,0.9714321052717556
175,1,1352,0.11912447884237978,1.6990218263823271,151.6194642073648,0.8971565929429871
175,2,8965,0.061710271500238015,1.3484304106418197,1064.2659718270938,0.9497075041401841
175,2a,15790,0.050840419361000956,1.272343102099951,1893.2909235157138,0.9592354267337372
175,2b,25588,0.04248929556709016,1.1959786339959841,3090.71159743056,0.966300327475554
175,3,36349,0.0362572735443237,1.1304292199613033,4413.841965777932,0.9714362355559564
176,1,1352,0.12171542573962692,1.7212640068767209,151.2678066901365,0.8950757792315769
176,2,8965,0.061525408036869726,1.3522730288586111,1064.4544453631765,0.9498756902292708
176,2a,15790,0.05079071317917943,1.2726367311049285,1893.3048593690546,0.9592424873307434
176,2b,25588,0.0425018041007534,1.196179228645311,3090.6585239571355,0.9662837342370284
176,3,36349,0.03621915726849405,1.1292582514350304,4413.937314993858,0.9714572208300329
177,1,1352,0.1215396153150931,1.7222781465285981,151.26756428872596,0.895074344903704
177,2,8965,0.0614842727073929,1.3522448270905294,1064.489614574243,0.9499070737974282
177,2a,15790,0.050654253799602755,1.2695635635317217,1893.5970675723672,0.959390534552181
177,2b,25588,0.04244914195752617,1.1947685875059308,3090.8024698832046,0.9663287384346426
177,3,36349,0.036244783136761924,1.1298542523759205,4413.827494847776,0.9714330506694051
178,1,1352,0.12133435949065982,1.7120535904549898,151.32177703104816,0.8953951303612318
178,2,8965,0.06149132085524653,1.3555070889215093,1064.460476161786,0.9498810718677397
178,2a,15790,0.05110942412962862,1.2769901153107515,1892.8129200459844,0.9589932463817527
178,2b,25588,0.04252920386305596,1.197495497769396,3090.6352031005226,0.9662764430515938
178,3,36349,0.03624936389038922,1.1301461102537256,4413.8592349146475,0.9714400362958315
179,1,1352,0.1203520580156315,1.7054318126614354,151.4641762709729,0.8962377294140408
179,2,8965,0.06152958143907623,1.3576308470228866,1064.4229945435757,0.9498476248018523
179,2a,15790,0.05081270180449145,1.2753793316435202,1893.2843374284955,0.9592320898941079
179,2b,25588,0.042507552981320744,1.1961225665644637,3090.6302751117987,0.9662749023329057
179,3,36349,0.03622672185861358,1.1302486021660507,4413.933113794259,0.971456296193955
180,1,1352,0.12444801584503354,1.749106744820971,150.81412977762966,0.8923913004593471
180,2,8965,0.06136605815387477,1.3476024552580197,1064.5777890652178,0.9499857571134124
180,2a,15790,0.05089382898815075,1.273349259186858,1893.1566001495185,0.9591673718300283
180,2b,25588,0.042457427310630534,1.1953812223351927,3090.7973306052672,0.9663271316571103
180,3,36349,0.03622375665011014,1.1292854996621717,4413.954868853931,0.971461084234269
181,1,1352,0.1230963122915234,1.71980043947104,151.04901867574907,0.8937811755961483
181,2,8965,0.061279874504842506,1.3503788086740032,1064.6778093835721,0.9500750111621391
181,2a,15790,0.05078445927412771,1.2739840242660938,1893.3449480869008,0.959262798270754
181,2b,25588,0.04251514838527139,1.1969498536867136,3090.641176069024,0.9662783104796073
181,3,36349,0.03620306394553361,1.1290293794260222,4413.9812952741,0.9714669003877081
182,1,1352,0.12054419094288843,1.7229905939459618,151.44873524249485,0.8961463623816264
182,2,8965,0.06148541456351251,1.3518328561827293,1064.4571604366688,0.9498781130500112
182,2a,15790,0.050911485310820855,1.2735581065207855,1893.1717226701646,0.9591750336517617
182,2b,25588,0.04259237185369828,1.1974826909013407,3090.416103162625,0.9662079422112319
182,3,36349,0.036298512868066055,1.1311549013884328,4413.692592668114,0.9714033602394815
183,1,1352,0.12354895772313225,1.7444991309362503,151.0039570055472,0.8935145384943621
183,2,8965,0.06132222189959107,1.348010528245296,1064.6781070504549,0.9500752767879128
183,2a,15790,0.05082950507484711,1.2711926482548424,1893.3296649831348,0.9592550550896186
183,2b,25588,0.04243441725291553,1.1938168015100492,3090.86311937316,0.9663477002886227
183,3,36349,0.03618093305527582,1.128000896254005,4414.109025121132,0.9714950122690873
184,1,1352,0.11810551310432028,1.704417804997962,151.81341441066138,0.89830422728202
184,2,8965,0.06140532209031487,1.3536912348425028,1064.5795014574992,0.9499872851823752
184,2a,15790,0.05084493623797542,1.2740068459119545,1893.2810820012426,0.9592304405326119
184,2b,25588,0.042587923187379896,1.1967817118623771,3090.4811450778657,0.966228277341837
184,3,36349,0.03625208934880591,1.1300665885320276,4413.857425113342,0.971439637979222
185,1,1352,0.12168774802303879,1.7234178295751998,151.285660068971,0.8951814205264557
185,2,8965,0.06172585048558522,1.3583407337691056,1064.2640759323983,0.9497058123211586
185,2a,15790,0.05111312527985721,1.2793263642015837,1892.8553914022639,0.9590147644849976
185,2b,25588,0.04255119852671609,1.1982579806399074,3090.5798475765505,0.9662591363378303
185,3,36349,0.03624866851543855,1.1299529553370677,4413.869582801415,0.9714423137475947
186,1,1352,0.1162407468761918,1.688604944069757,152.13802172433788,0.9002249806173839
186,2,8965,0.06188559545462715,1.3615564554592186,1064.143964168105,0.9495986294863179
186,2a,15790,0.05086352062648123,1.275525331995275,1893.2446423283282,0.959211978380407
186,2b,25588,0.04247311329271377,1.1969116983467891,3090.7471210468448,0.9663114338117382
186,3,36349,0.036228277374387635,1.1300237767062629,4413.9290527595085,0.9714554024065605
187,1,1352,0.12350086065439078,1.7409591972714331,150.9936803563764,0.8934537299193869
187,2,8965,0.06143915205113527,1.3555957904788494,1064.510623264914,0.9499258210952942
187,2a,15790,0.050924584411079936,1.2759001160658205,1893.114871676238,0.9591462301082903
187,2b,25588,0.042458861921846225,1.1952130310614923,3090.7834213937717,0.9663227829900802
187,3,36349,0.036251471896568924,1.128831919662081,4413.857889997541,0.9714397402949277
188,1,1352,0.1193133120000715,1.7144501588602967,151.65575362525684,0.8973713232263718
188,2,8965,0.061373290547563984,1.3443571756872623,1064.6114032361988,0.9500157530272828
188,2a,15790,0.050922486206789117,1.271789274698663,1893.1267562855264,0.9591522514429519
188,2b,25588,0.04243144844404623,1.1927192241817839,3090.8647669721363,0.9663482154047636
188,3,36349,0.03618864367833285,1.1280264726820122,4414.04170055368,0.9714801949002569
189,1,1352,0.1191647320809449,1.7211648264940524,151.66503305381468,0.8974262310876608
189,2,8965,0.06154185782845833,1.3539351262226862,1064.532135069292,0.9499450173512924
189,2a,15790,0.05102973005453041,1.276766614328886,1893.0370439637732,0.9591067987150212
189,2b,25588,0.04255888106879991,1.1975438755236665,3090.573489742466,0.9662571485829188
189,3,36349,0.03624870382990744,1.1301138229152823,4413.855802708225,0.9714392809063744
190,1,1352,0.12130436248327853,1.7395325442023746,151.29266261088725,0.8952228556857234
190,2,8965,0.06141303616133869,1.3527268828026002,1064.5757651834203,0.9499839510839222
190,2a,15790,0.05085095471411736,1.2736874539413787,1893.2467355042934,0.9592130388875457
190,2b,25588,0.042572647850271574,1.1955489352427935,3090.5068743776706,0.966236321518734
190,3,36349,0.036245056102389255,1.1290531861174407,4413.856183440154,0.9714393647011261
191,1,1352,0.11849168489670613,1.6879144400975559,151.72699221327443,0.8977928533329848
191,2,8965,0.061294110580589006,1.3510147938621762,1064.6515860357483,0.9500516105171206
191,2a,15790,0.050954205329996484,1.276040984515851,1893.1110823521512,0.9591443102480817
191,2b,25588,0.04265263282975052,1.19936880405241,3090.306092040123,0.966173547612982
191,3,36349,0.036282558861472504,1.1308327793630362,4413.736470822313,0.9714130173203803
192,1,1352,0.12522347156818098,1.7495379005684268,150.74401507886236,0.8919764205849844
192,2,8965,0.06171271924658721,1.3543492454002912,1064.2661020885205,0.9497076203801633
192,2a,15790,0.05082277390985567,1.2739874630820684,1893.2824542387064,0.9592311357764187
192,2b,25588,0.042482451608409466,1.1953296232447495,3090.7289661248315,0.9663057577379495
192,3,36349,0.03622303703253743,1.1289635053112002,4413.931612103666,0.9714559656889964
193,1,1352,0.11769980509605633,1.7025188181274322,151.88146515759976,0.8987068944236672
193,2,8965,0.061734103677795374,1.3547867542755363,1064.263055419135,0.9497049016567853
193,2a,15790,0.05083477583167068,1.2725146769792233,1893.3006635545457,0.9592403615222524
193,2b,25588,0.04261443703290502,1.198691629300592,3090.3965747000293,0.9662018367047145
193,3,36349,0.036254971492221295,1.130394419456189,4413.830019836811,0.9714336063906706
194,1,1352,0.11941281719320625,1.6945578260957845,151.62147249766855,0.8971684763175654
194,2,8965,0.06110268639108687,1.346848168985084,1064.8057034671724,0.9501891386210127
194,2a,15790,0.050845303816309154,1.2730156535948522,1893.2291215790542,0.9592041147962276
194,2b,25588,0.042489763012114254,1.195159194896624,3090.694113250259,0.9662948611068497
194,3,36349,0.03623013744466016,1.1286878437016759,4413.900691140537,0.9714491603379541
195,1,1352,0.12407459450896675,1.7297570333767207,150.93970353697824,0.8931343404554926
195,2,8965,0.0614563384005562,1.3558321773021358,1064.561474626756,0.9499711987745731
195,2a,15790,0.05098344115534487,1.276585130357422,1893.0654188345266,0.9591211748369989
195,2b,25588,0.0425334012525164,1.1970390856519784,3090.6191517325938,0.9662714246467388
195,3,36349,0.036214438405383645,1.1299202416602137,4413.991309114729,0.9714691043197291
196,1,1352,0.12207837781962558,1.707858657282803,151.19501999474025,0.8946450887262737
196,2,8965,0.06196362250222218,1.3537562521613935,1064.0590129948387,0.9495228225274635
196,2a,15790,0.05093819749287369,1.2757082825187713,1893.089553899838,0.9591334028624892
196,2b,25588,0.04247245099817717,1.1967373488145847,3090.7555379915216,0.9663140653404788
196,3,36349,0.03623820310144163,1.1301362232830836,4413.871516001853,0.9714427392229449
197,1,1352,0.11841335804504756,1.6973676537295512,151.7969905990147,0.8982070449645839
197,2,8965,0.06108962536124098,1.3485550071645998,1064.8313641678365,0.9502120371826761
197,2a,15790,0.05088195076012929,1.274851790710972,1893.1927865807593,0.9591857056773955
197,2b,25588,0.042480540830902296,1.1955951782256438,3090.7339315633435,0.9663073101651848
197,3,36349,0.03620069467525193,1.128588443256479,4414.0387735262075,0.9714795506949203
198,1,1352,0.12231750601142116,1.7414476755775747,151.16392797531532,0.8944611122799723
198,2,8965,0.06170016159508658,1.3553768236615504,1064.3144890910755,0.9497507989658232
198,2a,15790,0.05093684145134412,1.2774686738283463,1893.109278923629,0.9591433965414207
198,2b,25588,0.0425382386488301,1.196296322116091,3090.5649351262296,0.9662544740116397
198,3,36349,0.03622955478215999,1.1284182093547932,4413.897632764919,0.9714484872243899
199,1,1352,0.12290988730255668,1.7428155440128243,151.04262191500686,0.893743324940869
199,2,8965,0.06107197052529586,1.351560487311665,1064.799332994434,0.9501834538712184
199,2a,15790,0.05095400613950279,1.2759432676694749,1893.056060127386,0.9591164332501005
199,2b,25588,0.04247784357397411,1.1957716185620182,3090.742612928044,0.9663100243639343
199,3,36349,0.036200569579124375,1.1285551811413734,4414.012544816359,0.9714737780552662
