rung,donor_tokens,draw,n_on,share_named_in_code_leaning,share_named_in_prose_leaning,share_matched_in_code_leaning,share_matched_in_prose_leaning,n_donor_positions,n_donor_positions_in_code_texts,U_minus_M_code_texts,U_minus_M_prose_texts,U_minus_M_all_texts,n_code_texts,n_prose_texts
1,1,0,201,0.0,0.0895522388059701,0.0547263681592039,0.0945273631840796,1,0,0.0009000496938824654,0.01645890143550984,0.011934191556065343,120,719
1,1,1,222,0.0045045045045045,0.2882882882882883,0.0990990990990991,0.1216216216216216,1,0,0.0005517274141311646,0.008736737165729591,0.006101358732848894,120,719
1,1,2,226,0.0044247787610619,0.0309734513274336,0.0752212389380531,0.0663716814159292,1,0,0.001673864262799422,0.010560748847369857,0.0080534573753539,120,719
1,1,3,143,0.0,0.0839160839160839,0.0629370629370629,0.0769230769230769,1,0,0.0016639174893498421,0.011008780133574994,0.008682761315867538,120,719
1,1,4,212,0.3537735849056603,0.0,0.0660377358490566,0.070754716981132,1,1,0.04988052727033695,0.0034394039771155622,0.01005573256770731,120,719
1,1,5,154,0.0,0.1363636363636363,0.0584415584415584,0.0259740259740259,1,0,-0.000982987197736899,0.007843182195542751,0.0053561765926133376,120,719
1,1,6,38,0.2631578947368421,0.0,0.1052631578947368,0.0526315789473684,1,0,0.003455654780069987,0.002568088150654449,0.002525264964788221,120,719
1,1,7,156,0.1474358974358974,0.0833333333333333,0.0641025641025641,0.0576923076923076,1,0,0.005100616502265135,0.00445529661026054,0.004132556765398476,120,719
2,8,0,1039,0.1260827718960539,0.1087584215591915,0.0760346487006737,0.0798845043310875,8,1,0.06168019510805607,0.04481153362152142,0.04410708256546059,120,719
2,8,1,1287,0.108003108003108,0.094017094017094,0.0901320901320901,0.0831390831390831,8,1,0.03378266164412101,0.04559003156564498,0.0390518745080044,120,719
2,8,2,1066,0.0412757973733583,0.0966228893058161,0.0787992495309568,0.0797373358348968,8,0,0.010303978808224201,0.05086639220923476,0.03956727500553825,120,719
2,8,3,1530,0.1124183006535947,0.0326797385620915,0.0797385620915032,0.061437908496732,8,2,0.08810752406716346,0.05079004495962936,0.06067828871891834,120,719
2,8,4,1201,0.1781848459616986,0.0441298917568692,0.1049125728559533,0.0907577019150707,8,1,0.08521792578200499,0.030180269409287124,0.04727373793866718,120,719
2,8,5,891,0.0202020202020202,0.1111111111111111,0.0639730639730639,0.058361391694725,8,1,0.020390937911967437,0.05206163300095082,0.0423581290851871,120,719
2,8,6,950,0.0852631578947368,0.1431578947368421,0.0884210526315789,0.0736842105263157,8,3,0.030558481253683566,0.047923441515181096,0.040632225671288325,120,719
2,8,7,1001,0.1678321678321678,0.0629370629370629,0.0889110889110889,0.0819180819180819,8,0,0.08279729976008336,0.0304291584063969,0.038118691816634964,120,719
