group,cell,file,volume_path,committed_in_git,bytes,sha256,shape,dtype,gate_max_abs_difference,gate_pass
curve 1|1,main/E/union/D_unif/tau0.1/r0/excl/k0/r1,results/grid/main/tier1/E/kl/main__E__union__D_unif__tau0.1__r0__excl__k0__r1.npy,/results/grid/main/tier1/E/kl/main__E__union__D_unif__tau0.1__r0__excl__k0__r1.npy,False,1048704,57daaa0dc758d34aa2efa31b3a080b581ed477e938ad9f2c9211917419833749,1024x512,float16,1.531839370727539e-05,True
curve 1|1,main/E/union/D_unif/tau0.1/r0/excl/k1/r1,results/grid/main/tier1/E/kl/main__E__union__D_unif__tau0.1__r0__excl__k1__r1.npy,/results/grid/main/tier1/E/kl/main__E__union__D_unif__tau0.1__r0__excl__k1__r1.npy,False,1048704,3444749f1887d07c5f8eba39f0915f060c3c3f4e734af6afd7af871ee44b3214,1024x512,float16,1.4214776456356049e-05,True
curve 1|1,main/E/union/D_unif/tau0.1/r0/excl/k2/r1,results/grid/main/tier1/E/kl/main__E__union__D_unif__tau0.1__r0__excl__k2__r1.npy,/results/grid/main/tier1/E/kl/main__E__union__D_unif__tau0.1__r0__excl__k2__r1.npy,False,1048704,1c7f5a0cc3ef1aed9cb0de9895279ab518a623041c68ebd2f22138431a519fbf,1024x512,float16,1.4290213584899902e-05,True
curve 1|1,main/E/union/D_unif/tau0.1/r0/excl/k3/r1,results/grid/main/tier1/E/kl/main__E__union__D_unif__tau0.1__r0__excl__k3__r1.npy,/results/grid/main/tier1/E/kl/main__E__union__D_unif__tau0.1__r0__excl__k3__r1.npy,False,1048704,16aada381ff8ed35aeefbd2876b6b77d4ff6a680806a61ead112321d949882ac,1024x512,float16,1.3574957847595215e-05,True
curve 1|1,main/E/union/D_unif/tau0.1/r0/excl/k4/r1,results/grid/main/tier1/E/kl/main__E__union__D_unif__tau0.1__r0__excl__k4__r1.npy,/results/grid/main/tier1/E/kl/main__E__union__D_unif__tau0.1__r0__excl__k4__r1.npy,False,1048704,57d35797d014891f75d69b86469588b0361f03f2b480fed514f2443ea3ba0a70,1024x512,float16,1.4591962099075317e-05,True
curve 1|1,main/E/union/D_unif/tau0.1/r0/excl/k5/r1,results/grid/main/tier1/E/kl/main__E__union__D_unif__tau0.1__r0__excl__k5__r1.npy,/results/grid/main/tier1/E/kl/main__E__union__D_unif__tau0.1__r0__excl__k5__r1.npy,False,1048704,477fda7ddb879334d58cee00a6aa6fe4f7283ad0703995d01b52650afe1f2026,1024x512,float16,1.8659979104995728e-05,True
curve 1|1,main/E/union/D_unif/tau0.1/r0/excl/k6/r1,results/grid/main/tier1/E/kl/main__E__union__D_unif__tau0.1__r0__excl__k6__r1.npy,/results/grid/main/tier1/E/kl/main__E__union__D_unif__tau0.1__r0__excl__k6__r1.npy,False,1048704,b988a26ea08850e032355fc78a83cc3df249873f47c8382c9c9baf95ff1835a5,1024x512,float16,1.4763325452804565e-05,True
curve 1|1,main/E/union/D_unif/tau0.1/r0/excl/k7/r1,results/grid/main/tier1/E/kl/main__E__union__D_unif__tau0.1__r0__excl__k7__r1.npy,/results/grid/main/tier1/E/kl/main__E__union__D_unif__tau0.1__r0__excl__k7__r1.npy,False,1048704,9022b6593c27b96ded4a80fd6f9911c1945eefb7c420e706af517fab1f0f536f,1024x512,float16,1.3942830264568329e-05,True
curve 1|2,main/E/union/D_unif/tau0.1/r0/excl/k0/r2,results/grid/main/tier1/E/kl/main__E__union__D_unif__tau0.1__r0__excl__k0__r2.npy,/results/grid/main/tier1/E/kl/main__E__union__D_unif__tau0.1__r0__excl__k0__r2.npy,False,1048704,c13affcf8fd4f29e63856a0244c3ef5096d5a76c5d83c801e91c1ff96c5efc89,1024x512,float16,1.815706491470337e-05,True
curve 1|2,main/E/union/D_unif/tau0.1/r0/excl/k1/r2,results/grid/main/tier1/E/kl/main__E__union__D_unif__tau0.1__r0__excl__k1__r2.npy,/results/grid/main/tier1/E/kl/main__E__union__D_unif__tau0.1__r0__excl__k1__r2.npy,False,1048704,c3a5e806b47696463e65aa0992ba1eafaaa9eab7b09e42e717af95d1cdd334af,1024x512,float16,1.5232712030410767e-05,True
curve 1|2,main/E/union/D_unif/tau0.1/r0/excl/k2/r2,results/grid/main/tier1/E/kl/main__E__union__D_unif__tau0.1__r0__excl__k2__r2.npy,/results/grid/main/tier1/E/kl/main__E__union__D_unif__tau0.1__r0__excl__k2__r2.npy,False,1048704,e122ee7b04bea84654773b955550b4d8b8ad1b01e715351f4eddcdd53be0d5e5,1024x512,float16,1.7554499208927155e-05,True
curve 1|2,main/E/union/D_unif/tau0.1/r0/excl/k3/r2,results/grid/main/tier1/E/kl/main__E__union__D_unif__tau0.1__r0__excl__k3__r2.npy,/results/grid/main/tier1/E/kl/main__E__union__D_unif__tau0.1__r0__excl__k3__r2.npy,False,1048704,fac622b7ceccb738cbdf64680e307085cc8aaf3812323b1e3d8911816f9ea922,1024x512,float16,2.0742416381835938e-05,True
curve 1|2,main/E/union/D_unif/tau0.1/r0/excl/k4/r2,results/grid/main/tier1/E/kl/main__E__union__D_unif__tau0.1__r0__excl__k4__r2.npy,/results/grid/main/tier1/E/kl/main__E__union__D_unif__tau0.1__r0__excl__k4__r2.npy,False,1048704,d08aa5c5d58d15d338f64e7580670d17353f55a77498d4479ca6160d65b23a20,1024x512,float16,3.316253423690796e-05,True
curve 1|2,main/E/union/D_unif/tau0.1/r0/excl/k5/r2,results/grid/main/tier1/E/kl/main__E__union__D_unif__tau0.1__r0__excl__k5__r2.npy,/results/grid/main/tier1/E/kl/main__E__union__D_unif__tau0.1__r0__excl__k5__r2.npy,False,1048704,7fba439fb943f4139edbcffe268548f622d9c3fd3cebf240537cacb8b13fca44,1024x512,float16,2.0131468772888184e-05,True
curve 1|2,main/E/union/D_unif/tau0.1/r0/excl/k6/r2,results/grid/main/tier1/E/kl/main__E__union__D_unif__tau0.1__r0__excl__k6__r2.npy,/results/grid/main/tier1/E/kl/main__E__union__D_unif__tau0.1__r0__excl__k6__r2.npy,False,1048704,30486bf03dd6e1df1f0a43693712b9204ccec6e30f6e50323af5f344e98f9381,1024x512,float16,1.9159168004989624e-05,True
curve 1|2,main/E/union/D_unif/tau0.1/r0/excl/k7/r2,results/grid/main/tier1/E/kl/main__E__union__D_unif__tau0.1__r0__excl__k7__r2.npy,/results/grid/main/tier1/E/kl/main__E__union__D_unif__tau0.1__r0__excl__k7__r2.npy,False,1048704,9b0cafdca56ff1d02bdd3697b7a5f31f946b45e0cc06df1db1ebad6ca051166b,1024x512,float16,1.6376376152038574e-05,True
curve 1|2a,main/E/union/D_unif/tau0.1/r0/excl/k0/r2a,results/grid/main/tier3/E__curve1_extra/kl/main__E__union__D_unif__tau0.1__r0__excl__k0__r2a.npy,/results/grid/main/tier3/E__curve1_extra/kl/main__E__union__D_unif__tau0.1__r0__excl__k0__r2a.npy,False,1048704,2c76fbcbac43545b683f32b655828dcf10d5dca6f6195fb17ad7b5035b4bd80f,1024x512,float16,2.9081478714942932e-05,True
curve 1|2a,main/E/union/D_unif/tau0.1/r0/excl/k1/r2a,results/grid/main/tier3/E__curve1_extra/kl/main__E__union__D_unif__tau0.1__r0__excl__k1__r2a.npy,/results/grid/main/tier3/E__curve1_extra/kl/main__E__union__D_unif__tau0.1__r0__excl__k1__r2a.npy,False,1048704,ce2f484a043420bb79b661fa9e68502efa5532b6e58f315f66fafe6c3de3d5f0,1024x512,float16,1.570582389831543e-05,True
curve 1|2a,main/E/union/D_unif/tau0.1/r0/excl/k2/r2a,results/grid/main/tier3/E__curve1_extra/kl/main__E__union__D_unif__tau0.1__r0__excl__k2__r2a.npy,/results/grid/main/tier3/E__curve1_extra/kl/main__E__union__D_unif__tau0.1__r0__excl__k2__r2a.npy,False,1048704,3312d94188a62121311787487e87ee7dcece7afcc953f29bd702ce479b9b30ab,1024x512,float16,1.9311904907226562e-05,True
curve 1|2a,main/E/union/D_unif/tau0.1/r0/excl/k3/r2a,results/grid/main/tier3/E__curve1_extra/kl/main__E__union__D_unif__tau0.1__r0__excl__k3__r2a.npy,/results/grid/main/tier3/E__curve1_extra/kl/main__E__union__D_unif__tau0.1__r0__excl__k3__r2a.npy,False,1048704,07e04887080e606de86d40cd9459f77cd793755221cbe9676d02aefcd01230a8,1024x512,float16,2.3573637008666992e-05,True
curve 1|2a,main/E/union/D_unif/tau0.1/r0/excl/k4/r2a,results/grid/main/tier3/E__curve1_extra/kl/main__E__union__D_unif__tau0.1__r0__excl__k4__r2a.npy,/results/grid/main/tier3/E__curve1_extra/kl/main__E__union__D_unif__tau0.1__r0__excl__k4__r2a.npy,False,1048704,b890c129b0e522ab08d71db476da822af7685e9ca3607b59d5e2cb8014b72f96,1024x512,float16,2.6823952794075012e-05,True
curve 1|2a,main/E/union/D_unif/tau0.1/r0/excl/k5/r2a,results/grid/main/tier3/E__curve1_extra/kl/main__E__union__D_unif__tau0.1__r0__excl__k5__r2a.npy,/results/grid/main/tier3/E__curve1_extra/kl/main__E__union__D_unif__tau0.1__r0__excl__k5__r2a.npy,False,1048704,bb97f64f540cced9cc59849b962019a288c82dc7261b3ee02af78d09089dc106,1024x512,float16,1.861853525042534e-05,True
curve 1|2a,main/E/union/D_unif/tau0.1/r0/excl/k6/r2a,results/grid/main/tier3/E__curve1_extra/kl/main__E__union__D_unif__tau0.1__r0__excl__k6__r2a.npy,/results/grid/main/tier3/E__curve1_extra/kl/main__E__union__D_unif__tau0.1__r0__excl__k6__r2a.npy,False,1048704,91acdde420de8e8d83de9c1ca386886c9d094cf108013e4be5d79b099f6c32ed,1024x512,float16,1.5620142221450806e-05,True
curve 1|2a,main/E/union/D_unif/tau0.1/r0/excl/k7/r2a,results/grid/main/tier3/E__curve1_extra/kl/main__E__union__D_unif__tau0.1__r0__excl__k7__r2a.npy,/results/grid/main/tier3/E__curve1_extra/kl/main__E__union__D_unif__tau0.1__r0__excl__k7__r2a.npy,False,1048704,1bf8aae5776867042122e637997b0cfd4c67c17cbf71072e9d1b8518065a61f4,1024x512,float16,1.983344554901123e-05,True
curve 1|2b,main/E/union/D_unif/tau0.1/r0/excl/k0/r2b,results/grid/main/tier3/E__curve1_extra/kl/main__E__union__D_unif__tau0.1__r0__excl__k0__r2b.npy,/results/grid/main/tier3/E__curve1_extra/kl/main__E__union__D_unif__tau0.1__r0__excl__k0__r2b.npy,False,1048704,d907fc7a94449969ed31b16d1e2fa4d4d501d85bf1a905ae18fcb74de74af8f5,1024x512,float16,4.318729043006897e-05,True
curve 1|2b,main/E/union/D_unif/tau0.1/r0/excl/k1/r2b,results/grid/main/tier3/E__curve1_extra/kl/main__E__union__D_unif__tau0.1__r0__excl__k1__r2b.npy,/results/grid/main/tier3/E__curve1_extra/kl/main__E__union__D_unif__tau0.1__r0__excl__k1__r2b.npy,False,1048704,c1ed25c09567ef6a7fb22dcd33b73cfa41b70aee462d8a3d06d89f9b4bba2441,1024x512,float16,3.7088990211486816e-05,True
curve 1|2b,main/E/union/D_unif/tau0.1/r0/excl/k2/r2b,results/grid/main/tier3/E__curve1_extra/kl/main__E__union__D_unif__tau0.1__r0__excl__k2__r2b.npy,/results/grid/main/tier3/E__curve1_extra/kl/main__E__union__D_unif__tau0.1__r0__excl__k2__r2b.npy,False,1048704,c99c6446a102431c962930d13a9356e2abec41185c150757add7669f9943721f,1024x512,float16,3.045797348022461e-05,True
curve 1|2b,main/E/union/D_unif/tau0.1/r0/excl/k3/r2b,results/grid/main/tier3/E__curve1_extra/kl/main__E__union__D_unif__tau0.1__r0__excl__k3__r2b.npy,/results/grid/main/tier3/E__curve1_extra/kl/main__E__union__D_unif__tau0.1__r0__excl__k3__r2b.npy,False,1048704,b876e1ebccd6fbe8c76d26df73ba0d5403a87a071688417f3885c7ad6b872d87,1024x512,float16,3.0517578125e-05,True
curve 1|2b,main/E/union/D_unif/tau0.1/r0/excl/k4/r2b,results/grid/main/tier3/E__curve1_extra/kl/main__E__union__D_unif__tau0.1__r0__excl__k4__r2b.npy,/results/grid/main/tier3/E__curve1_extra/kl/main__E__union__D_unif__tau0.1__r0__excl__k4__r2b.npy,False,1048704,a86bcdc1eedca927db8c7b42e6f78c39105d4adea821f58cab26dee5f3487d09,1024x512,float16,2.5451183319091797e-05,True
curve 1|2b,main/E/union/D_unif/tau0.1/r0/excl/k5/r2b,results/grid/main/tier3/E__curve1_extra/kl/main__E__union__D_unif__tau0.1__r0__excl__k5__r2b.npy,/results/grid/main/tier3/E__curve1_extra/kl/main__E__union__D_unif__tau0.1__r0__excl__k5__r2b.npy,False,1048704,aa229f4a556caf99ebc9a25e7417ab391dbd87e2ddcb9929c2aa5e4114b5a46e,1024x512,float16,2.736598253250122e-05,True
curve 1|2b,main/E/union/D_unif/tau0.1/r0/excl/k6/r2b,results/grid/main/tier3/E__curve1_extra/kl/main__E__union__D_unif__tau0.1__r0__excl__k6__r2b.npy,/results/grid/main/tier3/E__curve1_extra/kl/main__E__union__D_unif__tau0.1__r0__excl__k6__r2b.npy,False,1048704,31d84531f07b480616a13557c1e2bba25a4ad84ee8c2c6a9c0c8a057c99cff58,1024x512,float16,3.463029861450195e-05,True
curve 1|2b,main/E/union/D_unif/tau0.1/r0/excl/k7/r2b,results/grid/main/tier3/E__curve1_extra/kl/main__E__union__D_unif__tau0.1__r0__excl__k7__r2b.npy,/results/grid/main/tier3/E__curve1_extra/kl/main__E__union__D_unif__tau0.1__r0__excl__k7__r2b.npy,False,1048704,e59a9d513089da26872ab5d3da57a039aa627a717b377abbf23e0b2a4ee47981,1024x512,float16,2.8520822525024414e-05,True
curve 1|3,main/E/union/D_unif/tau0.1/r0/excl/k0/r3,results/grid/main/tier1/E/kl/main__E__union__D_unif__tau0.1__r0__excl__k0__r3.npy,/results/grid/main/tier1/E/kl/main__E__union__D_unif__tau0.1__r0__excl__k0__r3.npy,False,1048704,fba256d579e124f5efebec7ea5d11b0b937ca6b1a28d93b549f8a9423e57e078,1024x512,float16,5.118176341056824e-05,True
curve 1|3,main/E/union/D_unif/tau0.1/r0/excl/k1/r3,results/grid/main/tier1/E/kl/main__E__union__D_unif__tau0.1__r0__excl__k1__r3.npy,/results/grid/main/tier1/E/kl/main__E__union__D_unif__tau0.1__r0__excl__k1__r3.npy,False,1048704,c0a9f6a9a9216b1783b5d7388e8c2ee96cef00107e9fc4298dd7cba4a0e848d5,1024x512,float16,4.5299530029296875e-05,True
curve 1|3,main/E/union/D_unif/tau0.1/r0/excl/k2/r3,results/grid/main/tier1/E/kl/main__E__union__D_unif__tau0.1__r0__excl__k2__r3.npy,/results/grid/main/tier1/E/kl/main__E__union__D_unif__tau0.1__r0__excl__k2__r3.npy,False,1048704,074f7684a48b1b7b99a2d2bf6b32f772efeb6bd1d96e16134d28436ea4adf2b7,1024x512,float16,4.6372413635253906e-05,True
curve 1|3,main/E/union/D_unif/tau0.1/r0/excl/k3/r3,results/grid/main/tier1/E/kl/main__E__union__D_unif__tau0.1__r0__excl__k3__r3.npy,/results/grid/main/tier1/E/kl/main__E__union__D_unif__tau0.1__r0__excl__k3__r3.npy,False,1048704,3ccce6414faee43e99e901ce0897b0330384eaf2f3d91cadcccfe2033d55e258,1024x512,float16,5.491077899932861e-05,True
curve 1|3,main/E/union/D_unif/tau0.1/r0/excl/k4/r3,results/grid/main/tier1/E/kl/main__E__union__D_unif__tau0.1__r0__excl__k4__r3.npy,/results/grid/main/tier1/E/kl/main__E__union__D_unif__tau0.1__r0__excl__k4__r3.npy,False,1048704,ccd43c31e1b01036163b4ba86cc2e290ce073fea014c155db53e133cba754135,1024x512,float16,3.752671182155609e-05,True
curve 1|3,main/E/union/D_unif/tau0.1/r0/excl/k5/r3,results/grid/main/tier1/E/kl/main__E__union__D_unif__tau0.1__r0__excl__k5__r3.npy,/results/grid/main/tier1/E/kl/main__E__union__D_unif__tau0.1__r0__excl__k5__r3.npy,False,1048704,6565e0dbd8af79515a6c668a7530cb8786c65811779b4482967cf743723bd937,1024x512,float16,6.565079092979431e-05,True
curve 1|3,main/E/union/D_unif/tau0.1/r0/excl/k6/r3,results/grid/main/tier1/E/kl/main__E__union__D_unif__tau0.1__r0__excl__k6__r3.npy,/results/grid/main/tier1/E/kl/main__E__union__D_unif__tau0.1__r0__excl__k6__r3.npy,False,1048704,315bf98488b9f2abf1c27a115048b80405d50c68fdcd1c902c5bad95800a581a,1024x512,float16,4.8160552978515625e-05,True
curve 1|3,main/E/union/D_unif/tau0.1/r0/excl/k7/r3,results/grid/main/tier1/E/kl/main__E__union__D_unif__tau0.1__r0__excl__k7__r3.npy,/results/grid/main/tier1/E/kl/main__E__union__D_unif__tau0.1__r0__excl__k7__r3.npy,False,1048704,c338da1aabf23b7c53c321849855c9b55aa50b80d1ba1dba8a6eb6cbf2c896dc,1024x512,float16,4.410743713378906e-05,True
curve 1|4,main/E/union/D_unif/tau0.1/r0/excl/k0/r4,results/grid/main/tier1/E/kl/main__E__union__D_unif__tau0.1__r0__excl__k0__r4.npy,/results/grid/main/tier1/E/kl/main__E__union__D_unif__tau0.1__r0__excl__k0__r4.npy,False,1048704,14aafaf40b9cf5ca29af13113e959fae3fcfbfbc763e4c2b8e642ba2d7d54c6e,1024x512,float16,8.471962064504623e-05,True
curve 1|4,main/E/union/D_unif/tau0.1/r0/excl/k1/r4,results/grid/main/tier1/E/kl/main__E__union__D_unif__tau0.1__r0__excl__k1__r4.npy,/results/grid/main/tier1/E/kl/main__E__union__D_unif__tau0.1__r0__excl__k1__r4.npy,False,1048704,b270fb56e1772167768efbb09cbf591ff033a3bc0bfbba71bab5835a515bef5f,1024x512,float16,4.4737011194229126e-05,True
curve 1|4,main/E/union/D_unif/tau0.1/r0/excl/k2/r4,results/grid/main/tier1/E/kl/main__E__union__D_unif__tau0.1__r0__excl__k2__r4.npy,/results/grid/main/tier1/E/kl/main__E__union__D_unif__tau0.1__r0__excl__k2__r4.npy,False,1048704,4879b632f356af4d5dbf8de90f6a6dffeddc3cef7f4c8778ffc2ecb7dedb0970,1024x512,float16,5.7220458984375e-05,True
curve 1|4,main/E/union/D_unif/tau0.1/r0/excl/k3/r4,results/grid/main/tier1/E/kl/main__E__union__D_unif__tau0.1__r0__excl__k3__r4.npy,/results/grid/main/tier1/E/kl/main__E__union__D_unif__tau0.1__r0__excl__k3__r4.npy,False,1048704,84a720b0ebcc6ba23b952b92d09646982e6218ecd62ffbbd5dd2dd40e1fc7b55,1024x512,float16,2.288818359375e-05,True
curve 1|4,main/E/union/D_unif/tau0.1/r0/excl/k4/r4,results/grid/main/tier1/E/kl/main__E__union__D_unif__tau0.1__r0__excl__k4__r4.npy,/results/grid/main/tier1/E/kl/main__E__union__D_unif__tau0.1__r0__excl__k4__r4.npy,False,1048704,6688110d9336884ee1152e00c6bd00b68175b601205219a667d31ee784df62f7,1024x512,float16,8.526444435119629e-05,True
curve 1|4,main/E/union/D_unif/tau0.1/r0/excl/k5/r4,results/grid/main/tier1/E/kl/main__E__union__D_unif__tau0.1__r0__excl__k5__r4.npy,/results/grid/main/tier1/E/kl/main__E__union__D_unif__tau0.1__r0__excl__k5__r4.npy,False,1048704,9068b1805de4dfc25ca436d7dcf9d02e751341ff5a5199d327b5b6e469ce88f4,1024x512,float16,5.657970905303955e-05,True
curve 1|4,main/E/union/D_unif/tau0.1/r0/excl/k6/r4,results/grid/main/tier1/E/kl/main__E__union__D_unif__tau0.1__r0__excl__k6__r4.npy,/results/grid/main/tier1/E/kl/main__E__union__D_unif__tau0.1__r0__excl__k6__r4.npy,False,1048704,eb0c1e83dec914b6458ceef03ea4252e6f1733078370fd9994d0d051c7edb81f,1024x512,float16,5.7071447372436523e-05,True
curve 1|4,main/E/union/D_unif/tau0.1/r0/excl/k7/r4,results/grid/main/tier1/E/kl/main__E__union__D_unif__tau0.1__r0__excl__k7__r4.npy,/results/grid/main/tier1/E/kl/main__E__union__D_unif__tau0.1__r0__excl__k7__r4.npy,False,1048704,7de1d5b74dfcb0dfaff96e404b189977d4497204c3d6a6c84008142524b9fc79,1024x512,float16,5.0006434321403503e-05,True
control|3,main/E/union/D_unif/tau0.1/r0/excl/k0/r3/ctl-plain,results/grid/main/tier2/E/kl/main__E__union__D_unif__tau0.1__r0__excl__k0__r3__ctl-plain.npy,/results/grid/main/tier2/E/kl/main__E__union__D_unif__tau0.1__r0__excl__k0__r3__ctl-plain.npy,False,1048704,1042e134842e9d41b88186ca225c732c3183aa86b866c845942e38989532db28,1024x512,float16,1.5072524547576904e-05,True
control|3,main/E/union/D_unif/tau0.1/r0/excl/k1/r3/ctl-plain,results/grid/main/tier2/E/kl/main__E__union__D_unif__tau0.1__r0__excl__k1__r3__ctl-plain.npy,/results/grid/main/tier2/E/kl/main__E__union__D_unif__tau0.1__r0__excl__k1__r3__ctl-plain.npy,False,1048704,49278f57d453a09455eb7ba149b2dcdeb95e5766192bf444b812c56de3498fc1,1024x512,float16,1.7076730728149414e-05,True
control|3,main/E/union/D_unif/tau0.1/r0/excl/k2/r3/ctl-plain,results/grid/main/tier2/E/kl/main__E__union__D_unif__tau0.1__r0__excl__k2__r3__ctl-plain.npy,/results/grid/main/tier2/E/kl/main__E__union__D_unif__tau0.1__r0__excl__k2__r3__ctl-plain.npy,False,1048704,9abb1c8ac2314961a5bc6f486bb0c11f97e99ea4d5a68873865fd9ba9572ef24,1024x512,float16,1.958012580871582e-05,True
control|3,main/E/union/D_unif/tau0.1/r0/excl/k3/r3/ctl-plain,results/grid/main/tier2/E/kl/main__E__union__D_unif__tau0.1__r0__excl__k3__r3__ctl-plain.npy,/results/grid/main/tier2/E/kl/main__E__union__D_unif__tau0.1__r0__excl__k3__r3__ctl-plain.npy,False,1048704,82e9deb97509d8141ff8807354eb487e91f85ac0cb74f34a2ede916fe665c514,1024x512,float16,1.9766390323638916e-05,True
control|3,main/E/union/D_unif/tau0.1/r0/excl/k4/r3/ctl-plain,results/grid/main/tier2/E/kl/main__E__union__D_unif__tau0.1__r0__excl__k4__r3__ctl-plain.npy,/results/grid/main/tier2/E/kl/main__E__union__D_unif__tau0.1__r0__excl__k4__r3__ctl-plain.npy,False,1048704,1ec657d92115382d17a7e375cd596768c3d2c9f29de85cf69dae3bd53bb4d3d8,1024x512,float16,1.8358230590820312e-05,True
control|3,main/E/union/D_unif/tau0.1/r0/excl/k5/r3/ctl-plain,results/grid/main/tier2/E/kl/main__E__union__D_unif__tau0.1__r0__excl__k5__r3__ctl-plain.npy,/results/grid/main/tier2/E/kl/main__E__union__D_unif__tau0.1__r0__excl__k5__r3__ctl-plain.npy,False,1048704,786739176ddce51f436dac6403726e887f7457e472d672e8be36577a4a3b19ad,1024x512,float16,2.238154411315918e-05,True
control|3,main/E/union/D_unif/tau0.1/r0/excl/k6/r3/ctl-plain,results/grid/main/tier2/E/kl/main__E__union__D_unif__tau0.1__r0__excl__k6__r3__ctl-plain.npy,/results/grid/main/tier2/E/kl/main__E__union__D_unif__tau0.1__r0__excl__k6__r3__ctl-plain.npy,False,1048704,50b4249ee5d5b1e6cd55762e9d49aa04439ae95584d3ff5b2867fce85cbfbead,1024x512,float16,1.582503318786621e-05,True
control|3,main/E/union/D_unif/tau0.1/r0/excl/k7/r3/ctl-plain,results/grid/main/tier2/E/kl/main__E__union__D_unif__tau0.1__r0__excl__k7__r3__ctl-plain.npy,/results/grid/main/tier2/E/kl/main__E__union__D_unif__tau0.1__r0__excl__k7__r3__ctl-plain.npy,False,1048704,196147f99af5cea183ff65de2a65c7af167b9800dbd0aeaa373c7d6fd11f04db,1024x512,float16,1.7255544662475586e-05,True
control|4,main/E/union/D_unif/tau0.1/r0/excl/k0/r4/ctl-plain,results/grid/main/tier2/E/kl/main__E__union__D_unif__tau0.1__r0__excl__k0__r4__ctl-plain.npy,/results/grid/main/tier2/E/kl/main__E__union__D_unif__tau0.1__r0__excl__k0__r4__ctl-plain.npy,False,1048704,baa303fa001dc817b80964a16fa6db4b4fb44fe9386de7aed739f3c15af10720,1024x512,float16,2.4065375328063965e-05,True
control|4,main/E/union/D_unif/tau0.1/r0/excl/k1/r4/ctl-plain,results/grid/main/tier2/E/kl/main__E__union__D_unif__tau0.1__r0__excl__k1__r4__ctl-plain.npy,/results/grid/main/tier2/E/kl/main__E__union__D_unif__tau0.1__r0__excl__k1__r4__ctl-plain.npy,False,1048704,61fe6eb1423e7738e80d52841053aaf81b906ba353430dd0b526848aa87b6635,1024x512,float16,1.5657395124435425e-05,True
control|4,main/E/union/D_unif/tau0.1/r0/excl/k2/r4/ctl-plain,results/grid/main/tier2/E/kl/main__E__union__D_unif__tau0.1__r0__excl__k2__r4__ctl-plain.npy,/results/grid/main/tier2/E/kl/main__E__union__D_unif__tau0.1__r0__excl__k2__r4__ctl-plain.npy,False,1048704,be07ecb9e9b96b7c3c9a5ec0e6484f9e555fd6330e34f72696e41edd21580fbe,1024x512,float16,1.913309097290039e-05,True
control|4,main/E/union/D_unif/tau0.1/r0/excl/k3/r4/ctl-plain,results/grid/main/tier2/E/kl/main__E__union__D_unif__tau0.1__r0__excl__k3__r4__ctl-plain.npy,/results/grid/main/tier2/E/kl/main__E__union__D_unif__tau0.1__r0__excl__k3__r4__ctl-plain.npy,False,1048704,596b9dfa60d719cef32cd996f16761a9fecae885f39fbef4bc423a572f1d473c,1024x512,float16,1.626182347536087e-05,True
control|4,main/E/union/D_unif/tau0.1/r0/excl/k4/r4/ctl-plain,results/grid/main/tier2/E/kl/main__E__union__D_unif__tau0.1__r0__excl__k4__r4__ctl-plain.npy,/results/grid/main/tier2/E/kl/main__E__union__D_unif__tau0.1__r0__excl__k4__r4__ctl-plain.npy,False,1048704,0741ad3f16843916758d7804884c5cff083c39b20e173235f0d95caea805946f,1024x512,float16,1.7617829144001007e-05,True
control|4,main/E/union/D_unif/tau0.1/r0/excl/k5/r4/ctl-plain,results/grid/main/tier2/E/kl/main__E__union__D_unif__tau0.1__r0__excl__k5__r4__ctl-plain.npy,/results/grid/main/tier2/E/kl/main__E__union__D_unif__tau0.1__r0__excl__k5__r4__ctl-plain.npy,False,1048704,ee55acc64d715bf883b0aa8337c3f80c9547cf0f92b65b650adb139ef1b87d57,1024x512,float16,1.8775463104248047e-05,True
control|4,main/E/union/D_unif/tau0.1/r0/excl/k6/r4/ctl-plain,results/grid/main/tier2/E/kl/main__E__union__D_unif__tau0.1__r0__excl__k6__r4__ctl-plain.npy,/results/grid/main/tier2/E/kl/main__E__union__D_unif__tau0.1__r0__excl__k6__r4__ctl-plain.npy,False,1048704,70a899039e68b705f32345b57c308d505d2eda767f425e8f474430623f7b7e94,1024x512,float16,1.6398727893829346e-05,True
control|4,main/E/union/D_unif/tau0.1/r0/excl/k7/r4/ctl-plain,results/grid/main/tier2/E/kl/main__E__union__D_unif__tau0.1__r0__excl__k7__r4__ctl-plain.npy,/results/grid/main/tier2/E/kl/main__E__union__D_unif__tau0.1__r0__excl__k7__r4__ctl-plain.npy,False,1048704,9d0a0e752329232534fd73a3686bf4593e575d3e1b8c087de99e68d1713d41f5,1024x512,float16,2.390146255493164e-05,True
reference|own labels,main/E/ref/importances,results/grid/main/tier1/E/kl/main__E__ref__importances.npy,/results/grid/main/tier1/E/kl/main__E__ref__importances.npy,False,1048704,bffead711a6b11f1dce6f448cb624a230344c5ebfb69097d44e4cf6a11aefae8,1024x512,float16,1.5733763575553894e-05,True
never-named|8,main/E/never_named_hard/D_unif/tau0.1/ones/incl/k0/r8,results/grid/main/tier3/E__never_named/kl/main__E__never_named_hard__D_unif__tau0.1__ones__incl__k0__r8.npy,/results/grid/main/tier3/E__never_named/kl/main__E__never_named_hard__D_unif__tau0.1__ones__incl__k0__r8.npy,False,1048704,7b7bcfeed05dc444847014679f9786cf54b36559f0eeca26942ebb202f681822,1024x512,float16,5.45307993888855e-05,True
reference|never-named,main/E/ref/unmasked_delta,results/grid/main/tier3/E__never_named/kl/main__E__ref__unmasked_delta.npy,/results/grid/main/tier3/E__never_named/kl/main__E__ref__unmasked_delta.npy,True,1048704,b3bfdd859b82e39dc8e9f5f4ce39491ad40b2ea12909f7f5ed79b822cef289a5,1024x512,float16,4.9243681132793427e-08,True
code-leaning|G256,main/E_lab/code_leaning_hard/D_code/tau0.1/ones/incl/k0/rG256,results/grid/main/tier4/E_lab__code_leaning/kl/main__E_lab__code_leaning_hard__D_code__tau0.1__ones__incl__k0__rG256.npy,/results/grid/main/tier4/E_lab__code_leaning/kl/main__E_lab__code_leaning_hard__D_code__tau0.1__ones__incl__k0__rG256.npy,False,524416,dde341e1d9410a39ee5fc14cadf693de4e05a03fb863b1f30c821f9a69b9a0a1,512x512,float16,4.278053529560566e-05,True
reference|code-leaning,main/E_lab/ref/unmasked_delta,results/grid/main/tier4/E_lab__code_leaning/kl/main__E_lab__ref__unmasked_delta.npy,/results/grid/main/tier4/E_lab__code_leaning/kl/main__E_lab__ref__unmasked_delta.npy,True,524416,8dce23305611e95f8fa2632fc87412aa0ab891f184d3f132099cf108cf1de845,512x512,float16,4.807952791452408e-08,True
