bin,overflow,edge_low,edge_high,n_points_union,n_points_control,n_sequences_union,n_sequences_control,populated,union_mean_excess,control_mean_excess,difference,interval
0,False,23.135731113885413,202.80459230724918,7372,5120,1024,1024,True,0.004210368896886601,-0.001693634696857771,0.005904003593744373,"[+0.0056, +0.0063]"
1,False,202.80459230724918,1221.7464899973124,7373,9216,1024,1024,True,0.03314973794052191,-0.008219254237095205,0.041368992177617116,"[+0.0403, +0.0425]"
2,False,1221.7464899973124,4396.405451098146,7373,6043,1024,1024,True,0.2978727151737654,0.008153037271189134,0.28971967790257624,"[+0.2826, +0.2971]"
3,False,4396.405451098146,5304.605843702239,7372,8308,1024,1024,True,0.4920355851781705,0.040980584450428396,0.4510550007277421,"[+0.4418, +0.4607]"
4,False,5304.605843702239,6498.0444552699155,7373,7578,1024,1024,True,0.6492119368681603,0.09879120947303008,0.5504207273951301,"[+0.5376, +0.5632]"
5,False,6498.0444552699155,7512.853745478087,7373,7789,1024,1024,True,0.784629119302692,0.22281294320166561,0.5618161761010263,"[+0.5476, +0.5761]"
6,False,7512.853745478087,8218.706104807168,7372,7149,1024,1024,True,0.9000693815828534,0.38798885357173146,0.512080528011122,"[+0.5017, +0.5227]"
7,False,8218.706104807168,8791.386603931556,7373,7448,1024,1024,True,0.9341212567207239,0.547593381113816,0.38652787560690793,"[+0.3796, +0.3936]"
8,False,8791.386603931556,9421.11088275968,7373,7468,1024,1024,True,0.9641125621858954,0.710280749856045,0.2538318123298504,"[+0.2498, +0.2579]"
9,False,9421.11088275968,9708.938697063297,7372,7607,1024,1024,True,0.925494405790169,0.8398303560147669,0.0856640497754021,"[+0.0839, +0.0875]"
10,True,9708.938697063297,inf,1,2,1,2,False,,,,
