family,rung,n_on,mean_kl,excess,half_width,overlap
union,1,169.0,0.34548863768577576,0.003766134221223183,0.00046133419502950826,0.026060982580935248
union,2,1120.625,0.38189059495925903,0.04016805911624033,0.0018452599100277217,0.14866787703710713
union,3,4543.625,0.7992514967918396,0.45752901129344536,0.01388083537988452,0.5362839509812597
union,4,4890.25,0.829405665397644,0.4876831235969803,0.01592594645687201,0.5339617060106038
union,5a,6501.375,1.056943655014038,0.7152212025703193,0.02112051961174982,0.6984571215009734
union,5,7711.0,1.1933435201644897,0.8516210528832744,0.02303695791762045,0.8054599214437381
union,6a,8489.5,1.2659130096435547,0.9241905791168392,0.025209766473590245,0.8728715353314725
union,6,9060.0,1.2943832874298096,0.9526607917505316,0.02651777558180135,0.9205056276111464
union,7,9659.25,1.2953083515167236,0.9535858240851667,0.02721233865634537,0.972376440332029
union,8,9966.0,1.2875717878341675,0.9458492363846744,0.027261477678307555,0.9992976118803932
matched-random control,1,169.0,0.3396574854850769,-0.0020649975986088975,0.0001570770202329189,0.026060982580935248
matched-random control,2,1120.625,0.3306742310523987,-0.011048289916288923,0.0008476544857569501,0.14866787703710713
matched-random control,3,4543.625,0.3814202547073364,0.03969773513654218,0.004052094349217446,0.5362839509812597
matched-random control,4,4890.25,0.398929238319397,0.057206710325317545,0.003436274707304964,0.5339617060106038
matched-random control,5a,6501.375,0.49824267625808716,0.15652016722106055,0.006536488342615054,0.6984571215009734
matched-random control,5,7711.0,0.6639052033424377,0.322182688751127,0.011481955280041839,0.8054599214437381
matched-random control,6a,8489.5,0.849958062171936,0.5082355297308823,0.017264618872486648,0.8728715353314725
matched-random control,6,9060.0,1.014971375465393,0.6732488094057771,0.021837111450240643,0.9205056276111464
matched-random control,7,9659.25,1.2023038864135742,0.8605812827299815,0.025799128547601025,0.972376440332029
matched-random control,8,9966.0,1.2876231670379639,0.9459006205943297,0.027268818341231127,0.9992976118803932
