rung,n_draws,n_named,n_control,overlap,fraction_of_named,control_pool_size,named_in_control_pool,control_overflow
1,8,197.875,197.875,8.375,0.039325194831548144,9959,197.875,0.0
2,8,975.0,975.0,133.5,0.13535959040264944,9959,975.0,0.0
3,8,3626.375,3626.375,1551.5,0.42619756785912316,9959,3626.375,0.0
4,8,5156.375,5156.375,2973.75,0.5642549794489287,9959,5156.375,0.0
5a,8,6108.875,6108.875,4040.5,0.6587491819440414,9959,6108.875,0.0
5,8,7324.5,7324.5,5679.25,0.7727574828384529,9959,7324.5,0.0
6a,8,8146.375,8146.375,6876.375,0.843914650915842,9959,8146.375,0.0
6,8,8649.75,8649.75,7666.5,0.886239012560891,9959,8649.75,0.0
7,8,9223.25,9223.25,8619.25,0.934475792563138,9959,9223.25,0.0
8,1,9624.0,9624.0,9327.0,0.969139650872818,9959,9624.0,0.0
