chain,part,reader_label,n_texts,rung,n_off,tau_q,m,unconditional,unconditional_interval,mean_n_contributing,mean_clean_prefix_fraction,testable,d_hat,d_interval,label,budget_rung
code_specific_hard/E/D_code/tau0.1/ones/incl/ctl-none,donor_chain,code,120,1,0.125,0.1,9,0.0001097515708352148,"[+0.0001, +0.0001]",119.0,0.9570210774739583,True,2.1667588648886594e-05,"[+0.0000, +0.0000]",holds,7
code_specific_hard/E/D_code/tau0.1/ones/incl/ctl-none,donor_chain,code,120,2,1.25,0.1,9,0.0016822595794110384,"[+0.0013, +0.0021]",114.25,0.7192403157552083,True,0.0001846185334893035,"[+0.0001, +0.0002]",holds,7
code_specific_hard/E/D_code/tau0.1/ones/incl/ctl-none,donor_chain,code,120,3,5.125,0.1,9,0.007971395782381782,"[+0.0063, +0.0097]",100.75,0.23615112304687502,True,0.0009348373733778784,"[+0.0008, +0.0011]",holds,7
code_specific_hard/E/D_code/tau0.1/ones/incl/ctl-none,donor_chain,code,120,4,8.625,0.1,9,0.010913995737246296,"[+0.0089, +0.0131]",95.125,0.15952555338541669,True,0.0015425953080632265,"[+0.0013, +0.0019]",holds,7
code_specific_hard/E/D_code/tau0.1/ones/incl/ctl-none,donor_chain,code,120,5a,14.375,0.1,9,0.015175515543918057,"[+0.0125, +0.0180]",86.125,0.11505126953125,True,0.002288644068832655,"[+0.0019, +0.0028]",holds,7
code_specific_hard/E/D_code/tau0.1/ones/incl/ctl-none,donor_chain,code,120,5,30.25,0.1,9,0.019449277528353074,"[+0.0163, +0.0229]",77.125,0.08794962565104167,True,0.004142065074953538,"[+0.0032, +0.0053]",holds,7
code_specific_hard/E/D_code/tau0.1/ones/incl/ctl-none,donor_chain,code,120,6a,45.75,0.1,9,0.023437943273286996,"[+0.0198, +0.0273]",72.75,0.07199503580729166,True,0.006432429147912001,"[+0.0050, +0.0082]",holds,7
code_specific_hard/E/D_code/tau0.1/ones/incl/ctl-none,donor_chain,code,120,6,63.625,0.1,9,0.026553215483606132,"[+0.0228, +0.0306]",69.875,0.06658528645833334,True,0.008919571860680264,"[+0.0070, +0.0113]",holds,7
code_specific_hard/E/D_code/tau0.1/ones/incl/ctl-none,donor_chain,code,120,7,108.625,0.1,9,0.031966663304532024,"[+0.0279, +0.0361]",66.125,0.06281941731770833,True,0.013779182393394592,"[+0.0109, +0.0175]",holds,7
code_specific_hard/E/D_code/tau0.1/ones/incl/ctl-none,donor_chain,code,120,1,0.125,0,9,0.0001097515708352148,"[+0.0001, +0.0001]",118.875,0.9507059733072917,True,1.9227516696468933e-05,"[+0.0000, +0.0000]",holds,5
code_specific_hard/E/D_code/tau0.1/ones/incl/ctl-none,donor_chain,code,120,2,1.25,0,9,0.0016822595794110384,"[+0.0013, +0.0021]",112.625,0.69267578125,True,0.00017015934591085575,"[+0.0001, +0.0002]",holds,5
code_specific_hard/E/D_code/tau0.1/ones/incl/ctl-none,donor_chain,code,120,3,5.125,0,9,0.007971395782381782,"[+0.0063, +0.0097]",96.0,0.20641072591145831,True,0.0008357058566867095,"[+0.0007, +0.0010]",holds,5
code_specific_hard/E/D_code/tau0.1/ones/incl/ctl-none,donor_chain,code,120,4,8.625,0,9,0.010913995737246296,"[+0.0089, +0.0131]",87.875,0.13388264973958333,True,0.0013882007841384,"[+0.0011, +0.0018]",holds,5
code_specific_hard/E/D_code/tau0.1/ones/incl/ctl-none,donor_chain,code,120,5a,14.375,0,9,0.015175515543918057,"[+0.0125, +0.0180]",78.25,0.09345906575520833,True,0.0020917455064635034,"[+0.0017, +0.0027]",holds,5
code_specific_hard/E/D_code/tau0.1/ones/incl/ctl-none,donor_chain,code,120,5,30.25,0,9,0.019449277528353074,"[+0.0163, +0.0229]",67.5,0.06651204427083333,True,0.003942191396835203,"[+0.0031, +0.0052]",holds,5
code_specific_hard/E/D_code/tau0.1/ones/incl/ctl-none,donor_chain,code,120,6a,45.75,0,9,0.023437943273286996,"[+0.0198, +0.0273]",61.125,0.05319010416666667,False,,,not testable with these donors,5
code_specific_hard/E/D_code/tau0.1/ones/incl/ctl-none,donor_chain,code,120,6,63.625,0,9,0.026553215483606132,"[+0.0228, +0.0306]",55.625,0.04688720703125,False,,,not testable with these donors,5
code_specific_hard/E/D_code/tau0.1/ones/incl/ctl-none,donor_chain,code,120,7,108.625,0,9,0.031966663304532024,"[+0.0279, +0.0361]",48.125,0.0376220703125,False,,,not testable with these donors,5
code_specific_hard/E/D_code/tau0.1/ones/incl/ctl-none,sub_rung_chain,code,120,S4,4.0,0.1,3,0.00269366666834685,"[+0.0021, +0.0033]",102.0,0.14742838541666667,True,0.0006730993837735179,"[+0.0005, +0.0008]",holds,S64
code_specific_hard/E/D_code/tau0.1/ones/incl/ctl-none,sub_rung_chain,code,120,S16,16.0,0.1,3,0.019225569201080362,"[+0.0158, +0.0229]",77.0,0.085791015625,True,0.0026462110305241274,"[+0.0021, +0.0034]",holds,S64
code_specific_hard/E/D_code/tau0.1/ones/incl/ctl-none,sub_rung_chain,code,120,S64,64.0,0.1,3,0.027652002621471182,"[+0.0238, +0.0317]",68.0,0.06531575520833334,True,0.00953222464030499,"[+0.0076, +0.0120]",holds,S64
code_specific_hard/E/D_code/tau0.1/ones/incl/ctl-none,sub_rung_chain,code,120,S4,4.0,0,3,0.00269366666834685,"[+0.0021, +0.0033]",95.0,0.127392578125,True,0.0005962867986071567,"[+0.0005, +0.0007]",holds,S16
code_specific_hard/E/D_code/tau0.1/ones/incl/ctl-none,sub_rung_chain,code,120,S16,16.0,0,3,0.019225569201080362,"[+0.0158, +0.0229]",66.0,0.07101236979166667,True,0.0023138955955139613,"[+0.0018, +0.0028]",holds,S16
code_specific_hard/E/D_code/tau0.1/ones/incl/ctl-none,sub_rung_chain,code,120,S64,64.0,0,3,0.027652002621471182,"[+0.0238, +0.0317]",55.0,0.045328776041666664,False,,,not testable with these donors,S16
code_specific_hard/E/D_code/tau0.1/ones/incl/ctl-none,donor_chain,mixed,27,1,0.125,0.1,9,6.561576150556061e-05,"[+0.0000, +0.0001]",26.875,0.9653862847222222,False,,,not testable with these donors,
code_specific_hard/E/D_code/tau0.1/ones/incl/ctl-none,donor_chain,mixed,27,2,1.25,0.1,9,0.0009914381266248205,"[+0.0006, +0.0014]",26.625,0.8000669126157407,False,,,not testable with these donors,
code_specific_hard/E/D_code/tau0.1/ones/incl/ctl-none,donor_chain,mixed,27,3,5.125,0.1,9,0.004579263910138117,"[+0.0030, +0.0063]",25.625,0.4243706597222222,False,,,not testable with these donors,
code_specific_hard/E/D_code/tau0.1/ones/incl/ctl-none,donor_chain,mixed,27,4,8.625,0.1,9,0.006146754362648439,"[+0.0042, +0.0084]",25.125,0.372802734375,False,,,not testable with these donors,
code_specific_hard/E/D_code/tau0.1/ones/incl/ctl-none,donor_chain,mixed,27,5a,14.375,0.1,9,0.008562694859358965,"[+0.0059, +0.0117]",24.0,0.3004195601851852,False,,,not testable with these donors,
code_specific_hard/E/D_code/tau0.1/ones/incl/ctl-none,donor_chain,mixed,27,5,30.25,0.1,9,0.011007214530427181,"[+0.0078, +0.0147]",23.375,0.25325520833333337,False,,,not testable with these donors,
code_specific_hard/E/D_code/tau0.1/ones/incl/ctl-none,donor_chain,mixed,27,6a,45.75,0.1,9,0.013663819716182642,"[+0.0102, +0.0177]",22.125,0.22407588252314814,False,,,not testable with these donors,
code_specific_hard/E/D_code/tau0.1/ones/incl/ctl-none,donor_chain,mixed,27,6,63.625,0.1,9,0.01581898211885278,"[+0.0122, +0.0201]",21.75,0.2140209056712963,False,,,not testable with these donors,
code_specific_hard/E/D_code/tau0.1/ones/incl/ctl-none,donor_chain,mixed,27,7,108.625,0.1,9,0.02006140757671178,"[+0.0163, +0.0245]",20.875,0.18284324363425927,False,,,not testable with these donors,
code_specific_hard/E/D_code/tau0.1/ones/incl/ctl-none,donor_chain,mixed,27,1,0.125,0,9,6.561576150556061e-05,"[+0.0000, +0.0001]",26.875,0.9647623697916667,False,,,not testable with these donors,
code_specific_hard/E/D_code/tau0.1/ones/incl/ctl-none,donor_chain,mixed,27,2,1.25,0,9,0.0009914381266248205,"[+0.0006, +0.0014]",26.625,0.789794921875,False,,,not testable with these donors,
code_specific_hard/E/D_code/tau0.1/ones/incl/ctl-none,donor_chain,mixed,27,3,5.125,0,9,0.004579263910138117,"[+0.0030, +0.0063]",25.375,0.40107783564814814,False,,,not testable with these donors,
code_specific_hard/E/D_code/tau0.1/ones/incl/ctl-none,donor_chain,mixed,27,4,8.625,0,9,0.006146754362648439,"[+0.0042, +0.0084]",24.5,0.3243362991898148,False,,,not testable with these donors,
code_specific_hard/E/D_code/tau0.1/ones/incl/ctl-none,donor_chain,mixed,27,5a,14.375,0,9,0.008562694859358965,"[+0.0059, +0.0117]",22.625,0.24830910011574076,False,,,not testable with these donors,
code_specific_hard/E/D_code/tau0.1/ones/incl/ctl-none,donor_chain,mixed,27,5,30.25,0,9,0.011007214530427181,"[+0.0078, +0.0147]",19.75,0.18464265046296297,False,,,not testable with these donors,
code_specific_hard/E/D_code/tau0.1/ones/incl/ctl-none,donor_chain,mixed,27,6a,45.75,0,9,0.013663819716182642,"[+0.0102, +0.0177]",18.0,0.1406521267361111,False,,,not testable with these donors,
code_specific_hard/E/D_code/tau0.1/ones/incl/ctl-none,donor_chain,mixed,27,6,63.625,0,9,0.01581898211885278,"[+0.0122, +0.0201]",16.625,0.12046079282407407,False,,,not testable with these donors,
code_specific_hard/E/D_code/tau0.1/ones/incl/ctl-none,donor_chain,mixed,27,7,108.625,0,9,0.02006140757671178,"[+0.0163, +0.0245]",15.5,0.0981174045138889,False,,,not testable with these donors,
code_specific_hard/E/D_code/tau0.1/ones/incl/ctl-none,sub_rung_chain,mixed,27,S4,4.0,0.1,3,0.0015834464187112947,"[+0.0010, +0.0023]",26.0,0.42961516203703703,False,,,not testable with these donors,
code_specific_hard/E/D_code/tau0.1/ones/incl/ctl-none,sub_rung_chain,mixed,27,S16,16.0,0.1,3,0.011103434645553568,"[+0.0076, +0.0151]",22.0,0.2562934027777778,False,,,not testable with these donors,
code_specific_hard/E/D_code/tau0.1/ones/incl/ctl-none,sub_rung_chain,mixed,27,S64,64.0,0.1,3,0.016253870469949173,"[+0.0125, +0.0207]",21.0,0.21006944444444445,False,,,not testable with these donors,
code_specific_hard/E/D_code/tau0.1/ones/incl/ctl-none,sub_rung_chain,mixed,27,S4,4.0,0,3,0.0015834464187112947,"[+0.0010, +0.0023]",26.0,0.4269386574074074,False,,,not testable with these donors,
code_specific_hard/E/D_code/tau0.1/ones/incl/ctl-none,sub_rung_chain,mixed,27,S16,16.0,0,3,0.011103434645553568,"[+0.0076, +0.0151]",21.0,0.19299768518518517,False,,,not testable with these donors,
code_specific_hard/E/D_code/tau0.1/ones/incl/ctl-none,sub_rung_chain,mixed,27,S64,64.0,0,3,0.016253870469949173,"[+0.0125, +0.0207]",15.0,0.10966435185185185,False,,,not testable with these donors,
code_specific_hard/E/D_code/tau0.1/ones/incl/ctl-none,donor_chain,other,158,1,0.125,0.1,9,7.773698782813558e-06,"[+0.0000, +0.0000]",157.625,0.9969992335838608,True,7.91027141567904e-06,"[+0.0000, +0.0000]",holds,7
code_specific_hard/E/D_code/tau0.1/ones/incl/ctl-none,donor_chain,other,158,2,1.25,0.1,9,9.301654205921318e-05,"[+0.0001, +0.0001]",157.125,0.9568937277492089,True,7.524676293015893e-05,"[+0.0001, +0.0001]",holds,7
code_specific_hard/E/D_code/tau0.1/ones/incl/ctl-none,donor_chain,other,158,3,5.125,0.1,9,0.0006248831313418054,"[+0.0005, +0.0007]",154.25,0.8421368176424051,True,0.0003801655829738098,"[+0.0003, +0.0004]",holds,7
code_specific_hard/E/D_code/tau0.1/ones/incl/ctl-none,donor_chain,other,158,4,8.625,0.1,9,0.0009528595284929814,"[+0.0008, +0.0011]",151.125,0.7657934261273733,True,0.0006745509709198555,"[+0.0006, +0.0007]",holds,7
code_specific_hard/E/D_code/tau0.1/ones/incl/ctl-none,donor_chain,other,158,5a,14.375,0.1,9,0.001773065601833256,"[+0.0016, +0.0020]",144.375,0.6326687969738924,True,0.0010831484305448475,"[+0.0010, +0.0012]",holds,7
code_specific_hard/E/D_code/tau0.1/ones/incl/ctl-none,donor_chain,other,158,5,30.25,0.1,9,0.003926817750618307,"[+0.0034, +0.0045]",135.125,0.4043540471716772,True,0.0024209282671158235,"[+0.0022, +0.0027]",holds,7
code_specific_hard/E/D_code/tau0.1/ones/incl/ctl-none,donor_chain,other,158,6a,45.75,0.1,9,0.005991805558816067,"[+0.0054, +0.0067]",124.75,0.305392108386076,True,0.003919650426094247,"[+0.0035, +0.0045]",holds,7
code_specific_hard/E/D_code/tau0.1/ones/incl/ctl-none,donor_chain,other,158,6,63.625,0.1,9,0.007905382623500339,"[+0.0072, +0.0087]",120.25,0.2858005958267405,True,0.005602246617806629,"[+0.0049, +0.0064]",holds,7
code_specific_hard/E/D_code/tau0.1/ones/incl/ctl-none,donor_chain,other,158,7,108.625,0.1,9,0.013051039520857408,"[+0.0117, +0.0146]",112.875,0.25993714151503167,True,0.009636278385744143,"[+0.0085, +0.0109]",holds,7
code_specific_hard/E/D_code/tau0.1/ones/incl/ctl-none,donor_chain,other,158,1,0.125,0,9,7.773698782813558e-06,"[+0.0000, +0.0000]",157.5,0.9947571573378164,True,7.787069237095935e-06,"[+0.0000, +0.0000]",holds,7
code_specific_hard/E/D_code/tau0.1/ones/incl/ctl-none,donor_chain,other,158,2,1.25,0,9,9.301654205921318e-05,"[+0.0001, +0.0001]",156.875,0.9376607001582279,True,7.499249840425183e-05,"[+0.0001, +0.0001]",holds,7
code_specific_hard/E/D_code/tau0.1/ones/incl/ctl-none,donor_chain,other,158,3,5.125,0,9,0.0006248831313418054,"[+0.0005, +0.0007]",152.375,0.7661194620253164,True,0.0003761662774894953,"[+0.0003, +0.0004]",holds,7
code_specific_hard/E/D_code/tau0.1/ones/incl/ctl-none,donor_chain,other,158,4,8.625,0,9,0.0009528595284929814,"[+0.0008, +0.0011]",147.875,0.6654531744462026,True,0.0006711305416132777,"[+0.0006, +0.0007]",holds,7
code_specific_hard/E/D_code/tau0.1/ones/incl/ctl-none,donor_chain,other,158,5a,14.375,0,9,0.001773065601833256,"[+0.0016, +0.0020]",138.75,0.4978583613528481,True,0.0011178279046136505,"[+0.0010, +0.0013]",holds,7
code_specific_hard/E/D_code/tau0.1/ones/incl/ctl-none,donor_chain,other,158,5,30.25,0,9,0.003926817750618307,"[+0.0034, +0.0045]",123.875,0.23942932901503167,True,0.002501311081663859,"[+0.0022, +0.0028]",holds,7
code_specific_hard/E/D_code/tau0.1/ones/incl/ctl-none,donor_chain,other,158,6a,45.75,0,9,0.005991805558816067,"[+0.0054, +0.0067]",111.0,0.14958403382120253,True,0.0040630795038683245,"[+0.0035, +0.0047]",holds,7
code_specific_hard/E/D_code/tau0.1/ones/incl/ctl-none,donor_chain,other,158,6,63.625,0,9,0.007905382623500339,"[+0.0072, +0.0087]",101.875,0.11620166633702532,True,0.005733516442557134,"[+0.0050, +0.0066]",holds,7
code_specific_hard/E/D_code/tau0.1/ones/incl/ctl-none,donor_chain,other,158,7,108.625,0,9,0.013051039520857408,"[+0.0117, +0.0146]",84.5,0.07508096815664557,True,0.009473910100796502,"[+0.0081, +0.0110]",holds,7
code_specific_hard/E/D_code/tau0.1/ones/incl/ctl-none,sub_rung_chain,other,158,S4,4.0,0.1,3,0.00020571939681827598,"[+0.0002, +0.0002]",157.0,0.8653950751582279,True,0.00018731405906442992,"[+0.0002, +0.0002]",holds,S64
code_specific_hard/E/D_code/tau0.1/ones/incl/ctl-none,sub_rung_chain,other,158,S16,16.0,0.1,3,0.0016367978206762006,"[+0.0013, +0.0020]",147.0,0.6641366693037974,True,0.0010575194818167283,"[+0.0009, +0.0012]",holds,S64
code_specific_hard/E/D_code/tau0.1/ones/incl/ctl-none,sub_rung_chain,other,158,S64,64.0,0.1,3,0.008242580425355266,"[+0.0072, +0.0095]",125.0,0.28996489319620256,True,0.005821783289313316,"[+0.0052, +0.0065]",holds,S64
code_specific_hard/E/D_code/tau0.1/ones/incl/ctl-none,sub_rung_chain,other,158,S4,4.0,0,3,0.00020571939681827598,"[+0.0002, +0.0002]",156.0,0.8050212618670886,True,0.00018550727454333892,"[+0.0002, +0.0002]",holds,S64
code_specific_hard/E/D_code/tau0.1/ones/incl/ctl-none,sub_rung_chain,other,158,S16,16.0,0,3,0.0016367978206762006,"[+0.0013, +0.0020]",140.0,0.5101735561708861,True,0.001065122015799196,"[+0.0009, +0.0012]",holds,S64
code_specific_hard/E/D_code/tau0.1/ones/incl/ctl-none,sub_rung_chain,other,158,S64,64.0,0,3,0.008242580425355266,"[+0.0072, +0.0095]",106.0,0.12660700158227847,True,0.005753800141150659,"[+0.0050, +0.0065]",holds,S64
code_specific_hard/E/D_code/tau0.1/ones/incl/ctl-none,donor_chain,prose,719,1,0.125,0.1,9,6.877834158724495e-06,"[+0.0000, +0.0000]",718.625,0.9972217543897774,True,5.4593250408793995e-06,"[+0.0000, +0.0000]",holds,7
code_specific_hard/E/D_code/tau0.1/ones/incl/ctl-none,donor_chain,prose,719,2,1.25,0.1,9,9.020509378577684e-05,"[+0.0001, +0.0001]",717.25,0.9764759132692977,True,5.722124661610885e-05,"[+0.0001, +0.0001]",holds,7
code_specific_hard/E/D_code/tau0.1/ones/incl/ctl-none,donor_chain,prose,719,3,5.125,0.1,9,0.00042616095666233477,"[+0.0004, +0.0005]",710.0,0.9191378406423854,True,0.0002678808491097125,"[+0.0003, +0.0003]",holds,7
code_specific_hard/E/D_code/tau0.1/ones/incl/ctl-none,donor_chain,prose,719,4,8.625,0.1,9,0.0007028273516646276,"[+0.0006, +0.0008]",706.75,0.9038133475312935,True,0.00047712936191639916,"[+0.0005, +0.0005]",holds,7
code_specific_hard/E/D_code/tau0.1/ones/incl/ctl-none,donor_chain,prose,719,5a,14.375,0.1,9,0.0010633211079168054,"[+0.0009, +0.0012]",703.375,0.8775667023426634,True,0.0007554270363703044,"[+0.0007, +0.0008]",holds,7
code_specific_hard/E/D_code/tau0.1/ones/incl/ctl-none,donor_chain,prose,719,5,30.25,0.1,9,0.0019975260558025847,"[+0.0018, +0.0022]",688.25,0.7766486792637344,True,0.0015920276212798804,"[+0.0015, +0.0017]",holds,7
code_specific_hard/E/D_code/tau0.1/ones/incl/ctl-none,donor_chain,prose,719,6a,45.75,0.1,9,0.003051369408544986,"[+0.0029, +0.0033]",674.75,0.6804813814760083,True,0.0025523833923370084,"[+0.0025, +0.0026]",holds,7
code_specific_hard/E/D_code/tau0.1/ones/incl/ctl-none,donor_chain,prose,719,6,63.625,0.1,9,0.004184984632918964,"[+0.0040, +0.0044]",662.125,0.6176105865351182,True,0.003638532152863026,"[+0.0035, +0.0038]",holds,7
code_specific_hard/E/D_code/tau0.1/ones/incl/ctl-none,donor_chain,prose,719,7,108.625,0.1,9,0.007073090887220151,"[+0.0068, +0.0073]",652.0,0.5658870691715925,True,0.006315962391589356,"[+0.0061, +0.0065]",holds,7
code_specific_hard/E/D_code/tau0.1/ones/incl/ctl-none,donor_chain,prose,719,1,0.125,0,9,6.877834158724495e-06,"[+0.0000, +0.0000]",718.5,0.9953239769862656,True,5.296300707471289e-06,"[+0.0000, +0.0000]",holds,7
code_specific_hard/E/D_code/tau0.1/ones/incl/ctl-none,donor_chain,prose,719,2,1.25,0,9,9.020509378577684e-05,"[+0.0001, +0.0001]",716.25,0.9550356805241655,True,5.6268835837822265e-05,"[+0.0001, +0.0001]",holds,7
code_specific_hard/E/D_code/tau0.1/ones/incl/ctl-none,donor_chain,prose,719,3,5.125,0,9,0.00042616095666233477,"[+0.0004, +0.0005]",704.75,0.8297681105485049,True,0.00026290324316163675,"[+0.0002, +0.0003]",holds,7
code_specific_hard/E/D_code/tau0.1/ones/incl/ctl-none,donor_chain,prose,719,4,8.625,0,9,0.0007028273516646276,"[+0.0006, +0.0008]",694.0,0.7522023589621002,True,0.0004762727885909004,"[+0.0005, +0.0005]",holds,7
code_specific_hard/E/D_code/tau0.1/ones/incl/ctl-none,donor_chain,prose,719,5a,14.375,0,9,0.0010633211079168054,"[+0.0009, +0.0012]",682.375,0.6562313244306328,True,0.0007613993582416755,"[+0.0007, +0.0008]",holds,7
code_specific_hard/E/D_code/tau0.1/ones/incl/ctl-none,donor_chain,prose,719,5,30.25,0,9,0.0019975260558025847,"[+0.0018, +0.0022]",655.75,0.48080966402990266,True,0.0016263508825863644,"[+0.0016, +0.0017]",holds,7
code_specific_hard/E/D_code/tau0.1/ones/incl/ctl-none,donor_chain,prose,719,6a,45.75,0,9,0.003051369408544986,"[+0.0029, +0.0033]",628.125,0.3488497886604659,True,0.0026142652118906523,"[+0.0025, +0.0027]",holds,7
code_specific_hard/E/D_code/tau0.1/ones/incl/ctl-none,donor_chain,prose,719,6,63.625,0,9,0.004184984632918964,"[+0.0040, +0.0044]",602.25,0.267688141081363,True,0.003739919994550191,"[+0.0036, +0.0039]",holds,7
code_specific_hard/E/D_code/tau0.1/ones/incl/ctl-none,donor_chain,prose,719,7,108.625,0,9,0.007073090887220151,"[+0.0068, +0.0073]",562.625,0.1859899953277121,True,0.006591047255734006,"[+0.0063, +0.0069]",holds,7
code_specific_hard/E/D_code/tau0.1/ones/incl/ctl-none,sub_rung_chain,prose,719,S4,4.0,0.1,3,0.00023382849110839616,"[+0.0002, +0.0003]",710.0,0.9271883692628651,True,0.00017169045695994447,"[+0.0002, +0.0002]",holds,S64
code_specific_hard/E/D_code/tau0.1/ones/incl/ctl-none,sub_rung_chain,prose,719,S16,16.0,0.1,3,0.0011856276813961865,"[+0.0010, +0.0014]",697.0,0.7842652555632823,True,0.0008015131868253526,"[+0.0008, +0.0009]",holds,S64
code_specific_hard/E/D_code/tau0.1/ones/incl/ctl-none,sub_rung_chain,prose,719,S64,64.0,0.1,3,0.004365492087525933,"[+0.0042, +0.0046]",663.0,0.611800786682893,True,0.003865460759495156,"[+0.0037, +0.0040]",holds,S64
code_specific_hard/E/D_code/tau0.1/ones/incl/ctl-none,sub_rung_chain,prose,719,S4,4.0,0,3,0.00023382849110839616,"[+0.0002, +0.0003]",707.0,0.8626890646731572,True,0.00016926991109568885,"[+0.0002, +0.0002]",holds,S64
code_specific_hard/E/D_code/tau0.1/ones/incl/ctl-none,sub_rung_chain,prose,719,S16,16.0,0,3,0.0011856276813961865,"[+0.0010, +0.0014]",673.0,0.5339121175243393,True,0.0008059559935980814,"[+0.0008, +0.0009]",holds,S64
code_specific_hard/E/D_code/tau0.1/ones/incl/ctl-none,sub_rung_chain,prose,719,S64,64.0,0,3,0.004365492087525933,"[+0.0042, +0.0046]",599.0,0.26137376130041723,True,0.003986146740843923,"[+0.0038, +0.0042]",holds,S64
