rung,n_on,mean_sigma,overlap,mean_kl,excess,interval,half_width,two_level,draws_positive,fraction_seq_above_X,detected,material,repair,differs_at_m_8
1,222.0,108.90766906738281,,0.2195955514907837,0.004527541736024432,"[+0.0044, +0.0047]",0.00017448432270157372,"[+0.0044, +0.0047]",1/1,0.0,True,False,False,False
2,1287.0,631.94677734375,,0.23671691119670868,0.021648891992299468,"[+0.0209, +0.0223]",0.0007211812431728512,"[+0.0209, +0.0223]",1/1,0.0,True,False,False,False
3,4466.0,2193.85595703125,,0.28053849935531616,0.06547047285675944,"[+0.0632, +0.0676]",0.0021626394327313447,"[+0.0632, +0.0676]",1/1,0.7529296875,True,True,False,False
4,4171.0,2050.860595703125,,0.2695119380950928,0.05444390452430525,"[+0.0527, +0.0561]",0.0017211997948356865,"[+0.0527, +0.0561]",1/1,0.6533203125,True,True,False,False
5a,6609.0,3249.19384765625,,0.29892224073410034,0.08385423537947645,"[+0.0810, +0.0865]",0.002750189465125459,"[+0.0810, +0.0865]",1/1,0.8486328125,True,True,False,False
5,7805.0,3838.3154296875,,0.308369517326355,0.09330151574067713,"[+0.0902, +0.0963]",0.0030475247719118706,"[+0.0902, +0.0963]",1/1,0.8720703125,True,True,False,False
6a,8517.0,4190.33056640625,,0.31429362297058105,0.09922559178994561,"[+0.0958, +0.1024]",0.003270261969689728,"[+0.0958, +0.1024]",1/1,0.8837890625,True,True,False,False
6,8893.0,4376.21875,,0.31606316566467285,0.100995135411722,"[+0.0975, +0.1042]",0.0033375270235865215,"[+0.0975, +0.1042]",1/1,0.8837890625,True,True,False,False
7,9580.0,4715.9892578125,,0.3195815682411194,0.10451354683937097,"[+0.1010, +0.1078]",0.0033999160219627816,"[+0.1010, +0.1078]",1/1,0.892578125,True,True,False,False
8,9966.0,4907.36328125,,0.32107681035995483,0.10600878690638638,"[+0.1024, +0.1093]",0.003452469010674121,"[+0.1024, +0.1093]",1/1,0.8935546875,True,True,False,False
