pool,draw,rung,n_on,source,n_texts,mean_sigma,mean_share_named_by_receiving_text
D_code,0,1,217,Github,256,190.11421082864058,0.894063220046083
D_code,0,1,217,Pile-CC,64,199.01818361059526,0.8639832949308756
D_code,0,1,217,Wikipedia (en),64,196.9353634210657,0.9035858294930876
D_code,0,1,217,StackExchange,64,194.73891659886573,0.8894009216589862
D_code,0,1,217,ArXiv,64,197.9786380656781,0.8902649769585254
D_code,1,1,97,Github,256,77.23106567434597,0.956105025773196
D_code,1,1,97,Pile-CC,64,87.35247338658266,0.7026417525773195
D_code,1,1,97,Wikipedia (en),64,87.12896909406925,0.7142396907216495
D_code,1,1,97,StackExchange,64,79.63559046502684,0.9582796391752577
D_code,1,1,97,ArXiv,64,86.20559014470129,0.7817332474226804
D_code,2,1,285,Github,256,254.47914619140852,0.9304550438596491
D_code,2,1,285,Pile-CC,64,255.93170980027398,0.9568530701754386
D_code,2,1,285,Wikipedia (en),64,256.33667768233084,0.9375548245614036
D_code,2,1,285,StackExchange,64,250.9897254368895,0.9807565789473685
D_code,2,1,285,ArXiv,64,262.3719427175715,0.9357456140350878
D_code,3,1,72,Github,256,53.44114849423047,0.9560546875
D_code,3,1,72,Pile-CC,64,61.40456428102864,0.7795138888888888
D_code,3,1,72,Wikipedia (en),64,60.813722367967934,0.7823350694444444
D_code,3,1,72,StackExchange,64,55.96035267092921,0.958984375
D_code,3,1,72,ArXiv,64,61.06961682437513,0.8159722222222223
D_code,4,1,152,Github,256,124.54638885857221,0.9420230263157894
D_code,4,1,152,Pile-CC,64,140.001166693688,0.6677631578947368
D_code,4,1,152,Wikipedia (en),64,139.5981754390752,0.6552220394736842
D_code,4,1,152,StackExchange,64,128.90364216633833,0.9449013157894737
D_code,4,1,152,ArXiv,64,138.4283759994447,0.7708675986842105
D_code,5,1,364,Github,256,319.0336639246142,0.9578253777472527
D_code,5,1,364,Pile-CC,64,337.20738235033093,0.8343063186813187
D_code,5,1,364,Wikipedia (en),64,335.11194818114717,0.8263221153846154
D_code,5,1,364,StackExchange,64,324.45270535691265,0.9719694368131868
D_code,5,1,364,ArXiv,64,338.45763439925753,0.8513907967032966
D_code,6,1,219,Github,256,184.3301753905443,0.9653253424657535
D_code,6,1,219,Pile-CC,64,199.45168392711247,0.8592323059360731
D_code,6,1,219,Wikipedia (en),64,198.74366991618228,0.8511700913242009
D_code,6,1,219,StackExchange,64,188.87536483307397,0.9779537671232876
D_code,6,1,219,ArXiv,64,199.91694319214923,0.8664383561643836
D_code,7,1,177,Github,256,146.70155582664427,0.9663444562146892
D_code,7,1,177,Pile-CC,64,160.94447551184018,0.8224752824858758
D_code,7,1,177,Wikipedia (en),64,160.11707068796952,0.8197387005649718
D_code,7,1,177,StackExchange,64,150.98023349539494,0.9771362994350282
D_code,7,1,177,ArXiv,64,159.64504827990794,0.8735875706214689
D_code,0,2,1153,Github,256,1060.7228434554977,0.9122296454900259
D_code,0,2,1153,Pile-CC,64,1114.4641704396636,0.7280192974848223
D_code,0,2,1153,Wikipedia (en),64,1109.6613405865487,0.7569113183000866
D_code,0,2,1153,StackExchange,64,1078.8660875461208,0.9200319817866436
D_code,0,2,1153,ArXiv,64,1109.4393163682616,0.7868874674761492
D_code,1,2,799,Github,256,725.6925554980069,0.9185896433041302
D_code,1,2,799,Pile-CC,64,767.6687724424299,0.7044352315394242
D_code,1,2,799,Wikipedia (en),64,765.8269907666034,0.733084324155194
D_code,1,2,799,StackExchange,64,739.9470888654479,0.9262554755944932
D_code,1,2,799,ArXiv,64,764.3652263433221,0.7761850750938674
D_code,2,2,993,Github,256,912.3146029512849,0.9157461606243706
D_code,2,2,993,Pile-CC,64,949.1179754635627,0.8251038519637462
D_code,2,2,993,Wikipedia (en),64,945.3430333361308,0.8343246475327291
D_code,2,2,993,StackExchange,64,924.3571717893476,0.9407571752265862
D_code,2,2,993,ArXiv,64,949.8857194061798,0.850343026183283
D_code,3,2,979,Github,256,895.2394963737911,0.9171627617466803
D_code,3,2,979,Pile-CC,64,940.2734566792515,0.751947139938713
D_code,3,2,979,Wikipedia (en),64,936.2927546152091,0.7673008171603677
D_code,3,2,979,StackExchange,64,910.2101971488637,0.9328875127681306
D_code,3,2,979,ArXiv,64,936.140254252198,0.8080949948927477
D_code,4,2,986,Github,256,907.3726231116699,0.9141021171399595
D_code,4,2,986,Pile-CC,64,941.9676492332746,0.744770537525355
D_code,4,2,986,Wikipedia (en),64,940.0290544802205,0.7404284989858012
D_code,4,2,986,StackExchange,64,916.2303247570699,0.9254246957403651
D_code,4,2,986,ArXiv,64,944.9960658045554,0.7859565162271804
D_code,5,2,948,Github,256,868.5630050469789,0.925360957278481
D_code,5,2,948,Pile-CC,64,901.5230570676317,0.7409843090717301
D_code,5,2,948,Wikipedia (en),64,897.4800306959569,0.7682786128691983
D_code,5,2,948,StackExchange,64,879.4297081499759,0.9367253428270041
D_code,5,2,948,ArXiv,64,905.0118089339728,0.7838212025316456
D_code,6,2,1035,Github,256,950.8977102580886,0.9106204710144927
D_code,6,2,1035,Pile-CC,64,991.2863351798981,0.788058574879227
D_code,6,2,1035,Wikipedia (en),64,990.5717569523665,0.779211956521739
D_code,6,2,1035,StackExchange,64,962.289432243121,0.9486262077294687
D_code,6,2,1035,ArXiv,64,991.4015306094554,0.8044685990338164
D_code,7,2,907,Github,256,827.1983132043188,0.9201436742006615
D_code,7,2,907,Pile-CC,64,864.7642163595488,0.7798201488423373
D_code,7,2,907,Wikipedia (en),64,863.3333720279413,0.7735150220507166
D_code,7,2,907,StackExchange,64,835.9258729155486,0.9515228776185226
D_code,7,2,907,ArXiv,64,867.3773437662869,0.7989767089305402
D_code,0,2a,1618,Github,256,1507.499620294175,0.9107863682014834
D_code,0,2a,1618,Pile-CC,64,1566.0998866988944,0.7412411155747837
D_code,0,2a,1618,Wikipedia (en),64,1560.8037031148588,0.7611827873918418
D_code,0,2a,1618,StackExchange,64,1527.452938441146,0.9186978522867739
D_code,0,2a,1618,ArXiv,64,1562.2338602874725,0.7961217552533992
D_code,1,2a,1600,Github,256,1494.555495237983,0.90187744140625
D_code,1,2a,1600,Pile-CC,64,1549.9874086875236,0.7547851562500001
D_code,1,2a,1600,Wikipedia (en),64,1544.2059378698505,0.779462890625
D_code,1,2a,1600,StackExchange,64,1514.4824074170028,0.9112011718749999
D_code,1,2a,1600,ArXiv,64,1544.384728956125,0.8136523437500001
D_code,2,2a,1867,Github,256,1756.8602378502837,0.8944287292447777
D_code,2,2a,1867,Pile-CC,64,1797.2140625880688,0.8398583958221746
D_code,2,2a,1867,Wikipedia (en),64,1790.7708425259136,0.8425113818960899
D_code,2,2a,1867,StackExchange,64,1771.0467211434293,0.9345959426888055
D_code,2,2a,1867,ArXiv,64,1801.0109251141748,0.8593415238350295
D_code,3,2a,1305,Github,256,1210.7286631523054,0.876885775862069
D_code,3,2a,1305,Pile-CC,64,1257.3566779103453,0.7518438697318007
D_code,3,2a,1305,Wikipedia (en),64,1254.135870516653,0.7561542145593869
D_code,3,2a,1305,StackExchange,64,1225.1019424161002,0.9190852490421455
D_code,3,2a,1305,ArXiv,64,1255.3443784471979,0.7953663793103448
D_code,4,2a,1421,Github,256,1322.4730124631606,0.8997597422589726
D_code,4,2a,1421,Pile-CC,64,1368.9902559656534,0.7398728888106967
D_code,4,2a,1421,Wikipedia (en),64,1365.8980954896474,0.7412143736805066
D_code,4,2a,1421,StackExchange,64,1335.3167721798086,0.9171688071780435
D_code,4,2a,1421,ArXiv,64,1367.9466034678348,0.7895957952146375
D_code,5,2a,1448,Github,256,1345.0472356002238,0.9089584772099447
D_code,5,2a,1448,Pile-CC,64,1386.8574376925549,0.7703513466850829
D_code,5,2a,1448,Wikipedia (en),64,1380.6224071542576,0.7903789709944751
D_code,5,2a,1448,StackExchange,64,1360.7667198379565,0.9275617230662982
D_code,5,2a,1448,ArXiv,64,1391.682775474747,0.8012560428176796
D_code,6,2a,1638,Github,256,1531.2219392241013,0.8965535332722834
D_code,6,2a,1638,Pile-CC,64,1578.5428378459965,0.7925919566544566
D_code,6,2a,1638,Wikipedia (en),64,1575.9699182965824,0.7978575244200243
D_code,6,2a,1638,StackExchange,64,1544.5227292492314,0.9324252136752137
D_code,6,2a,1638,ArXiv,64,1581.4642092080408,0.8107734279609279
D_code,7,2a,1522,Github,256,1418.6456300466984,0.9038733984888305
D_code,7,2a,1522,Pile-CC,64,1461.6080685726024,0.8178486366622865
D_code,7,2a,1522,Wikipedia (en),64,1459.9323669140542,0.8158056833114324
D_code,7,2a,1522,StackExchange,64,1431.0687472780996,0.9465957621550591
D_code,7,2a,1522,ArXiv,64,1467.5092912799505,0.8228071616294349
D_code,0,2b,2450,Github,256,2320.7413415893493,0.8800255102040817
D_code,0,2b,2450,Pile-CC,64,2373.9362467499755,0.7716964285714286
D_code,0,2b,2450,Wikipedia (en),64,2367.524279526814,0.7866709183673469
D_code,0,2b,2450,StackExchange,64,2337.8788026688717,0.9110969387755101
D_code,0,2b,2450,ArXiv,64,2371.170568982725,0.8207716836734694
D_code,1,2b,2873,Github,256,2734.6969860592467,0.8742127675774451
D_code,1,2b,2873,Pile-CC,64,2786.6221201259295,0.7900767925513401
D_code,1,2b,2873,Wikipedia (en),64,2776.7786128394846,0.8052884615384615
D_code,1,2b,2873,StackExchange,64,2754.497054858193,0.902323355377654
D_code,1,2b,2873,ArXiv,64,2788.054459868493,0.8321767316394013
D_code,2,2b,2947,Github,256,2811.102510937937,0.8506916461655921
D_code,2,2b,2947,Pile-CC,64,2856.930800837542,0.7843569731930777
D_code,2,2b,2947,Wikipedia (en),64,2850.2553490541923,0.7920872921615203
D_code,2,2b,2947,StackExchange,64,2826.8535973685975,0.8998133695283339
D_code,2,2b,2947,ArXiv,64,2859.903066156453,0.8238887003732609
D_code,3,2b,2464,Github,256,2336.5043264381397,0.8701124315137987
D_code,3,2b,2464,Pile-CC,64,2382.6861441485767,0.7971540178571428
D_code,3,2b,2464,Wikipedia (en),64,2377.188820271043,0.804890422077922
D_code,3,2b,2464,StackExchange,64,2352.509810943092,0.9208857548701299
D_code,3,2b,2464,ArXiv,64,2389.1859617569044,0.8200905539772727
D_code,4,2b,2305,Github,256,2179.7320986875247,0.881865170824295
D_code,4,2b,2305,Pile-CC,64,2233.253267210021,0.7641879067245119
D_code,4,2b,2305,Wikipedia (en),64,2228.2219564695342,0.7738476138828634
D_code,4,2b,2305,StackExchange,64,2196.533152220346,0.9128863882863341
D_code,4,2b,2305,ArXiv,64,2233.205677152426,0.8059991865509761
D_code,5,2b,2515,Github,256,2384.734549478674,0.883887301192843
D_code,5,2b,2515,Pile-CC,64,2432.041678301722,0.7911592942345924
D_code,5,2b,2515,Wikipedia (en),64,2419.5101916503722,0.8123943836978131
D_code,5,2b,2515,StackExchange,64,2403.0187134426974,0.9106299701789264
D_code,5,2b,2515,ArXiv,64,2440.8564276892675,0.8164947813121272
D_code,6,2b,2696,Github,256,2561.295520192806,0.8798900570289317
D_code,6,2b,2696,Pile-CC,64,2607.4423027959547,0.8079852095697329
D_code,6,2b,2696,Wikipedia (en),64,2597.4201371222043,0.8173335497032641
D_code,6,2b,2696,StackExchange,64,2578.2185126938057,0.9188496847181009
D_code,6,2b,2696,ArXiv,64,2619.298181515278,0.8185854043026706
D_code,7,2b,2631,Github,256,2498.277591581823,0.8717633504370961
D_code,7,2b,2631,Pile-CC,64,2546.2251548394515,0.8013291049030786
D_code,7,2b,2631,Wikipedia (en),64,2538.4796814460824,0.806644336754086
D_code,7,2b,2631,StackExchange,64,2516.405029485487,0.9129192797415432
D_code,7,2b,2631,ArXiv,64,2553.986364105144,0.8195909350057012
D_code,0,3,3190,Github,256,3046.852966234742,0.8606019788401253
D_code,0,3,3190,Pile-CC,64,3098.4026293892493,0.7585913009404389
D_code,0,3,3190,Wikipedia (en),64,3086.1999976002007,0.7752987852664577
D_code,0,3,3190,StackExchange,64,3065.506652644045,0.8919523902821316
D_code,0,3,3190,ArXiv,64,3099.3253936452047,0.8072541144200627
D_code,1,3,3748,Github,256,3595.507436541444,0.8524296291355391
D_code,1,3,3748,Pile-CC,64,3643.0889334650437,0.7825006670224119
D_code,1,3,3748,Wikipedia (en),64,3631.365580650917,0.7962329909284951
D_code,1,3,3748,StackExchange,64,3613.993025433877,0.8892826173959445
D_code,1,3,3748,ArXiv,64,3648.7737233946414,0.8199247932230523
D_code,2,3,3905,Github,256,3753.272279133801,0.8278018966069143
D_code,2,3,3905,Pile-CC,64,3792.0534564795453,0.7944822343149807
D_code,2,3,3905,Wikipedia (en),64,3782.5607549391843,0.8016045134443023
D_code,2,3,3905,StackExchange,64,3768.279680333014,0.8867957746478873
D_code,2,3,3905,ArXiv,64,3803.017252889658,0.8178777208706786
D_code,3,3,3913,Github,256,3765.7451005016947,0.7933840323920266
D_code,3,3,3913,Pile-CC,64,3810.8254581878446,0.753110624840276
D_code,3,3,3913,Wikipedia (en),64,3803.642438291238,0.776110880398671
D_code,3,3,3913,StackExchange,64,3781.7218407214295,0.8688586123179147
D_code,3,3,3913,ArXiv,64,3815.058875281337,0.76530155890621
D_code,4,3,3286,Github,256,3139.360570309151,0.8685010746348144
D_code,4,3,3286,Pile-CC,64,3191.6283884291697,0.7759053560559952
D_code,4,3,3286,Wikipedia (en),64,3180.7806943747923,0.7866326841144248
D_code,4,3,3286,StackExchange,64,3158.2145258853443,0.8995168898356665
D_code,4,3,3286,ArXiv,64,3197.0139673404265,0.8134129640900791
D_code,5,3,3536,Github,256,3387.557566723553,0.8550147147200227
D_code,5,3,3536,Pile-CC,64,3428.391871297471,0.802889034219457
D_code,5,3,3536,Wikipedia (en),64,3413.6517611206646,0.8201401654411764
D_code,5,3,3536,StackExchange,64,3405.6590792896013,0.8963429722850679
D_code,5,3,3536,ArXiv,64,3444.8284576388296,0.8126414027149321
D_code,6,3,3715,Github,256,3563.3551843147347,0.8500336473755047
D_code,6,3,3715,Pile-CC,64,3607.0644976416024,0.792618606998654
D_code,6,3,3715,Wikipedia (en),64,3595.5217494285694,0.8040460969044414
D_code,6,3,3715,StackExchange,64,3581.097519663928,0.8909446500672947
D_code,6,3,3715,ArXiv,64,3622.2648523853445,0.8030072341857336
D_code,7,3,3718,Github,256,3566.0324589227394,0.8448384548144163
D_code,7,3,3718,Pile-CC,64,3609.652415103459,0.7976482651963421
D_code,7,3,3718,Wikipedia (en),64,3598.466002557714,0.8032460328133405
D_code,7,3,3718,StackExchange,64,3583.9757561843717,0.8973280325443788
D_code,7,3,3718,ArXiv,64,3619.5522625737603,0.8159334655728887
D_code,0,4,6058,Github,256,5895.281902932396,0.731517853458237
D_code,0,4,6058,Pile-CC,64,5918.907538797944,0.7529532230108946
D_code,0,4,6058,Wikipedia (en),64,5907.204413072745,0.7568736587982832
D_code,0,4,6058,StackExchange,64,5905.732306467678,0.8286202129415648
D_code,0,4,6058,ArXiv,64,5937.395650512641,0.7494403062066688
D_code,1,4,4519,Github,256,4363.8985889822725,0.8209677196282363
D_code,1,4,4519,Pile-CC,64,4411.140322310059,0.7532155897322417
D_code,1,4,4519,Wikipedia (en),64,4398.4780811900355,0.7669146935162647
D_code,1,4,4519,StackExchange,64,4381.103510248584,0.8608168289444567
D_code,1,4,4519,ArXiv,64,4415.865498794441,0.7900807700818766
D_code,2,4,5484,Github,256,5325.388952976352,0.7515713325127644
D_code,2,4,5484,Pile-CC,64,5349.761123855329,0.7853499954412837
D_code,2,4,5484,Wikipedia (en),64,5334.68181007204,0.7968863967906636
D_code,2,4,5484,StackExchange,64,5338.337202618614,0.8237400847921226
D_code,2,4,5484,ArXiv,64,5369.42244341854,0.7818996170678337
D_code,3,4,4111,Github,256,3961.6259916940407,0.8327163403064948
D_code,3,4,4111,Pile-CC,64,4003.9592946849534,0.7906493249817562
D_code,3,4,4111,Wikipedia (en),64,3992.0183305487712,0.8074411639503769
D_code,3,4,4111,StackExchange,64,3978.1411443274974,0.8755967222087083
D_code,3,4,4111,ArXiv,64,4015.3452069509485,0.8067038129408903
D_code,4,4,5956,Github,256,5795.015170182747,0.7441439042562121
D_code,4,4,5956,Pile-CC,64,5815.677872959221,0.7944168695433176
D_code,4,4,5956,Wikipedia (en),64,5808.259023541792,0.7898993661853593
D_code,4,4,5956,StackExchange,64,5804.596641066853,0.8429760955339154
D_code,4,4,5956,ArXiv,64,5836.2120215906325,0.7904371642041639
D_code,5,4,4131,Github,256,3980.8024441702614,0.8218216684822077
D_code,5,4,4131,Pile-CC,64,4032.6183597218146,0.7460890220285645
D_code,5,4,4131,Wikipedia (en),64,4017.4341222216453,0.7656363471314451
D_code,5,4,4131,StackExchange,64,4000.564574119311,0.8476988017429194
D_code,5,4,4131,ArXiv,64,4030.689015861433,0.8040804284676832
D_code,6,4,5984,Github,256,5824.000230435486,0.7416861631016043
D_code,6,4,5984,Pile-CC,64,5841.420516549025,0.8149466285093583
D_code,6,4,5984,Wikipedia (en),64,5833.592424991715,0.8073769635695187
D_code,6,4,5984,StackExchange,64,5832.662652712171,0.8473690257352942
D_code,6,4,5984,ArXiv,64,5867.227891606086,0.7854434742647058
D_code,7,4,5008,Github,256,4851.3923687217775,0.7754483451477636
D_code,7,4,5008,Pile-CC,64,4888.99127965146,0.7426461411741214
D_code,7,4,5008,Wikipedia (en),64,4873.996522188242,0.7646141174121406
D_code,7,4,5008,StackExchange,64,4867.264013845288,0.841316393769968
D_code,7,4,5008,ArXiv,64,4902.875276266553,0.7485679163338659
D_code,0,5,7547,Github,256,7378.81572471242,0.664689818802173
D_code,0,5,7547,Pile-CC,64,7398.203620988595,0.7124209122830265
D_code,0,5,7547,Wikipedia (en),64,7386.670230794398,0.7193152080296807
D_code,0,5,7547,StackExchange,64,7388.910830217469,0.764554624354048
D_code,0,5,7547,ArXiv,64,7415.328424235435,0.7069468828673645
D_code,1,5,7646,Github,256,7477.8558101701,0.6603953456055454
D_code,1,5,7646,Pile-CC,64,7496.484616939768,0.7145280211875491
D_code,1,5,7646,Wikipedia (en),64,7485.47458286272,0.7204052772691603
D_code,1,5,7646,StackExchange,64,7487.842195844643,0.7649894552707298
D_code,1,5,7646,ArXiv,64,7514.725707191201,0.7040568597959718
D_code,2,5,7697,Github,256,7528.579950706356,0.6548680695400806
D_code,2,5,7697,Pile-CC,64,7547.92810632591,0.7042922567233987
D_code,2,5,7697,Wikipedia (en),64,7536.281448368789,0.712367643237625
D_code,2,5,7697,StackExchange,64,7538.934448877986,0.752632925165649
D_code,2,5,7697,ArXiv,64,7566.19911122236,0.6960666493439003
D_code,3,5,6419,Github,256,6252.619354142291,0.7265862332528432
D_code,3,5,6419,Pile-CC,64,6281.373242307952,0.7244800591992522
D_code,3,5,6419,Wikipedia (en),64,6268.712090369434,0.7324276561769747
D_code,3,5,6419,StackExchange,64,6266.044697802555,0.7924374902632809
D_code,3,5,6419,ArXiv,64,6295.184412534781,0.7422641766630316
D_code,4,5,7023,Github,256,6855.533699203575,0.6942896331695857
D_code,4,5,7023,Pile-CC,64,6876.871933929218,0.7366443293464331
D_code,4,5,7023,Wikipedia (en),64,6866.357615211269,0.735236010252029
D_code,4,5,7023,StackExchange,64,6866.60784422996,0.7842223764772889
D_code,4,5,7023,ArXiv,64,6894.778283844938,0.7378012423465754
D_code,5,5,6948,Github,256,6781.602889527255,0.6983433856865285
D_code,5,5,6948,Pile-CC,64,6803.665179741018,0.7373074985607369
D_code,5,5,6948,Wikipedia (en),64,6794.426165812516,0.7370961067933218
D_code,5,5,6948,StackExchange,64,6791.596896908026,0.7892536521301093
D_code,5,5,6948,ArXiv,64,6817.167215815378,0.7474363126079446
D_code,6,5,7478,Github,256,7310.706206772614,0.6609747969042524
D_code,6,5,7478,Pile-CC,64,7328.655800349486,0.7275027580903985
D_code,6,5,7478,Wikipedia (en),64,7317.570897544352,0.7226447579566729
D_code,6,5,7478,StackExchange,64,7319.987497306653,0.7598852467237229
D_code,6,5,7478,ArXiv,64,7341.821458616292,0.73088559775341
D_code,7,5,7838,Github,256,7669.284340147382,0.6460986340584333
D_code,7,5,7838,Pile-CC,64,7689.306862016287,0.6930478916815515
D_code,7,5,7838,Wikipedia (en),64,7677.103301270623,0.7033562452156161
D_code,7,5,7838,StackExchange,64,7679.611383979483,0.7440833120694055
D_code,7,5,7838,ArXiv,64,7702.7676298575725,0.6955816215871395
D_code,0,6,8607,Github,256,8437.520700144367,0.6048442583071918
D_code,0,6,8607,Pile-CC,64,8456.112240622175,0.6618595329383061
D_code,0,6,8607,Wikipedia (en),64,8444.659330199444,0.6654902985941675
D_code,0,6,8607,StackExchange,64,8447.187441430566,0.7052853055652375
D_code,0,6,8607,ArXiv,64,8470.134191993597,0.6585591669571279
D_code,1,6,8651,Github,256,8481.522017109448,0.6021747847069703
D_code,1,6,8651,Pile-CC,64,8500.227605951899,0.6568243555658306
D_code,1,6,8651,Wikipedia (en),64,8488.677741881507,0.6617352762686395
D_code,1,6,8651,StackExchange,64,8491.036315503643,0.7015283637729742
D_code,1,6,8651,ArXiv,64,8512.47292380944,0.6581265894116287
D_code,2,6,8663,Github,256,8493.530787945374,0.6006723998614798
D_code,2,6,8663,Pile-CC,64,8512.2737869776,0.6539070616414637
D_code,2,6,8663,Wikipedia (en),64,8500.658695953513,0.6599637106083343
D_code,2,6,8663,StackExchange,64,8503.10704160169,0.6986321135865174
D_code,2,6,8663,ArXiv,64,8524.591793505195,0.6564520085420755
D_code,3,6,8382,Github,256,8212.675621513707,0.6135193905094249
D_code,3,6,8382,Pile-CC,64,8231.331223556275,0.6690117215461704
D_code,3,6,8382,Wikipedia (en),64,8219.832314200823,0.6667319106418517
D_code,3,6,8382,StackExchange,64,8222.413391107815,0.7050785910283942
D_code,3,6,8382,ArXiv,64,8243.767243416338,0.6788971158434742
D_code,4,6,8681,Github,256,8511.547842245007,0.5992892163921207
D_code,4,6,8681,Pile-CC,64,8530.130336339782,0.6550368621126599
D_code,4,6,8681,Wikipedia (en),64,8518.569821442514,0.6599164122796912
D_code,4,6,8681,StackExchange,64,8521.245783961644,0.6983426448565833
D_code,4,6,8681,ArXiv,64,8544.106261560635,0.6518366259647506
D_code,5,6,8720,Github,256,8550.725674718618,0.5971164528383026
D_code,5,6,8720,Pile-CC,64,8569.123648086057,0.6558396645642202
D_code,5,6,8720,Wikipedia (en),64,8557.677582967888,0.6586761754587156
D_code,5,6,8720,StackExchange,64,8560.137941535166,0.6977763044724771
D_code,5,6,8720,ArXiv,64,8581.945626672175,0.6539976347477064
D_code,6,6,8768,Github,256,8598.516241594409,0.5946245402315237
D_code,6,6,8768,Pile-CC,64,8616.94762739774,0.6538388885720803
D_code,6,6,8768,Wikipedia (en),64,8605.437490330401,0.6566545249771898
D_code,6,6,8768,StackExchange,64,8607.96989628967,0.6952162693886861
D_code,6,6,8768,ArXiv,64,8629.584745788641,0.6508664319114963
D_code,7,6,8726,Github,256,8556.507210683303,0.5975085233784094
D_code,7,6,8726,Pile-CC,64,8575.01113922049,0.6546187399724959
D_code,7,6,8726,Wikipedia (en),64,8563.45742171251,0.6588070135228054
D_code,7,6,8726,StackExchange,64,8566.026711765779,0.6970816382076552
D_code,7,6,8726,ArXiv,64,8587.702396404715,0.654890915081366
D_code,0,7,9178,Github,256,9008.455654835638,0.5706440503105251
D_code,0,7,9178,Pile-CC,64,9026.836147449216,0.6286994034648071
D_code,0,7,9178,Wikipedia (en),64,9015.284584859746,0.6313262693397255
D_code,0,7,9178,StackExchange,64,9017.832753009581,0.6682777429723251
D_code,0,7,9178,ArXiv,64,9039.06090383313,0.6287351547178033
D_code,1,7,9277,Github,256,9107.457134775968,0.5648306126711222
D_code,1,7,9277,Pile-CC,64,9125.810848826693,0.6229485555675326
D_code,1,7,9277,Wikipedia (en),64,9114.209868680182,0.6255221246092486
D_code,1,7,9277,StackExchange,64,9116.8096374837,0.6620893742589199
D_code,1,7,9277,ArXiv,64,9138.076087713878,0.6225746469763933
D_code,2,7,9132,Github,256,8962.456779175298,0.5733516925372317
D_code,2,7,9132,Pile-CC,64,8980.833536735048,0.6318474868593955
D_code,2,7,9132,Wikipedia (en),64,8969.273267256707,0.6343558366184845
D_code,2,7,9132,StackExchange,64,8971.8346434523,0.6714386908672799
D_code,2,7,9132,ArXiv,64,8993.08929587966,0.6315514810556286
D_code,3,7,9189,Github,256,9019.452232388103,0.5700982492654261
D_code,3,7,9189,Pile-CC,64,9037.815019571099,0.6284093073239743
D_code,3,7,9189,Wikipedia (en),64,9026.208960310929,0.631050032647731
D_code,3,7,9189,StackExchange,64,9028.838641674683,0.6677005114811188
D_code,3,7,9189,ArXiv,64,9050.122342863646,0.6281321416911524
D_code,4,7,9195,Github,256,9025.460578605962,0.5695784053833606
D_code,4,7,9195,Pile-CC,64,9043.811004356676,0.6282847335508428
D_code,4,7,9195,Wikipedia (en),64,9032.246145086556,0.6306994290375204
D_code,4,7,9195,StackExchange,64,9034.829320268851,0.6673344888526372
D_code,4,7,9195,ArXiv,64,9056.0977782146,0.6274044997281132
D_code,5,7,9256,Github,256,9086.45621932778,0.5659821163299481
D_code,5,7,9256,Pile-CC,64,9104.805269095967,0.6246083621434746
D_code,5,7,9256,Wikipedia (en),64,9093.219235958706,0.6271033653846154
D_code,5,7,9256,StackExchange,64,9095.82823915283,0.6630952220181504
D_code,5,7,9256,ArXiv,64,9117.09774804269,0.6238757292566983
D_code,6,7,9216,Github,256,9046.455218922903,0.5684725443522136
D_code,6,7,9216,Pile-CC,64,9064.829396606678,0.6264241536458333
D_code,6,7,9216,Wikipedia (en),64,9053.244284598615,0.6291622585720485
D_code,6,7,9216,StackExchange,64,9055.83752251361,0.6655120849609375
D_code,6,7,9216,ArXiv,64,9077.056681823,0.626617431640625
D_code,7,7,9343,Github,256,9173.456456989687,0.5606892359252917
D_code,7,7,9343,Pile-CC,64,9191.813112549064,0.6182001230868029
D_code,7,7,9343,Wikipedia (en),64,9180.20693314392,0.620825751899818
D_code,7,7,9343,StackExchange,64,9182.832201945334,0.6567734533875629
D_code,7,7,9343,ArXiv,64,9204.064589879657,0.6180713502087124
D_code,0,8,9624,Github,256,9454.446495840646,0.5447530262884456
D_code,0,8,9624,Pile-CC,64,9472.778966955239,0.6017833021612635
D_code,0,8,9624,Wikipedia (en),64,9461.150573211868,0.6043062915627597
D_code,0,8,9624,StackExchange,64,9463.773012662165,0.6395534600997507
D_code,0,8,9624,ArXiv,64,9484.963663342143,0.6018839619700749
D_unif,0,1,201,Github,256,183.11251441274618,0.7720188121890548
D_unif,0,1,201,Pile-CC,64,173.3735208073964,0.9592661691542288
D_unif,0,1,201,Wikipedia (en),64,174.37908011975446,0.947372512437811
D_unif,0,1,201,StackExchange,64,180.01931792739032,0.8779539800995024
D_unif,0,1,201,ArXiv,64,180.77358349158692,0.876943407960199
D_unif,1,1,222,Github,256,205.99259758201805,0.6875527871621621
D_unif,1,1,222,Pile-CC,64,194.46695970860986,0.9744510135135135
D_unif,1,1,222,Wikipedia (en),64,194.87669815286415,0.9578406531531531
D_unif,1,1,222,StackExchange,64,203.37097657750866,0.861204954954955
D_unif,1,1,222,ArXiv,64,205.4197796282557,0.8596565315315315
D_unif,2,1,226,Github,256,207.32917245380787,0.8364905973451326
D_unif,2,1,226,Pile-CC,64,200.1849605195288,0.9766316371681416
D_unif,2,1,226,Wikipedia (en),64,201.1231939088027,0.9636338495575221
D_unif,2,1,226,StackExchange,64,204.22054793925466,0.9398506637168142
D_unif,2,1,226,ArXiv,64,205.1398778532547,0.9380530973451328
D_unif,3,1,143,Github,256,129.32352487226512,0.7139423076923077
D_unif,3,1,143,Pile-CC,64,122.13115954687525,0.986451048951049
D_unif,3,1,143,Wikipedia (en),64,124.67228271395584,0.9179414335664335
D_unif,3,1,143,StackExchange,64,125.84169702411795,0.9403409090909092
D_unif,3,1,143,ArXiv,64,126.66997627917131,0.9164117132867133
D_unif,4,1,212,Github,256,177.21059633213378,0.9604400058962265
D_unif,4,1,212,Pile-CC,64,196.5384975586565,0.7841981132075471
D_unif,4,1,212,Wikipedia (en),64,195.9503018356657,0.7680571933962265
D_unif,4,1,212,StackExchange,64,181.709258581483,0.976120283018868
D_unif,4,1,212,ArXiv,64,194.69872549256348,0.8000442216981132
D_unif,5,1,154,Github,256,138.10038580514734,0.7378754058441558
D_unif,5,1,154,Pile-CC,64,128.7542618036555,0.9641842532467533
D_unif,5,1,154,Wikipedia (en),64,130.44070764212975,0.9462256493506493
D_unif,5,1,154,StackExchange,64,134.8923829275466,0.8675933441558441
D_unif,5,1,154,ArXiv,64,135.72551240611,0.906452922077922
D_unif,6,1,38,Github,256,27.202458541643157,0.8760279605263158
D_unif,6,1,38,Pile-CC,64,29.203069011552696,0.7298519736842106
D_unif,6,1,38,Wikipedia (en),64,28.7359323870547,0.7372532894736842
D_unif,6,1,38,StackExchange,64,28.163944617759178,0.859375
D_unif,6,1,38,ArXiv,64,28.514398480773707,0.8692434210526315
D_unif,7,1,156,Github,256,133.89735985159444,0.8803335336538461
D_unif,7,1,156,Pile-CC,64,133.14461962089314,0.9379006410256411
D_unif,7,1,156,Wikipedia (en),64,134.4216215049272,0.9085536858974359
D_unif,7,1,156,StackExchange,64,129.3754162409047,0.9732572115384617
D_unif,7,1,156,ArXiv,64,138.93073436139053,0.8844150641025641
D_unif,0,2,1039,Github,256,978.6344402084342,0.803157332771896
D_unif,0,2,1039,Pile-CC,64,978.8500362994937,0.8568334937439845
D_unif,0,2,1039,Wikipedia (en),64,977.0431641055336,0.8471186236766122
D_unif,0,2,1039,StackExchange,64,979.4485396094458,0.8804589749759384
D_unif,0,2,1039,ArXiv,64,986.4989140432224,0.8615405437921078
D_unif,1,2,1287,Github,256,1221.9925245565314,0.7871169628982129
D_unif,1,2,1287,Pile-CC,64,1223.8535727969368,0.8530618686868687
D_unif,1,2,1287,Wikipedia (en),64,1221.9692773829147,0.8569225912975913
D_unif,1,2,1287,StackExchange,64,1225.4126579082836,0.8675092268842269
D_unif,1,2,1287,ArXiv,64,1236.7371917375992,0.8627379564879565
D_unif,2,2,1066,Github,256,1020.0470966174101,0.7317989270637899
D_unif,2,2,1066,Pile-CC,64,1004.8656158302258,0.8933513133208255
D_unif,2,2,1066,Wikipedia (en),64,1003.9103128666604,0.8818011257035647
D_unif,2,2,1066,StackExchange,64,1013.2940771369574,0.8640654315196998
D_unif,2,2,1066,ArXiv,64,1017.6595704538737,0.8647983114446529
D_unif,3,2,1530,Github,256,1447.0191167661778,0.8528620302287584
D_unif,3,2,1530,Pile-CC,64,1468.1747605301266,0.8441074346405228
D_unif,3,2,1530,Wikipedia (en),64,1459.6848149316997,0.8475183823529411
D_unif,3,2,1530,StackExchange,64,1456.9512118369755,0.8973039215686276
D_unif,3,2,1530,ArXiv,64,1474.1356869835386,0.8644199346405228
D_unif,4,2,1201,Github,256,1131.5005316557335,0.7714372137801832
D_unif,4,2,1201,Pile-CC,64,1151.418303351788,0.7322803913405496
D_unif,4,2,1201,Wikipedia (en),64,1145.6481915993163,0.7441455037468776
D_unif,4,2,1201,StackExchange,64,1139.391873521823,0.8119926103247295
D_unif,4,2,1201,ArXiv,64,1142.3595248203505,0.8464040383014154
D_unif,5,2,891,Github,256,847.0650643491944,0.7671462892817059
D_unif,5,2,891,Pile-CC,64,831.3569642464079,0.9293104657687992
D_unif,5,2,891,Wikipedia (en),64,833.0608805153064,0.9139309764309764
D_unif,5,2,891,StackExchange,64,840.7492294183904,0.8821899551066217
D_unif,5,2,891,ArXiv,64,841.9913153541656,0.8937114197530864
D_unif,6,2,950,Github,256,899.358436502431,0.7875411184210526
D_unif,6,2,950,Pile-CC,64,892.2672257374816,0.888421052631579
D_unif,6,2,950,Wikipedia (en),64,889.3938242487835,0.8828453947368422
D_unif,6,2,950,StackExchange,64,898.025717644342,0.8848355263157894
D_unif,6,2,950,ArXiv,64,908.6835972540945,0.8506414473684211
D_unif,7,2,1001,Github,256,930.0357989366928,0.8507430069930071
D_unif,7,2,1001,Pile-CC,64,946.731705172099,0.8196803196803197
D_unif,7,2,1001,Wikipedia (en),64,942.3517339063612,0.8228334165834166
D_unif,7,2,1001,StackExchange,64,934.6220252479477,0.9001311188811189
D_unif,7,2,1001,ArXiv,64,957.7607534019971,0.8242226523476524
D_unif,0,2a,2166,Github,256,2065.1686221296977,0.7832987072945522
D_unif,0,2a,2166,Pile-CC,64,2075.791834312792,0.8261267890120036
D_unif,0,2a,2166,Wikipedia (en),64,2075.060481671955,0.813488284856879
D_unif,0,2a,2166,StackExchange,64,2068.2764619020845,0.8666320406278856
D_unif,0,2a,2166,ArXiv,64,2084.9750679345516,0.854700484764543
D_unif,1,2a,1819,Github,256,1737.9161528607792,0.769533397471138
D_unif,1,2a,1819,Pile-CC,64,1742.4670575053137,0.8303326003298516
D_unif,1,2a,1819,Wikipedia (en),64,1738.6089676746187,0.8351515255634965
D_unif,1,2a,1819,StackExchange,64,1742.1202643535448,0.8573048378229796
D_unif,1,2a,1819,ArXiv,64,1756.2416386057175,0.8365860362836723
D_unif,2,2a,2059,Github,256,1974.413537957509,0.7876225564594463
D_unif,2,2a,2059,Pile-CC,64,1972.9459790996639,0.8411622753763963
D_unif,2,2a,2059,Wikipedia (en),64,1964.3664101367578,0.8471876517727053
D_unif,2,2a,2059,StackExchange,64,1973.9403213613077,0.8750075886352598
D_unif,2,2a,2059,ArXiv,64,1985.9019725605178,0.855330257406508
D_unif,3,2a,2096,Github,256,1993.2956991823203,0.8397431118797709
D_unif,3,2a,2096,Pile-CC,64,2011.1631418729908,0.8455242127862594
D_unif,3,2a,2096,Wikipedia (en),64,2003.7645702284194,0.8476040672709924
D_unif,3,2a,2096,StackExchange,64,2004.2843450452817,0.8956494513358779
D_unif,3,2a,2096,ArXiv,64,2024.692305674619,0.8628563334923665
D_unif,4,2a,2166,Github,256,2069.9336953025245,0.7972392947830101
D_unif,4,2a,2166,Pile-CC,64,2080.828058889938,0.8190933748845799
D_unif,4,2a,2166,Wikipedia (en),64,2069.839333327742,0.8232484995383195
D_unif,4,2a,2166,StackExchange,64,2075.7972246819063,0.8552631578947368
D_unif,4,2a,2166,ArXiv,64,2084.6626816845633,0.865283067867036
D_unif,5,2a,1767,Github,256,1696.7705719417354,0.75530339204867
D_unif,5,2a,1767,Pile-CC,64,1683.398365089737,0.8895904074702887
D_unif,5,2a,1767,Wikipedia (en),64,1678.3660292978725,0.8910936615732881
D_unif,5,2a,1767,StackExchange,64,1693.7991563146857,0.8540163412563666
D_unif,5,2a,1767,ArXiv,64,1700.3473392431579,0.8532381861912846
D_unif,6,2a,1749,Github,256,1668.6713624386673,0.7926739386792452
D_unif,6,2a,1749,Pile-CC,64,1671.1658031389186,0.8658787164093769
D_unif,6,2a,1749,Wikipedia (en),64,1666.6001934420126,0.8657715122927387
D_unif,6,2a,1749,StackExchange,64,1670.1182346859027,0.8783054602630074
D_unif,6,2a,1749,ArXiv,64,1685.4083453823523,0.8487260577472842
D_unif,7,2a,1968,Github,256,1868.3708437010405,0.8175991647611789
D_unif,7,2a,1968,Pile-CC,64,1886.4219320187717,0.7937468241869918
D_unif,7,2a,1968,Wikipedia (en),64,1876.7984972806914,0.7985184832317073
D_unif,7,2a,1968,StackExchange,64,1875.58035037951,0.8625269944105691
D_unif,7,2a,1968,ArXiv,64,1897.681288548802,0.8364456300813008
D_unif,0,2b,3041,Github,256,2924.2386507038273,0.7608786686122986
D_unif,0,2b,3041,Pile-CC,64,2931.762705772633,0.8247389838868793
D_unif,0,2b,3041,Wikipedia (en),64,2926.7545051755296,0.8188969500164419
D_unif,0,2b,3041,StackExchange,64,2927.8426594168377,0.8534250657678395
D_unif,0,2b,3041,ArXiv,64,2941.886431013535,0.8551771621177244
D_unif,1,2b,3138,Github,256,3018.542082790229,0.7684557241873804
D_unif,1,2b,3138,Pile-CC,64,3026.395230264092,0.849326800509879
D_unif,1,2b,3138,Wikipedia (en),64,3018.3151592292725,0.8507259799235181
D_unif,1,2b,3138,StackExchange,64,3027.577127334147,0.8621385038240919
D_unif,1,2b,3138,ArXiv,64,3048.4301668310973,0.8338910133843213
D_unif,2,2b,3450,Github,256,3322.8511418783037,0.7537001811594202
D_unif,2,2b,3450,Pile-CC,64,3339.1531582589632,0.7866485507246377
D_unif,2,2b,3450,Wikipedia (en),64,3328.2232598377627,0.7931340579710145
D_unif,2,2b,3450,StackExchange,64,3329.325409891101,0.8416213768115942
D_unif,2,2b,3450,ArXiv,64,3345.2302738895055,0.8337364130434782
D_unif,3,2b,3343,Github,256,3211.4898188511593,0.7897565809153455
D_unif,3,2b,3343,Pile-CC,64,3229.219440691276,0.8142527295842058
D_unif,3,2b,3343,Wikipedia (en),64,3218.4934877412315,0.8186041728985941
D_unif,3,2b,3343,StackExchange,64,3221.2135524847727,0.8631655698474424
D_unif,3,2b,3343,ArXiv,64,3242.9466907065002,0.842600209392761
D_unif,4,2b,2992,Github,256,2878.249104287764,0.7658900296624331
D_unif,4,2b,2992,Pile-CC,64,2888.3885502381318,0.8111683238636364
D_unif,4,2b,2992,Wikipedia (en),64,2876.5465252221907,0.8116383272058824
D_unif,4,2b,2992,StackExchange,64,2884.2527013349118,0.8415566510695187
D_unif,4,2b,2992,ArXiv,64,2895.4573235464345,0.8456300133689839
D_unif,5,2b,3404,Github,256,3279.082865749733,0.7679614056991775
D_unif,5,2b,3404,Pile-CC,64,3290.890558829835,0.8244803907168037
D_unif,5,2b,3404,Wikipedia (en),64,3279.0464777140814,0.8249761310223266
D_unif,5,2b,3404,StackExchange,64,3286.2421825679867,0.849923802878966
D_unif,5,2b,3404,ArXiv,64,3303.003047250827,0.8401512925969448
D_unif,6,2b,3026,Github,256,2909.2958224915496,0.7575362483476537
D_unif,6,2b,3026,Pile-CC,64,2924.996474977038,0.8039800892267019
D_unif,6,2b,3026,Wikipedia (en),64,2917.0145726012174,0.8242058410442828
D_unif,6,2b,3026,StackExchange,64,2916.990943116467,0.858868968935889
D_unif,6,2b,3026,ArXiv,64,2939.580145511183,0.7790399867812292
D_unif,7,2b,3194,Github,256,3061.0964701930425,0.7902365763932373
D_unif,7,2b,3194,Pile-CC,64,3086.9255097257496,0.79682118816531
D_unif,7,2b,3194,Wikipedia (en),64,3074.968332853926,0.8052158343769569
D_unif,7,2b,3194,StackExchange,64,3073.218836344233,0.8499677128991859
D_unif,7,2b,3194,ArXiv,64,3099.1792895142416,0.8214523324984346
D_unif,0,3,4494,Github,256,4357.927966846048,0.7321967484423676
D_unif,0,3,4494,Pile-CC,64,4363.189284399212,0.8125938751668892
D_unif,0,3,4494,Wikipedia (en),64,4354.289410784884,0.8123609256786826
D_unif,0,3,4494,StackExchange,64,4362.186735078775,0.8298251835781041
D_unif,0,3,4494,ArXiv,64,4377.790305650757,0.8212894971072542
D_unif,1,3,4466,Github,256,4323.201072037531,0.7317431356359159
D_unif,1,3,4466,Pile-CC,64,4337.046961006341,0.7909797637707121
D_unif,1,3,4466,Wikipedia (en),64,4327.1327747138985,0.7945274014778325
D_unif,1,3,4466,StackExchange,64,4330.997880053798,0.8274882445141065
D_unif,1,3,4466,ArXiv,64,4350.8375218705305,0.8121606303179578
D_unif,2,3,4640,Github,256,4492.421041526136,0.7362801387392242
D_unif,2,3,4640,Pile-CC,64,4508.750864500364,0.7858263739224138
D_unif,2,3,4640,Wikipedia (en),64,4498.061803025342,0.7876919450431035
D_unif,2,3,4640,StackExchange,64,4499.812487495447,0.8321726831896552
D_unif,2,3,4640,ArXiv,64,4518.748484643476,0.8223195043103448
D_unif,3,3,4523,Github,256,4373.879716391107,0.756021307760336
D_unif,3,3,4523,Pile-CC,64,4390.068491918333,0.8075426984302454
D_unif,3,3,4523,Wikipedia (en),64,4379.156585771299,0.8102959871766527
D_unif,3,3,4523,StackExchange,64,4383.638760912639,0.8458607395533938
D_unif,3,3,4523,ArXiv,64,4404.470848011697,0.825388984081362
D_unif,4,3,4240,Github,256,4101.848972900038,0.7443469929245283
D_unif,4,3,4240,Pile-CC,64,4113.752825979305,0.8087890625
D_unif,4,3,4240,Wikipedia (en),64,4102.171475677094,0.807668779481132
D_unif,4,3,4240,StackExchange,64,4108.9062141452505,0.8385207841981133
D_unif,4,3,4240,ArXiv,64,4124.3677458146485,0.8313789799528302
D_unif,5,3,4733,Github,256,4586.230060319089,0.7401184172300866
D_unif,5,3,4733,Pile-CC,64,4599.628450834598,0.8001597823790407
D_unif,5,3,4733,Wikipedia (en),64,4588.3953852026,0.7999881153602366
D_unif,5,3,4733,StackExchange,64,4594.066369078694,0.8354769702091697
D_unif,5,3,4733,ArXiv,64,4611.280203023253,0.8264050285231354
D_unif,6,3,4660,Github,256,4514.172145441438,0.7352912084227468
D_unif,6,3,4660,Pile-CC,64,4527.618379882294,0.8062030579399141
D_unif,6,3,4660,Wikipedia (en),64,4516.243945426998,0.8177239806866954
D_unif,6,3,4660,StackExchange,64,4523.007814184184,0.8416174892703863
D_unif,6,3,4660,ArXiv,64,4550.022245626176,0.7750301770386265
D_unif,7,3,4593,Github,256,4442.660836785504,0.7493842532114086
D_unif,7,3,4593,Pile-CC,64,4464.03749535401,0.791636049423035
D_unif,7,3,4593,Wikipedia (en),64,4452.2618166682305,0.7949188983235358
D_unif,7,3,4593,StackExchange,64,4454.150622300274,0.835564990202482
D_unif,7,3,4593,ArXiv,64,4476.514497035629,0.808053695841498
D_unif,0,4,6764,Github,256,6600.443941379592,0.6935199216439976
D_unif,0,4,6764,Pile-CC,64,6615.615032497817,0.7707786627735067
D_unif,0,4,6764,Wikipedia (en),64,6604.4327911708115,0.7704113690124187
D_unif,0,4,6764,StackExchange,64,6609.093814305562,0.8141285666765227
D_unif,0,4,6764,ArXiv,64,6646.632634036416,0.7272324068598464
D_unif,1,4,4171,Github,256,4019.0043021039846,0.8449515628746105
D_unif,1,4,4171,Pile-CC,64,4060.4442984935204,0.7989465955406377
D_unif,1,4,4171,Wikipedia (en),64,4046.81149975354,0.8124363162311197
D_unif,1,4,4171,StackExchange,64,4037.034168090665,0.8812410093502756
D_unif,1,4,4171,ArXiv,64,4077.673058973368,0.8090198693358907
D_unif,2,4,5242,Github,256,5103.513674932482,0.7336924122472339
D_unif,2,4,5242,Pile-CC,64,5108.386932491574,0.8172065766882869
D_unif,2,4,5242,Wikipedia (en),64,5092.367664039089,0.8311236169400992
D_unif,2,4,5242,StackExchange,64,5113.34446825024,0.8152273702785197
D_unif,2,4,5242,ArXiv,64,5131.394867151901,0.7915961226631056
D_unif,3,4,1366,Github,256,1310.5958558871412,0.8179704657759883
D_unif,3,4,1366,Pile-CC,64,1321.6443802442136,0.8007755307467057
D_unif,3,4,1366,Wikipedia (en),64,1315.697564062761,0.8298522144948756
D_unif,3,4,1366,StackExchange,64,1315.5672794212112,0.8315908674963397
D_unif,3,4,1366,ArXiv,64,1324.039719645109,0.8094687957540263
D_unif,4,4,4981,Github,256,4823.136465945581,0.7956147422706283
D_unif,4,4,4981,Pile-CC,64,4859.629988568007,0.7629429331459546
D_unif,4,4,4981,Wikipedia (en),64,4848.85455542839,0.7686458542461353
D_unif,4,4,4981,StackExchange,64,4838.333737094865,0.8536501204577394
D_unif,4,4,4981,ArXiv,64,4873.539301430514,0.7874767867898012
D_unif,5,4,5621,Github,256,5484.288976618538,0.7051250333570539
D_unif,5,4,5621,Pile-CC,64,5476.972837399096,0.8504797856253334
D_unif,5,4,5621,Wikipedia (en),64,5465.698130963971,0.8462601183063512
D_unif,5,4,5621,StackExchange,64,5490.0851804479325,0.8228518057285181
D_unif,5,4,5621,ArXiv,64,5508.40144665088,0.8032656555772995
D_unif,6,4,5550,Github,256,5413.6215737233915,0.7043095439189189
D_unif,6,4,5550,Pile-CC,64,5404.874009629017,0.8513682432432432
D_unif,6,4,5550,Wikipedia (en),64,5393.323236120619,0.8505152027027028
D_unif,6,4,5550,StackExchange,64,5416.45889739118,0.8200028153153153
D_unif,6,4,5550,ArXiv,64,5439.983187901311,0.7890765765765766
D_unif,7,4,5427,Github,256,5285.742783659503,0.7120322864842454
D_unif,7,4,5427,Pile-CC,64,5283.619262994402,0.863204233462318
D_unif,7,4,5427,Wikipedia (en),64,5275.378530899434,0.847564837847798
D_unif,7,4,5427,StackExchange,64,5287.589853922733,0.841584899576193
D_unif,7,4,5427,ArXiv,64,5315.674025411248,0.8129376266814078
D_unif,0,5,8170,Github,256,8002.96713046681,0.6178477853427172
D_unif,0,5,8170,Pile-CC,64,8019.456175097533,0.6883395807833537
D_unif,0,5,8170,Wikipedia (en),64,8008.109176577003,0.6895348837209302
D_unif,0,5,8170,StackExchange,64,8011.928392396537,0.7243535801713586
D_unif,0,5,8170,ArXiv,64,8039.216762992257,0.6708059210526316
D_unif,1,5,7805,Github,256,7638.48121408228,0.6397106221973093
D_unif,1,5,7805,Pile-CC,64,7654.697207081974,0.7126501441383728
D_unif,1,5,7805,Wikipedia (en),64,7643.607416121632,0.7139834240871237
D_unif,1,5,7805,StackExchange,64,7647.068461606857,0.7482202914798206
D_unif,1,5,7805,ArXiv,64,7667.793428903511,0.7096132286995516
D_unif,2,5,8026,Github,256,7861.759543358012,0.6201354387303762
D_unif,2,5,8026,Pile-CC,64,7875.1603631535945,0.7037207201594817
D_unif,2,5,8026,Wikipedia (en),64,7863.69588068795,0.7077564322202841
D_unif,2,5,8026,StackExchange,64,7870.086776836277,0.7349512521804137
D_unif,2,5,8026,ArXiv,64,7895.524758471733,0.6799094349613755
D_unif,3,5,7761,Github,256,7596.045596386077,0.6355978611003736
D_unif,3,5,7761,Pile-CC,64,7610.439046424279,0.7237549929132844
D_unif,3,5,7761,Wikipedia (en),64,7599.1901005770205,0.7252045483829404
D_unif,3,5,7761,StackExchange,64,7603.776016519978,0.7565572252287076
D_unif,3,5,7761,ArXiv,64,7633.056456576005,0.691365481252416
D_unif,4,5,7675,Github,256,7507.206965663595,0.6506616449511401
D_unif,4,5,7675,Pile-CC,64,7527.075412833281,0.7002687296416938
D_unif,4,5,7675,Wikipedia (en),64,7515.421619771383,0.6993241042345277
D_unif,4,5,7675,StackExchange,64,7516.873107749023,0.7456311074918567
D_unif,4,5,7675,ArXiv,64,7536.530518630518,0.7292019543973942
D_unif,5,5,7475,Github,256,7319.085447526068,0.6332086120401338
D_unif,5,5,7475,Pile-CC,64,7324.545463446139,0.7450271739130434
D_unif,5,5,7475,Wikipedia (en),64,7313.293540884673,0.745430602006689
D_unif,5,5,7475,StackExchange,64,7325.380570197833,0.7515823578595318
D_unif,5,5,7475,ArXiv,64,7350.10680038506,0.7035367892976588
D_unif,6,5,7455,Github,256,7295.375172228441,0.6439732142857142
D_unif,6,5,7455,Pile-CC,64,7305.193679892362,0.7317907444668008
D_unif,6,5,7455,Wikipedia (en),64,7293.691338179113,0.7304242119382964
D_unif,6,5,7455,StackExchange,64,7303.119229557315,0.7426894701542589
D_unif,6,5,7455,ArXiv,64,7325.6004015657845,0.7216947518443997
D_unif,7,5,7321,Github,256,7160.575315724685,0.6397851642535172
D_unif,7,5,7321,Pile-CC,64,7170.5156939771505,0.7598496619314301
D_unif,7,5,7321,Wikipedia (en),64,7159.3497677554715,0.7580184571779812
D_unif,7,5,7321,StackExchange,64,7166.734006298559,0.7731483062423167
D_unif,7,5,7321,ArXiv,64,7198.85116941417,0.7010078028957792
D_unif,0,6,9203,Github,256,9033.607933472176,0.566255568836249
D_unif,0,6,9203,Pile-CC,64,9051.845426409134,0.6269015538411387
D_unif,0,6,9203,Wikipedia (en),64,9040.224689265426,0.6296842741497337
D_unif,0,6,9203,StackExchange,64,9043.024031144065,0.6681007551885255
D_unif,0,6,9203,ArXiv,64,9065.773022935835,0.6204158969901119
D_unif,1,6,8893,Github,256,8723.590123064943,0.5847871043236254
D_unif,1,6,8893,Pile-CC,64,8741.844878620182,0.6476038035533566
D_unif,1,6,8893,Wikipedia (en),64,8730.313406811369,0.650320125379512
D_unif,1,6,8893,StackExchange,64,8732.821351490371,0.6913548577532891
D_unif,1,6,8893,ArXiv,64,8754.032221327183,0.6476688125491961
D_unif,2,6,9106,Github,256,8936.564554795263,0.5733110380518339
D_unif,2,6,9106,Pile-CC,64,8954.835164908398,0.6331436690094443
D_unif,2,6,9106,Wikipedia (en),64,8943.30313092194,0.6357638507577421
D_unif,2,6,9106,StackExchange,64,8945.7608789273,0.6766692290797276
D_unif,2,6,9106,ArXiv,64,8966.99667674116,0.6349093317592797
D_unif,3,6,8963,Github,256,8793.85281934883,0.579265539579382
D_unif,3,6,8963,Pile-CC,64,8811.812495166356,0.6438151985942207
D_unif,3,6,8963,Wikipedia (en),64,8800.303465242654,0.6459210783219904
D_unif,3,6,8963,StackExchange,64,8802.936201911929,0.6851796970880286
D_unif,3,6,8963,ArXiv,64,8824.052444357301,0.6427256498940086
D_unif,4,6,9067,Github,256,8897.607794900883,0.5746754197915518
D_unif,4,6,9067,Pile-CC,64,8915.843445890228,0.636082428035734
D_unif,4,6,9067,Wikipedia (en),64,8904.396749062951,0.6376954202051395
D_unif,4,6,9067,StackExchange,64,8906.838339875641,0.6781081118341237
D_unif,4,6,9067,ArXiv,64,8927.98826214124,0.6370198935700894
D_unif,5,6,9182,Github,256,9012.596116685307,0.5675383052439555
D_unif,5,6,9182,Pile-CC,64,9030.824104541596,0.6286501443040732
D_unif,5,6,9182,Wikipedia (en),64,9019.166105890912,0.6318612502722718
D_unif,5,6,9182,StackExchange,64,9021.749677092215,0.6709662927466784
D_unif,5,6,9182,ArXiv,64,9042.99346894467,0.6288186125027226
D_unif,6,6,8942,Github,256,8772.859758376544,0.5795989082420041
D_unif,6,6,8942,Pile-CC,64,8790.823074783777,0.6451139985461866
D_unif,6,6,8942,Wikipedia (en),64,8779.144787733785,0.6488918167076717
D_unif,6,6,8942,StackExchange,64,8782.255713477165,0.6829690645269515
D_unif,6,6,8942,ArXiv,64,8806.643626318473,0.6336477437933349
D_unif,7,6,9124,Github,256,8954.75389927133,0.5704679108669444
D_unif,7,6,9124,Pile-CC,64,8972.824963719777,0.6323210077816748
D_unif,7,6,9124,Wikipedia (en),64,8961.32394831336,0.6337115711310829
D_unif,7,6,9124,StackExchange,64,8963.834168649886,0.6745139878342832
D_unif,7,6,9124,ArXiv,64,8985.026460163725,0.6323552581104779
D_unif,0,7,9794,Github,256,9624.452627673214,0.535197729477231
D_unif,0,7,9794,Pile-CC,64,9642.773489626914,0.5915771135389014
D_unif,0,7,9794,Wikipedia (en),64,9631.092522942901,0.5947566750051052
D_unif,0,7,9794,StackExchange,64,9633.693714104145,0.6315282315703492
D_unif,0,7,9794,ArXiv,64,9654.964770047338,0.5915212757810905
D_unif,1,7,9580,Github,256,9410.453223014787,0.5470185281837161
D_unif,1,7,9580,Pile-CC,64,9428.772705838022,0.6048114561586639
D_unif,1,7,9580,Wikipedia (en),64,9417.097969906248,0.6078712160751566
D_unif,1,7,9580,StackExchange,64,9419.695940893296,0.6455310542797494
D_unif,1,7,9580,ArXiv,64,9440.947666847474,0.6050756784968685
D_unif,2,7,9625,Github,256,9455.448561091105,0.5446030844155844
D_unif,2,7,9625,Pile-CC,64,9473.77233784783,0.6020081168831168
D_unif,2,7,9625,Wikipedia (en),64,9462.090907791007,0.6052077922077923
D_unif,2,7,9625,StackExchange,64,9464.694715005158,0.6426363636363637
D_unif,2,7,9625,ArXiv,64,9485.944328585698,0.6024350649350649
D_unif,3,7,9579,Github,256,9409.463675247895,0.5470364860632635
D_unif,3,7,9579,Pile-CC,64,9427.773439371515,0.6048158732644326
D_unif,3,7,9579,Wikipedia (en),64,9416.091657779918,0.6080211269443574
D_unif,3,7,9579,StackExchange,64,9418.698545730938,0.6455005741726694
D_unif,3,7,9579,ArXiv,64,9439.946434618414,0.6051763623551518
D_unif,4,7,9704,Github,256,9534.45644101963,0.5401010536892004
D_unif,4,7,9704,Pile-CC,64,9552.774305934792,0.5969880332852433
D_unif,4,7,9704,Wikipedia (en),64,9541.09885569422,0.6001922531945589
D_unif,4,7,9704,StackExchange,64,9543.700406711461,0.6372967977122835
D_unif,4,7,9704,ArXiv,64,9564.94610414998,0.5974227766900249
D_unif,5,7,9591,Github,256,9421.44873783877,0.546486859425503
D_unif,5,7,9591,Pile-CC,64,9439.780257024406,0.6040233030966531
D_unif,5,7,9591,Wikipedia (en),64,9428.113710536014,0.6069687728078406
D_unif,5,7,9591,StackExchange,64,9430.695123938234,0.6448069805025545
D_unif,5,7,9591,ArXiv,64,9451.944956129437,0.6044876055677197
D_unif,6,7,9694,Github,256,9524.452034626553,0.5407081700020631
D_unif,6,7,9694,Pile-CC,64,9542.773379641134,0.597694127811017
D_unif,6,7,9694,Wikipedia (en),64,9531.09339489555,0.6009145476583454
D_unif,6,7,9694,StackExchange,64,9533.692385936036,0.6380767098205075
D_unif,6,7,9694,ArXiv,64,9554.94647247334,0.5980406694862801
D_unif,7,7,9707,Github,256,9537.453507792805,0.5397099869939218
D_unif,7,7,9707,Pile-CC,64,9555.773895112396,0.5968598691665808
D_unif,7,7,9707,Wikipedia (en),64,9544.09181002558,0.6000727567734625
D_unif,7,7,9707,StackExchange,64,9546.698783638749,0.6369259941279489
D_unif,7,7,9707,ArXiv,64,9567.954288902089,0.5970111775007726
D_unif,0,8,9966,Github,256,9796.445926801296,0.5261275053933374
D_unif,0,8,9966,Pile-CC,64,9814.770144397635,0.581567956050572
D_unif,0,8,9966,Wikipedia (en),64,9803.088620376171,0.58465187888822
D_unif,0,8,9966,StackExchange,64,9805.69079666114,0.6207888069436083
D_unif,0,8,9966,ArXiv,64,9826.941890392915,0.5819818633353402
D_prose,0,1,389,Github,256,362.7412743487066,0.868191677377892
D_prose,0,1,389,Pile-CC,64,350.5937517399286,0.9728068766066837
D_prose,0,1,389,Wikipedia (en),64,346.04447512410184,0.9789926092544987
D_prose,0,1,389,StackExchange,64,360.4437790942462,0.9195854755784061
D_prose,0,1,389,ArXiv,64,363.7286695451421,0.8956057197943446
D_prose,1,1,172,Github,256,151.39249425076665,0.8628270348837209
D_prose,1,1,172,Pile-CC,64,151.0143507413597,0.9176962209302326
D_prose,1,1,172,Wikipedia (en),64,148.0144525502288,0.9618459302325582
D_prose,1,1,172,StackExchange,64,151.69610758761186,0.9236010174418605
D_prose,1,1,172,ArXiv,64,156.44496080014426,0.8523800872093024
D_prose,2,1,136,Github,256,118.94052836142484,0.8276079963235294
D_prose,2,1,136,Pile-CC,64,110.60262839039629,0.99609375
D_prose,2,1,136,Wikipedia (en),64,108.0460430559124,0.9903492647058822
D_prose,2,1,136,StackExchange,64,117.15832320711225,0.9348575367647058
D_prose,2,1,136,ArXiv,64,118.7513239071854,0.9039522058823529
D_prose,3,1,97,Github,256,81.35670684069706,0.8867992912371135
D_prose,3,1,97,Pile-CC,64,83.5674405701951,0.8548646907216495
D_prose,3,1,97,Wikipedia (en),64,82.729383723864,0.8822487113402062
D_prose,3,1,97,StackExchange,64,82.46604940089662,0.9267074742268042
D_prose,3,1,97,ArXiv,64,82.70457955574648,0.9271907216494846
D_prose,4,1,122,Github,256,107.90597868671063,0.7913358094262295
D_prose,4,1,122,Pile-CC,64,99.1549220046156,0.9797643442622951
D_prose,4,1,122,Wikipedia (en),64,98.76497156275755,0.9738729508196722
D_prose,4,1,122,StackExchange,64,105.4664781383188,0.9126536885245902
D_prose,4,1,122,ArXiv,64,106.27522718033265,0.8913934426229507
D_prose,5,1,170,Github,256,154.74627194008428,0.7004825367647058
D_prose,5,1,170,Pile-CC,64,143.67668457377593,0.9777573529411765
D_prose,5,1,170,Wikipedia (en),64,145.84018638764155,0.9357536764705883
D_prose,5,1,170,StackExchange,64,150.88926588498248,0.8885110294117646
D_prose,5,1,170,ArXiv,64,152.72104315385633,0.8749080882352942
D_prose,6,1,144,Github,256,130.4184607920442,0.6869574652777779
D_prose,6,1,144,Pile-CC,64,118.94653373183229,0.9802517361111112
D_prose,6,1,144,Wikipedia (en),64,123.48638430977641,0.8981119791666666
D_prose,6,1,144,StackExchange,64,125.84614397206231,0.9518229166666667
D_prose,6,1,144,ArXiv,64,128.76193462052615,0.8857421875
D_prose,7,1,162,Github,256,143.77248275467255,0.8634982638888888
D_prose,7,1,162,Pile-CC,64,133.80681710677908,0.994116512345679
D_prose,7,1,162,Wikipedia (en),64,132.01318233070847,0.9910300925925926
D_prose,7,1,162,StackExchange,64,141.8234188998383,0.9534143518518519
D_prose,7,1,162,ArXiv,64,144.0914867270713,0.9216820987654321
D_prose,0,2,1302,Github,256,1256.274760337341,0.797862063172043
D_prose,0,2,1302,Pile-CC,64,1223.4666738948317,0.9756024385560675
D_prose,0,2,1302,Wikipedia (en),64,1214.4562179073835,0.9728902649769585
D_prose,0,2,1302,StackExchange,64,1250.190343459296,0.9132104454685099
D_prose,0,2,1302,ArXiv,64,1253.2105208810171,0.8930131528417818
D_prose,1,2,1310,Github,256,1246.713650618628,0.8328572280534351
D_prose,1,2,1310,Pile-CC,64,1240.2092021077287,0.9126669847328245
D_prose,1,2,1310,Wikipedia (en),64,1230.301213473563,0.9325500954198473
D_prose,1,2,1310,StackExchange,64,1250.1232433188907,0.8992604961832061
D_prose,1,2,1310,ArXiv,64,1263.3052051460695,0.8509303435114504
D_prose,2,2,715,Github,256,680.8488219957446,0.7754042832167832
D_prose,2,2,715,Pile-CC,64,656.5983411328145,0.9686625874125874
D_prose,2,2,715,Wikipedia (en),64,655.4210108974402,0.9517045454545454
D_prose,2,2,715,StackExchange,64,676.2088642492557,0.9107954545454546
D_prose,2,2,715,ArXiv,64,677.7749520579514,0.8838286713286714
D_prose,3,2,869,Github,256,831.9286305521633,0.7607657868239355
D_prose,3,2,869,Pile-CC,64,814.522585887179,0.9331487341772152
D_prose,3,2,869,Wikipedia (en),64,814.0291348886288,0.9316563578826237
D_prose,3,2,869,StackExchange,64,827.732455102267,0.895605581127733
D_prose,3,2,869,ArXiv,64,830.9279003792326,0.8563363060989644
D_prose,4,2,1039,Github,256,992.0442864190547,0.7546581749278152
D_prose,4,2,1039,Pile-CC,64,975.7574030486176,0.9393497353224254
D_prose,4,2,1039,Wikipedia (en),64,973.6023384687566,0.9345825312800771
D_prose,4,2,1039,StackExchange,64,989.4190983655491,0.888790303176131
D_prose,4,2,1039,ArXiv,64,996.2370792396348,0.8673153272377285
D_prose,5,2,1211,Github,256,1164.6866149482385,0.7888205770024772
D_prose,5,2,1211,Pile-CC,64,1137.4688825603275,0.9627503096614368
D_prose,5,2,1211,Wikipedia (en),64,1130.4877007157163,0.9613697357555738
D_prose,5,2,1211,StackExchange,64,1160.212572241139,0.902546965317919
D_prose,5,2,1211,ArXiv,64,1166.7367935880102,0.8768966763005781
D_prose,6,2,1328,Github,256,1279.0240610116475,0.8047492705195783
D_prose,6,2,1328,Pile-CC,64,1251.3147485346303,0.9587137612951807
D_prose,6,2,1328,Wikipedia (en),64,1244.198322608009,0.951183640813253
D_prose,6,2,1328,StackExchange,64,1274.4981204863218,0.9123329254518072
D_prose,6,2,1328,ArXiv,64,1281.0542758191154,0.8821536144578314
D_prose,7,2,1238,Github,256,1186.070865080108,0.8112189519386106
D_prose,7,2,1238,Pile-CC,64,1164.4062514385107,0.9599278069466882
D_prose,7,2,1238,Wikipedia (en),64,1155.6740136414369,0.9555608844911148
D_prose,7,2,1238,StackExchange,64,1181.893197492804,0.917937197092084
D_prose,7,2,1238,ArXiv,64,1187.4892312270395,0.9026024838449112
D_prose,0,2a,1976,Github,256,1906.4138523182473,0.7881551271508097
D_prose,0,2a,1976,Pile-CC,64,1879.2166664304868,0.9540501644736842
D_prose,0,2a,1976,Wikipedia (en),64,1866.9204802782974,0.9579722292510122
D_prose,0,2a,1976,StackExchange,64,1904.2976545478268,0.9024702682186234
D_prose,0,2a,1976,ArXiv,64,1911.1043584669278,0.8805826163967612
D_prose,1,2a,2208,Github,256,2123.558597217577,0.8082186933876812
D_prose,1,2a,2208,Pile-CC,64,2109.141619237778,0.9158387115036232
D_prose,1,2a,2208,Wikipedia (en),64,2096.3290557689847,0.9260996942934783
D_prose,1,2a,2208,StackExchange,64,2126.201424062053,0.8829328011775361
D_prose,1,2a,2208,ArXiv,64,2137.843794984272,0.8552564538043479
D_prose,2,2a,2034,Github,256,1958.4885898371956,0.806867241273353
D_prose,2,2a,2034,Pile-CC,64,1941.5500295372892,0.9285044862340217
D_prose,2,2a,2034,Wikipedia (en),64,1932.7896812296408,0.9274827925270404
D_prose,2,2a,2034,StackExchange,64,1961.2128565163973,0.8970547566371682
D_prose,2,2a,2034,ArXiv,64,1968.9257179623344,0.8669032694198624
D_prose,3,2a,1805,Github,256,1737.3757170252265,0.7962106128808863
D_prose,3,2a,1805,Pile-CC,64,1714.5932251539448,0.9414387119113574
D_prose,3,2a,1805,Wikipedia (en),64,1706.9574538213683,0.9421398891966759
D_prose,3,2a,1805,StackExchange,64,1734.1855902464226,0.9061201523545707
D_prose,3,2a,1805,ArXiv,64,1744.5614865064963,0.8751558171745152
D_prose,4,2a,1921,Github,256,1846.1135513888319,0.792677967204581
D_prose,4,2a,1921,Pile-CC,64,1829.139047449428,0.9336445861530452
D_prose,4,2a,1921,Wikipedia (en),64,1821.6415966502746,0.9267146017699115
D_prose,4,2a,1921,StackExchange,64,1846.107991688532,0.9042246876626756
D_prose,4,2a,1921,ArXiv,64,1859.8918205479558,0.8653695991671004
D_prose,5,2a,1988,Github,256,1918.5936674969587,0.7845628458249496
D_prose,5,2a,1988,Pile-CC,64,1890.2175846379173,0.946766536720322
D_prose,5,2a,1988,Wikipedia (en),64,1880.539413448323,0.9527791750503019
D_prose,5,2a,1988,StackExchange,64,1915.4520392816987,0.8999779929577465
D_prose,5,2a,1988,ArXiv,64,1926.2412574523382,0.868790870221328
D_prose,6,2a,2147,Github,256,2073.076108697106,0.7995367809734513
D_prose,6,2a,2147,Pile-CC,64,2045.4497512677326,0.9478196320447136
D_prose,6,2a,2147,Wikipedia (en),64,2033.6071383259045,0.9451851420586865
D_prose,6,2a,2147,StackExchange,64,2069.587764651771,0.9056677922682813
D_prose,6,2a,2147,ArXiv,64,2083.092618415311,0.8713975896599906
D_prose,7,2a,2011,Github,256,1937.5002817011,0.7924831396071605
D_prose,7,2a,2011,Pile-CC,64,1912.8289259158153,0.9470257334659373
D_prose,7,2a,2011,Wikipedia (en),64,1902.9366477249,0.947274365987071
D_prose,7,2a,2011,StackExchange,64,1935.7578845013213,0.9003760566882149
D_prose,7,2a,2011,ArXiv,64,1945.6880982014495,0.8802756713078072
D_prose,0,2b,2865,Github,256,2770.12743833308,0.772870309773124
D_prose,0,2b,2865,Pile-CC,64,2749.6581484601898,0.9286540139616055
D_prose,0,2b,2865,Wikipedia (en),64,2737.6511537979322,0.9357111692844677
D_prose,0,2b,2865,StackExchange,64,2769.1183561225607,0.8881271815008727
D_prose,0,2b,2865,ArXiv,64,2783.6149565099277,0.8659958551483421
D_prose,1,2b,3032,Github,256,2935.424226579847,0.7771389037763852
D_prose,1,2b,3032,Pile-CC,64,2911.713158651246,0.9244826022427441
D_prose,1,2b,3032,Wikipedia (en),64,2900.9579862878963,0.9246732767150395
D_prose,1,2b,3032,StackExchange,64,2936.0664945231724,0.8811170432058048
D_prose,1,2b,3032,ArXiv,64,2948.3906168396916,0.8565045761873351
D_prose,2,2b,3146,Github,256,3041.130933575444,0.7886204704386524
D_prose,2,2b,3146,Pile-CC,64,3025.6159911213895,0.9166997774952321
D_prose,2,2b,3146,Wikipedia (en),64,3014.1332113122185,0.9205340114431024
D_prose,2,2b,3146,StackExchange,64,3045.79278252027,0.8879827558804831
D_prose,2,2b,3146,ArXiv,64,3061.708741935835,0.8565142244119517
D_prose,3,2b,2908,Github,256,2811.5561904512033,0.7828753653713894
D_prose,3,2b,2908,Pile-CC,64,2790.6040424561124,0.9286397438101788
D_prose,3,2b,2908,Wikipedia (en),64,2780.2914450362837,0.9323256963548832
D_prose,3,2b,2908,StackExchange,64,2809.860592115796,0.8966858665749656
D_prose,3,2b,2908,ArXiv,64,2827.4767721047374,0.8615779745529574
D_prose,4,2b,2845,Github,256,2747.3975801111806,0.7856134666080843
D_prose,4,2b,2845,Pile-CC,64,2727.6670943866684,0.9312060632688928
D_prose,4,2b,2845,Wikipedia (en),64,2717.065748347133,0.9265817223198594
D_prose,4,2b,2845,StackExchange,64,2745.642255214355,0.8958919156414762
D_prose,4,2b,2845,ArXiv,64,2762.4351213911496,0.8650867750439367
D_prose,5,2b,2956,Github,256,2866.106380199046,0.7740770889715831
D_prose,5,2b,2956,Pile-CC,64,2836.3873650570345,0.9398944942489851
D_prose,5,2b,2956,Wikipedia (en),64,2824.09883760349,0.9422308440460081
D_prose,5,2b,2956,StackExchange,64,2863.3860923165257,0.8954245602165087
D_prose,5,2b,2956,ArXiv,64,2875.1780023767624,0.8664316221244925
D_prose,6,2b,2942,Github,256,2846.01078122768,0.7756893694765465
D_prose,6,2b,2942,Pile-CC,64,2820.6740373471625,0.9365121515975527
D_prose,6,2b,2942,Wikipedia (en),64,2809.4835558994296,0.932056211760707
D_prose,6,2b,2942,StackExchange,64,2846.308794692674,0.8870028891910264
D_prose,6,2b,2942,ArXiv,64,2863.3881814782408,0.8544623130523454
D_prose,7,2b,2877,Github,256,2779.2191226079312,0.7844814476885645
D_prose,7,2b,2877,Pile-CC,64,2756.8172220449896,0.9455324556830031
D_prose,7,2b,2877,Wikipedia (en),64,2747.4865889452767,0.9401231751824818
D_prose,7,2b,2877,StackExchange,64,2779.4781700797907,0.8988801268682656
D_prose,7,2b,2877,ArXiv,64,2793.5292559439954,0.8783074817518248
D_prose,0,3,3788,Github,256,3674.775682328711,0.7612660457365364
D_prose,0,3,3788,Pile-CC,64,3655.814782296218,0.9166487922386484
D_prose,0,3,3788,Wikipedia (en),64,3643.0862935166697,0.9189504685850053
D_prose,0,3,3788,StackExchange,64,3674.485130876399,0.8795786034846884
D_prose,0,3,3788,ArXiv,64,3692.6489228055193,0.8530309530095037
D_prose,1,3,4226,Github,256,4106.288372234792,0.7566848083293896
D_prose,1,3,4226,Pile-CC,64,4089.214472962265,0.8915789162328444
D_prose,1,3,4226,Wikipedia (en),64,4076.9277217130784,0.8961081696639848
D_prose,1,3,4226,StackExchange,64,4107.997316318535,0.8607652035021297
D_prose,1,3,4226,ArXiv,64,4126.171328846452,0.8334898544723142
D_prose,2,3,4242,Github,256,4113.173392050992,0.7632455209806696
D_prose,2,3,4242,Pile-CC,64,4104.4798061618785,0.8976124174917491
D_prose,2,3,4242,Wikipedia (en),64,4091.4097964016064,0.900835396039604
D_prose,2,3,4242,StackExchange,64,4118.381338277514,0.8701047560113154
D_prose,2,3,4242,ArXiv,64,4142.556212662368,0.8331454797265441
D_prose,3,3,4003,Github,256,3880.4304244431705,0.7583979983762178
D_prose,3,3,4003,Pile-CC,64,3867.756607718863,0.8996924181863603
D_prose,3,3,4003,Wikipedia (en),64,3855.774971533957,0.9020500249812641
D_prose,3,3,4003,StackExchange,64,3882.764052981695,0.8704174993754684
D_prose,3,3,4003,ArXiv,64,3907.843484579624,0.8337223644766425
D_prose,4,3,3993,Github,256,3872.0531628361205,0.7679034012647132
D_prose,4,3,3993,Pile-CC,64,3857.905350230243,0.9117087716003005
D_prose,4,3,3993,Wikipedia (en),64,3845.536395558607,0.9111648509892312
D_prose,4,3,3993,StackExchange,64,3872.3523512893926,0.8806935574755822
D_prose,4,3,3993,ArXiv,64,3894.662834044385,0.8492831204608065
D_prose,5,3,3817,Github,256,3710.2932498528153,0.7491117042179722
D_prose,5,3,3817,Pile-CC,64,3682.0157136093308,0.926590745349751
D_prose,5,3,3817,Wikipedia (en),64,3669.995102092088,0.9248591826041394
D_prose,5,3,3817,StackExchange,64,3707.355825921417,0.8792531765784648
D_prose,5,3,3817,ArXiv,64,3723.2992915169903,0.848408435944459
D_prose,6,3,3757,Github,256,3647.3694322029733,0.749276350811818
D_prose,6,3,3757,Pile-CC,64,3622.6945305757063,0.9217252794783071
D_prose,6,3,3757,Wikipedia (en),64,3611.1358891030613,0.9182401184455682
D_prose,6,3,3757,StackExchange,64,3647.8841001298615,0.8700384282672344
D_prose,6,3,3757,ArXiv,64,3666.464437352643,0.8403022690976842
D_prose,7,3,3972,Github,256,3853.311289550495,0.7621288472432024
D_prose,7,3,3972,Pile-CC,64,3836.2365161859257,0.9161670757804633
D_prose,7,3,3972,Wikipedia (en),64,3825.5715089563078,0.9139877580563948
D_prose,7,3,3972,StackExchange,64,3854.939231187221,0.8828282351460222
D_prose,7,3,3972,ArXiv,64,3875.3385242660866,0.8523335221550856
D_prose,0,4,5147,Github,256,5031.445600826002,0.6965647464542452
D_prose,0,4,5147,Pile-CC,64,5003.610895401266,0.8900451719448222
D_prose,0,4,5147,Wikipedia (en),64,4995.569174553143,0.8633821886535846
D_prose,0,4,5147,StackExchange,64,5027.476299951935,0.8424719496794248
D_prose,0,4,5147,ArXiv,64,5044.029494879032,0.80730886924422
D_prose,1,4,5518,Github,256,5382.999937341632,0.7141924723631751
D_prose,1,4,5518,Pile-CC,64,5373.964739944389,0.8576986679956506
D_prose,1,4,5518,Wikipedia (en),64,5360.385121566436,0.8682182176513229
D_prose,1,4,5518,StackExchange,64,5386.439886075398,0.830650824574121
D_prose,1,4,5518,ArXiv,64,5409.86832016087,0.8021446855744836
D_prose,2,4,5468,Github,256,5344.273230166547,0.6908368862015362
D_prose,2,4,5468,Pile-CC,64,5322.073553459541,0.8744684985369422
D_prose,2,4,5468,Wikipedia (en),64,5312.661098129231,0.8510567163496708
D_prose,2,4,5468,StackExchange,64,5342.649659305049,0.8232929087417703
D_prose,2,4,5468,ArXiv,64,5359.9195675140545,0.7969835863204097
D_prose,3,4,5955,Github,256,5810.919269281167,0.7004762279596978
D_prose,3,4,5955,Pile-CC,64,5809.659410419508,0.8215129093198992
D_prose,3,4,5955,Wikipedia (en),64,5795.319736736839,0.8467857892527288
D_prose,3,4,5955,StackExchange,64,5818.101219442799,0.8207257556675063
D_prose,3,4,5955,ArXiv,64,5844.080469719873,0.7649795340050378
D_prose,4,4,5777,Github,256,5628.390177518155,0.7272968236108707
D_prose,4,4,5777,Pile-CC,64,5632.649348564498,0.8344512722866539
D_prose,4,4,5777,Wikipedia (en),64,5622.484026889188,0.8288282196641856
D_prose,4,4,5777,StackExchange,64,5635.142953837858,0.8378159079106803
D_prose,4,4,5777,ArXiv,64,5661.160595832448,0.8039666998442098
D_prose,5,4,5722,Github,256,5580.843488708473,0.7261569927472911
D_prose,5,4,5722,Pile-CC,64,5578.0298916731645,0.8349435293603635
D_prose,5,4,5722,Wikipedia (en),64,5563.620169890016,0.849885857217756
D_prose,5,4,5722,StackExchange,64,5587.07024794724,0.8243238815099615
D_prose,5,4,5722,ArXiv,64,5610.836916561144,0.7874432016777351
D_prose,6,4,5893,Github,256,5764.250566951571,0.671580688952995
D_prose,6,4,5893,Pile-CC,64,5746.474038165903,0.842259884608858
D_prose,6,4,5893,Wikipedia (en),64,5736.486272970826,0.8367554725946037
D_prose,6,4,5893,StackExchange,64,5762.917731415779,0.8144700279993212
D_prose,6,4,5893,ArXiv,64,5784.740561677642,0.7558888723909724
D_prose,7,4,6109,Github,256,5968.754630437777,0.6844032626043541
D_prose,7,4,6109,Pile-CC,64,5961.882002767758,0.8223062285153053
D_prose,7,4,6109,Wikipedia (en),64,5948.647559414512,0.8451234858405632
D_prose,7,4,6109,StackExchange,64,5972.720557094362,0.812052402193485
D_prose,7,4,6109,ArXiv,64,5997.500416745261,0.7537393599607137
D_prose,0,5,7285,Github,256,7122.603158186711,0.6547051947494853
D_prose,0,5,7285,Pile-CC,64,7134.438714501675,0.7615412663006177
D_prose,0,5,7285,Wikipedia (en),64,7123.585421166401,0.750435398078243
D_prose,0,5,7285,StackExchange,64,7130.784600122752,0.7632785689773507
D_prose,0,5,7285,ArXiv,64,7158.195760539724,0.7282043582704187
D_prose,1,5,7321,Github,256,7166.208550589146,0.6380932207007239
D_prose,1,5,7321,Pile-CC,64,7170.363010791074,0.7617939830624232
D_prose,1,5,7321,Wikipedia (en),64,7158.646811805673,0.7685916370714383
D_prose,1,5,7321,StackExchange,64,7171.868536092214,0.7610704651003961
D_prose,1,5,7321,ArXiv,64,7198.109006652978,0.7049177878705095
D_prose,2,5,7491,Github,256,7331.654552310044,0.637459743358697
D_prose,2,5,7491,Pile-CC,64,7340.319616805278,0.7457240355092778
D_prose,2,5,7491,Wikipedia (en),64,7328.5556471077125,0.7515226605259645
D_prose,2,5,7491,StackExchange,64,7338.830071073171,0.7563659725003338
D_prose,2,5,7491,ArXiv,64,7363.78083164632,0.7015814811106661
D_prose,3,5,7384,Github,256,7228.077406300232,0.6364912733613217
D_prose,3,5,7384,Pile-CC,64,7233.254488761533,0.7593381805254604
D_prose,3,5,7384,Wikipedia (en),64,7221.631579417676,0.7618986152491874
D_prose,3,5,7384,StackExchange,64,7234.133018340169,0.760504130552546
D_prose,3,5,7384,ArXiv,64,7262.146465510244,0.702648886105092
D_prose,4,5,7587,Github,256,7426.558002822436,0.636003608145512
D_prose,4,5,7587,Pile-CC,64,7436.253818608313,0.7438093119810202
D_prose,4,5,7587,Wikipedia (en),64,7424.753394025017,0.7455948497429814
D_prose,4,5,7587,StackExchange,64,7433.155097509915,0.7554039804929484
D_prose,4,5,7587,ArXiv,64,7460.323844929237,0.6999019704758138
D_prose,5,5,7430,Github,256,7274.709129068759,0.6378738013122477
D_prose,5,5,7430,Pile-CC,64,7279.2754947612375,0.755869364064603
D_prose,5,5,7430,Wikipedia (en),64,7267.765448328833,0.7583403432032301
D_prose,5,5,7430,StackExchange,64,7280.176368900646,0.7586074192462988
D_prose,5,5,7430,ArXiv,64,7305.707754949888,0.7020041218034994
D_prose,6,5,7505,Github,256,7347.091946437342,0.6325819245502999
D_prose,6,5,7505,Pile-CC,64,7354.164254416852,0.7503331112591606
D_prose,6,5,7505,Wikipedia (en),64,7342.482772541526,0.75608136242505
D_prose,6,5,7505,StackExchange,64,7353.437817194663,0.7528647568287807
D_prose,6,5,7505,ArXiv,64,7380.910617842557,0.6981033477681546
D_prose,7,5,7562,Github,256,7399.1385873893205,0.641261922275853
D_prose,7,5,7562,Pile-CC,64,7411.552398418488,0.7383050119016134
D_prose,7,5,7562,Wikipedia (en),64,7399.470869206521,0.7502954740809309
D_prose,7,5,7562,StackExchange,64,7407.2277600743455,0.7553763885215552
D_prose,7,5,7562,ArXiv,64,7434.6270751320535,0.7018873148637926
D_prose,0,6,8480,Github,256,8312.734747913035,0.5977119877653302
D_prose,0,6,8480,Pile-CC,64,8328.816040408934,0.6796580188679245
D_prose,0,6,8480,Wikipedia (en),64,8317.161212660576,0.683177329009434
D_prose,0,6,8480,StackExchange,64,8321.496472188002,0.7055590359669811
D_prose,0,6,8480,ArXiv,64,8345.885301254451,0.6574016067216981
D_prose,1,6,8524,Github,256,8356.384753045364,0.5950395574260912
D_prose,1,6,8524,Pile-CC,64,8372.828028188078,0.6755686150868137
D_prose,1,6,8524,Wikipedia (en),64,8361.160563873125,0.6794492022524636
D_prose,1,6,8524,StackExchange,64,8365.414223765021,0.7046940990145472
D_prose,1,6,8524,ArXiv,64,8390.983757898366,0.6527011966213045
D_prose,2,6,8566,Github,256,8398.27107378203,0.5946520035605884
D_prose,2,6,8566,Pile-CC,64,8414.812278048894,0.6733561463927153
D_prose,2,6,8566,Wikipedia (en),64,8403.139314494125,0.6768766051832829
D_prose,2,6,8566,StackExchange,64,8407.223402693437,0.7006150770487976
D_prose,2,6,8566,ArXiv,64,8431.476219563296,0.6533643182348821
D_prose,3,6,8420,Github,256,8252.192004108492,0.6013940951603325
D_prose,3,6,8420,Pile-CC,64,8268.82875042222,0.6835770486935867
D_prose,3,6,8420,Wikipedia (en),64,8257.147505991363,0.6876521674584324
D_prose,3,6,8420,StackExchange,64,8261.416140128735,0.7099762470308788
D_prose,3,6,8420,ArXiv,64,8287.34994909967,0.6585436460807601
D_prose,4,6,8423,Github,256,8255.41471331646,0.6007133555443429
D_prose,4,6,8423,Pile-CC,64,8271.832786044923,0.684055191143298
D_prose,4,6,8423,Wikipedia (en),64,8260.172560830855,0.686969458625193
D_prose,4,6,8423,StackExchange,64,8264.413545885996,0.7087123797934227
D_prose,4,6,8423,ArXiv,64,8290.131758666717,0.6580382583402589
D_prose,5,6,8417,Github,256,8251.274227901318,0.5948392204764168
D_prose,5,6,8417,Pile-CC,64,8265.837431131475,0.6841362718308186
D_prose,5,6,8417,Wikipedia (en),64,8254.184492257005,0.6878100124747535
D_prose,5,6,8417,StackExchange,64,8259.558146894131,0.7038601194012118
D_prose,5,6,8417,ArXiv,64,8284.261345034623,0.6549542592372579
D_prose,6,6,8520,Github,256,8352.052334432163,0.5962019512910798
D_prose,6,6,8520,Pile-CC,64,8368.822663269966,0.6764598004694836
D_prose,6,6,8520,Wikipedia (en),64,8357.133065354927,0.6807841842723006
D_prose,6,6,8520,StackExchange,64,8361.156634233837,0.7030259683098592
D_prose,6,6,8520,ArXiv,64,8386.355462915177,0.654021786971831
D_prose,7,6,8411,Github,256,8243.905638271553,0.6007934178456782
D_prose,7,6,8411,Pile-CC,64,8259.85699082258,0.6844496789917964
D_prose,7,6,8411,Wikipedia (en),64,8248.189996505707,0.6881483325407205
D_prose,7,6,8411,StackExchange,64,8252.585644780767,0.7093593954345501
D_prose,7,6,8411,ArXiv,64,8277.711545253725,0.6601882950897634
D_prose,0,7,9131,Github,256,8962.040946260187,0.5675142543259226
D_prose,0,7,9131,Pile-CC,64,8979.776350237677,0.6342884130982368
D_prose,0,7,9131,Wikipedia (en),64,8968.097982173771,0.6376680401927499
D_prose,0,7,9131,StackExchange,64,8971.285969577893,0.6674292930675719
D_prose,0,7,9131,ArXiv,64,8993.440856017743,0.6260113213229658
D_prose,1,7,9167,Github,256,8997.933337936287,0.5657781478400785
D_prose,1,7,9167,Pile-CC,64,9015.778512768327,0.6316219182938803
D_prose,1,7,9167,Wikipedia (en),64,9004.10571564193,0.6350939511290499
D_prose,1,7,9167,StackExchange,64,9007.118719882528,0.6677126513581324
D_prose,1,7,9167,ArXiv,64,9029.16194296813,0.6248943220246537
D_prose,2,7,9125,Github,256,8956.235928442886,0.5671699486301369
D_prose,2,7,9125,Pile-CC,64,8973.77826969703,0.6345873287671233
D_prose,2,7,9125,Wikipedia (en),64,8962.100266866033,0.6379982876712329
D_prose,2,7,9125,StackExchange,64,8965.354096816802,0.6668904109589041
D_prose,2,7,9125,ArXiv,64,8987.158646830292,0.6263150684931507
D_prose,3,7,9140,Github,256,8971.023915576472,0.5666900300875273
D_prose,3,7,9140,Pile-CC,64,8988.777090124506,0.6336159737417943
D_prose,3,7,9140,Wikipedia (en),64,8977.09358422437,0.6370606537199124
D_prose,3,7,9140,StackExchange,64,8980.242862572184,0.6667823440919036
D_prose,3,7,9140,ArXiv,64,9002.19415645523,0.626577885667396
D_prose,4,7,9076,Github,256,8906.889708222692,0.5713222027875715
D_prose,4,7,9076,Pile-CC,64,8924.781368570959,0.6378670394446893
D_prose,4,7,9076,Wikipedia (en),64,8913.105906865243,0.6412964136183341
D_prose,4,7,9076,StackExchange,64,8916.156003814782,0.6717613761568973
D_prose,4,7,9076,ArXiv,64,8938.3806946201,0.6294967496694579
D_prose,5,7,9125,Github,256,8956.053077048768,0.567242294520548
D_prose,5,7,9125,Pile-CC,64,8973.777749038698,0.6346369863013699
D_prose,5,7,9125,Wikipedia (en),64,8962.103227095218,0.6379178082191781
D_prose,5,7,9125,StackExchange,64,8965.24475607217,0.667388698630137
D_prose,5,7,9125,ArXiv,64,8987.135999154814,0.6271849315068493
D_prose,6,7,9107,Github,256,8938.042422277724,0.5690964882782474
D_prose,6,7,9107,Pile-CC,64,8955.781150381084,0.6357746788184913
D_prose,6,7,9107,Wikipedia (en),64,8944.09783078116,0.6391975266278687
D_prose,6,7,9107,StackExchange,64,8947.19182485751,0.671483817393214
D_prose,6,7,9107,ArXiv,64,8969.637794636928,0.6272390057098934
D_prose,7,7,9116,Github,256,8947.174584637807,0.5674877961825362
D_prose,7,7,9116,Pile-CC,64,8964.776496523697,0.63525326349276
D_prose,7,7,9116,Wikipedia (en),64,8953.098618474145,0.6387035843571742
D_prose,7,7,9116,StackExchange,64,8956.399952764525,0.6675693835015357
D_prose,7,7,9116,ArXiv,64,8978.683195845644,0.6268494268319438
D_prose,0,8,9513,Github,256,9343.520672271256,0.5499402955166615
D_prose,0,8,9513,Pile-CC,64,9361.770807985136,0.6092321034374014
D_prose,0,8,9513,Wikipedia (en),64,9350.089082572827,0.6124776621465363
D_prose,0,8,9513,StackExchange,64,9352.781784786657,0.6478503101019657
D_prose,0,8,9513,ArXiv,64,9374.017147702896,0.6080692210659098
