set,n_rows,code_like,prose_like,unassigned,f_p_median,f_i_median
ArXiv,200,0.2150,0.0050,0.7800,0.07272,0.0000
DM Mathematics,200,0.0000,0.2050,0.7950,0.06108,0.0000
Enron Emails,200,0.0950,0.1800,0.7250,0.00501,0.0000
EuroParl,200,0.0000,0.6300,0.3700,0.00000,0.0000
FreeLaw,200,0.1300,0.0900,0.7800,0.00703,0.0000
Gutenberg (PG-19),200,0.2200,0.2350,0.5450,0.00243,0.0000
HackerNews,200,0.0100,0.0600,0.9300,0.00727,0.0000
NIH ExPorter,200,0.0000,0.0850,0.9150,0.00475,0.0000
PhilPapers,200,0.0000,0.1050,0.8950,0.00485,0.0000
Pile-CC,200,0.0000,0.3850,0.6150,0.00210,0.0000
PubMed Abstracts,200,0.0000,0.0450,0.9550,0.00780,0.0000
PubMed Central,200,0.1550,0.0100,0.8350,0.02824,0.0000
StackExchange,200,0.5650,0.0100,0.4250,0.04188,0.2799
USPTO Backgrounds,200,0.0000,0.3350,0.6650,0.00223,0.0000
Ubuntu IRC,200,0.0000,0.0000,1.0000,0.04164,0.0000
Wikipedia (en),200,0.0000,0.1900,0.8100,0.00373,0.0000
