quantity,stratum,size,size_words,rise,sigma_mean,value,interval_lo,interval_hi,nonfinite_share,value_without_flagged_sources,value_without_flagged_sources_interval_lo,value_without_flagged_sources_interval_hi,interval_rows_beside_lo,interval_rows_beside_hi,n_on_mean,flag
h_C,G,1,1 token,0.018503629336919403,168.7346691712737,0.00010966109945157352,6.869279205319431e-05,0.0001525281808518519,0.0,,,,7.062156887440646e-05,0.0001485907606414806,197.875,
h_U,G,1,1 token,0.007130113408493344,150.2710759313777,4.7448342033229054e-05,-1.7219112243220762e-07,0.00013234338466986995,0.0,,,,2.356713015092314e-07,0.0001326431117282348,169.0,
h_P,G,1,1 token,0.003208308669854887,156.40927471220493,2.0512266141238848e-05,9.966703800679766e-08,5.0295125592635276e-05,0.0,,,,1.8916033344489212e-06,4.752322696536912e-05,174.0,
h_C / h_U,G,1,1 token,,,2.3111682042499098,0.7397071279632562,56.87261642424186,0.0271,,,,0.7551015394947898,57.48142913246631,,
h_C,P,1,1 token,-0.0018142855406040326,179.75607734546065,-1.0093041455935222e-05,-2.6238913721176688e-05,7.87608452474331e-06,0.0,,,,-2.3754109786131547e-05,6.449807766557548e-06,197.875,
h_U,P,1,1 token,0.003353949447046034,147.6498043742031,2.2715569866559373e-05,3.0669744322886693e-07,4.380012677425189e-05,0.0,,,,2.31047274634592e-06,4.184907722314685e-05,169.0,
h_P,P,1,1 token,0.008700635735294782,148.5188883766532,5.858268823847796e-05,3.0296940027424258e-05,8.27773550478484e-05,0.0,,,,3.248976747566957e-05,8.055597218114267e-05,174.0,
h_C / h_U,P,1,1 token,,,,0.006788926909495762,0.9256600274657555,0.8813,,,,0.004699124505422531,0.9118309138445363,,
h_C,O,1,1 token,0.0016880489347386174,177.9596109893173,9.485573301460795e-06,-6.681236360701923e-06,2.530446861790362e-05,0.0,1.602800333395384e-05,-3.915541915046414e-06,3.3355200647296624e-05,-5.509769894560802e-06,2.51780426021153e-05,197.875,pooled; ArXiv contributes 3 documents; the value without it is beside
h_U,O,1,1 token,0.0031576210240018554,148.93321888707578,2.1201589864219805e-05,8.62804695708283e-06,3.553420384718668e-05,0.0,2.8188221685452898e-05,1.1967700584221027e-05,4.600688052846245e-05,9.513901227091723e-06,3.4509079470789275e-05,169.0,pooled; ArXiv contributes 3 documents; the value without it is beside
h_P,O,1,1 token,0.004457875438674819,152.04909406602383,2.931865833241393e-05,1.304517395612406e-05,4.502617546259079e-05,0.0,4.142426177378516e-05,2.052492334182413e-05,6.0822718289684935e-05,1.3582653445331002e-05,4.42745234078952e-05,174.0,pooled; ArXiv contributes 3 documents; the value without it is beside
h_C / h_U,O,1,1 token,,,0.44739915082825105,0.04025865726217251,1.5922245272770792,0.1304,0.5686064028021114,0.06814073024956713,1.6367163310271646,0.03825873151434837,1.589623098485585,,pooled; ArXiv contributes 3 documents; the value without it is beside
h_C,G,2,8 tokens,0.1910743344160437,893.5001440942287,0.00021384924857481945,0.0001752431036516121,0.00025456840029024517,0.0,,,,0.0001875202462928952,0.00024291699513816033,975.0,
h_U,G,2,8 tokens,0.05679844813494128,1059.4566269814968,5.3610923456834686e-05,3.054415167612751e-05,8.082073265686103e-05,0.0,,,,3.141045319122101e-05,7.537114179330795e-05,1120.625,
h_P,G,2,8 tokens,0.028015185140247922,1079.6989594995975,2.5947218799981037e-05,1.6305194042143062e-05,3.948664502585721e-05,0.0,,,,1.9958464446662974e-05,3.2366000359957745e-05,1126.5,
h_C / h_U,G,2,8 tokens,,,3.9889118632138856,2.392640808282816,7.136125071435489,0.0,,,,2.755093807694834,6.85575252211259,,
h_C,P,2,8 tokens,0.0012561382754938677,932.4752488732338,1.3471009305734769e-06,-5.619526784767323e-06,8.147193273096854e-06,0.0,,,,-3.6556235478656263e-06,6.5574575509242085e-06,975.0,
h_U,P,2,8 tokens,0.03240425229887478,1060.661273598671,3.0550990316570926e-05,1.9780772662804032e-05,4.017415276736207e-05,0.0,,,,2.0361852675046405e-05,3.989808837358806e-05,1120.625,
h_P,P,2,8 tokens,0.0901448122021975,1055.1196311116219,8.543563169915186e-05,6.857302793710687e-05,0.00010199982461574194,0.0,,,,6.893530766485142e-05,0.00010158766797340867,1126.5,
h_C / h_U,P,2,8 tokens,,,0.04409352746391355,0.0049657736555872994,0.28572898990635515,0.3787,,,,0.004306606686861152,0.233545365032598,,
h_C,O,2,8 tokens,0.03338941733818501,926.1086608171463,3.605345544304063e-05,2.7339710644888903e-05,4.4759495990916e-05,0.0,4.638308535006449e-05,3.4706724275937276e-05,5.7912360117479935e-05,2.6260361448479802e-05,4.663493531543004e-05,975.0,pooled; ArXiv contributes 3 documents; the value without it is beside
h_U,O,2,8 tokens,0.03458218160812976,1063.2594454288483,3.252468788949399e-05,2.6343019179439356e-05,3.8602182331772585e-05,0.0,3.369544406115688e-05,2.4553455670018316e-05,4.251308385601996e-05,2.6847716043203025e-05,3.795734918570418e-05,1120.625,pooled; ArXiv contributes 3 documents; the value without it is beside
h_P,O,2,8 tokens,0.05726686214620713,1067.1539970338345,5.3663166052304507e-05,4.3399027089702764e-05,6.377661902508314e-05,0.0,6.529167634327646e-05,5.296820221559609e-05,7.74136679656285e-05,4.304591847668315e-05,6.429832530276216e-05,1126.5,pooled; ArXiv contributes 3 documents; the value without it is beside
h_C / h_U,O,2,8 tokens,,,1.1084950473786557,0.8361315834340383,1.4497443180112095,0.0,1.3765387767521233,0.9880820342499447,1.947784081553633,0.7997718362959038,1.4895964485337276,,pooled; ArXiv contributes 3 documents; the value without it is beside
h_C,G,2a,16 tokens,0.3288701771671185,1448.378978073597,0.000227060860552208,0.00018729629344065073,0.0002734531093343869,0.0,,,,0.00019674259165705752,0.00026434098974183076,1552.375,
h_U,G,2a,16 tokens,0.12764887848607032,1884.3175594806671,6.774276333828325e-05,4.924442038629553e-05,8.943055602361786e-05,0.0,,,,4.9349375608084855e-05,8.709050798152926e-05,1973.75,
h_P,G,2a,16 tokens,0.06852380827331217,1937.6400483250618,3.536457059325629e-05,2.515927253485308e-05,4.941824140291222e-05,0.0,,,,2.972631010625835e-05,4.150827314424202e-05,2011.25,
h_C / h_U,G,2a,16 tokens,,,3.351809837138572,2.3463168811274393,4.893544143707151,0.0,,,,2.5106352521745925,4.7444126975165295,,
h_C,P,2a,16 tokens,0.02518725549452938,1493.6872383356094,1.686246949702477e-05,7.682164039220208e-06,2.6205829486869143e-05,0.0,,,,9.279842795930381e-06,2.521099852059501e-05,1552.375,
h_U,P,2a,16 tokens,0.09763398164068349,1887.349171280861,5.1730746555192856e-05,4.29862375573765e-05,6.132557779873888e-05,0.0,,,,4.4296764142231225e-05,6.034493993175353e-05,1973.75,
h_P,P,2a,16 tokens,0.20975401581381448,1910.2411469221115,0.00010980499302498117,9.517819563465629e-05,0.00012555004037783317,0.0,,,,9.612642825030315e-05,0.000124535882288784,2011.25,
h_C / h_U,P,2a,16 tokens,,,0.3259660959857552,0.15532701136217528,0.5029782836316654,0.0,,,,0.18113280826499953,0.49052700042706215,,
h_C,O,2a,16 tokens,0.0720487687503919,1486.8853604197502,4.845616929744497e-05,3.9429539806729696e-05,5.715491707314639e-05,0.0,5.969621876758714e-05,4.8002304714676545e-05,7.104600696763197e-05,3.886515960604486e-05,5.885744678802293e-05,1552.375,pooled; ArXiv contributes 3 documents; the value without it is beside
h_U,O,2a,16 tokens,0.0952020399417961,1891.294177353382,5.0336981460503865e-05,4.340009738462673e-05,5.6447383556766375e-05,0.0,5.2630648701292636e-05,4.495758193561958e-05,5.995139816991861e-05,4.400973718875974e-05,5.571769510090091e-05,1973.75,pooled; ArXiv contributes 3 documents; the value without it is beside
h_P,O,2a,16 tokens,0.13626355021551717,1926.0628308653831,7.074719891369989e-05,6.214380501642348e-05,8.062491737570324e-05,0.0,8.476783909757037e-05,7.43430839008406e-05,9.646947145708905e-05,6.138557736516541e-05,8.159805454292386e-05,2011.25,pooled; ArXiv contributes 3 documents; the value without it is beside
h_C / h_U,O,2a,16 tokens,,,0.9626355790814624,0.7960528595865729,1.1678008216036608,0.0,1.1342482040530306,0.923435559750174,1.3897548367966226,0.7697224001509156,1.2001951318705657,,pooled; ArXiv contributes 3 documents; the value without it is beside
h_C,G,2b,32 tokens,0.6219090449158102,2478.3856122493744,0.00025093312430561106,0.00022208708188148718,0.0002833695911398863,0.0,,,,0.00023374180618044611,0.000270854594199379,2610.125,
h_U,G,2b,32 tokens,0.3393247739513754,3075.605745792389,0.00011032778645819341,8.992937147626717e-05,0.00014134923383678268,0.0,,,,9.362349293480416e-05,0.00013067736026406695,3198.5,
h_P,G,2b,32 tokens,0.1419062755194318,2849.6215802431107,4.979828778083766e-05,3.500719664137976e-05,7.457679445984357e-05,0.0,,,,4.054688246595873e-05,6.119918041763662e-05,2946.375,
h_C / h_U,G,2b,32 tokens,,,2.274432691538657,1.6780511295019598,2.9008949826639463,0.0,,,,1.8955951909020907,2.7252244543207365,,
h_C,P,2b,32 tokens,0.1050041269918438,2523.4072937965393,4.161204069195744e-05,3.19524637334506e-05,5.060513519901231e-05,0.0,,,,3.403439160161863e-05,4.888673604340934e-05,2610.125,
h_U,P,2b,32 tokens,0.22648659723927267,3084.8183748722076,7.34197510894479e-05,6.327108281929481e-05,8.392945303778059e-05,0.0,,,,6.420819485591254e-05,8.299760931542076e-05,3198.5,
h_P,P,2b,32 tokens,0.39488259254721925,2821.8941028118134,0.00013993529812254376,0.0001272484847949587,0.0001525191268500148,0.0,,,,0.00012930448645927519,0.00015101804181467412,2946.375,
h_C / h_U,P,2b,32 tokens,,,0.5667690243359874,0.4456905409803757,0.6890955279415589,0.0,,,,0.4584654098532171,0.6839627020138848,,
h_C,O,2b,32 tokens,0.17226191927329637,2518.6278735399246,6.839514526263966e-05,5.970819963654774e-05,7.642592332307489e-05,0.0,8.037548900996868e-05,6.93533809343098e-05,9.087032219662171e-05,5.9223074790435284e-05,7.803863447947687e-05,2610.125,pooled; ArXiv contributes 3 documents; the value without it is beside
h_U,O,2b,32 tokens,0.22313474686234258,3088.7334599494934,7.224150278929903e-05,6.330417535068143e-05,8.057263130734318e-05,0.0,7.51938565731302e-05,6.604453521933941e-05,8.444994794537986e-05,6.41071596435808e-05,7.999694205363104e-05,3198.5,pooled; ArXiv contributes 3 documents; the value without it is beside
h_P,O,2b,32 tokens,0.2660070770289167,2839.4275242090225,9.368334805552683e-05,8.667473844354473e-05,0.00010079755361646173,0.0,0.00010996466373885455,0.00010100593405796144,0.00011895319909786679,8.527990108618086e-05,0.00010233194475431977,2946.375,pooled; ArXiv contributes 3 documents; the value without it is beside
h_C / h_U,O,2b,32 tokens,,,0.9467569557920502,0.8210741485635613,1.0922672157623097,0.0,1.068910316254348,0.9191298417275016,1.235476129855384,0.8089969220995407,1.1174120232419784,,pooled; ArXiv contributes 3 documents; the value without it is beside
h_C,G,3,64 tokens,0.9016447349713417,3477.2104415893555,0.00025930116975008853,0.00022965539793584562,0.00029112085176654723,0.0,,,,0.0002425834479805602,0.0002771544948460248,3626.375,
h_U,G,3,64 tokens,0.6076016392908059,4399.042729616165,0.00013812133153428624,0.00011852861951659608,0.00016077459663956902,0.0,,,,0.00012075529326038464,0.00015431463056396607,4543.625,
h_P,G,3,64 tokens,0.2627503550720576,3857.211875796318,6.811924351908022e-05,5.151001512124056e-05,9.117382664767788e-05,0.0,,,,5.7729836949972674e-05,7.869735144143958e-05,3974.75,
h_C / h_U,G,3,64 tokens,,,1.8773433970676823,1.5214296418412292,2.2465874962776615,0.0,,,,1.6552002005538913,2.170952108833318,,
h_C,P,3,64 tokens,0.23993298556888476,3517.0810413360596,6.821935086196923e-05,5.493064855478804e-05,8.099148385081183e-05,0.0,,,,5.7068060616632214e-05,7.94484507987216e-05,3626.375,
h_U,P,3,64 tokens,0.4548244951874949,4407.612877130508,0.0001031906630338188,9.49226530073352e-05,0.00011187255233280382,0.0,,,,9.68416291567527e-05,0.00010999461764159194,4543.625,
h_P,P,3,64 tokens,0.6208074430469424,3833.4722063541412,0.00016194390088910204,0.00015051294294077,0.00017363904008233134,0.0,,,,0.00015290665578815757,0.0001714818263896805,3974.75,
h_C / h_U,P,3,64 tokens,,,0.6611000342115412,0.54953693745937,0.7683343035825243,0.0,,,,0.5590274588424369,0.7652454382209629,,
h_C,O,3,64 tokens,0.3125191233411897,3515.049361228943,8.890888611360091e-05,7.882709450444055e-05,9.81416464720988e-05,0.0,0.00010175469695310728,8.919757632029263e-05,0.00011348916109985112,7.875957755665223e-05,9.900457806440551e-05,3626.375,pooled; ArXiv contributes 3 documents; the value without it is beside
h_U,O,3,64 tokens,0.43684256193228066,4412.268898129463,9.900633257358264e-05,9.244960484909199e-05,0.0001055323360879468,0.0,0.00010352014506265454,9.641638670613557e-05,0.00011052965322010016,9.375090510463682e-05,0.0001045087836771795,4543.625,pooled; ArXiv contributes 3 documents; the value without it is beside
h_P,O,3,64 tokens,0.43569707431743154,3850.9593609571457,0.00011313987852864285,0.00010687012727860465,0.00011963480776706876,0.0,0.00013093011400986394,0.00012288690087462693,0.000139279690951737,0.0001051364257090274,0.00012121509780703422,3974.75,pooled; ArXiv contributes 3 documents; the value without it is beside
h_C / h_U,O,3,64 tokens,,,0.8980121150081264,0.8070238052667809,0.9842921394927244,0.0,0.9829458497331245,0.8772188688879825,1.083359573893124,0.7994359793539446,0.9959232256466788,,pooled; ArXiv contributes 3 documents; the value without it is beside
h_C,G,4,1 text,0.9933251784241293,4999.675705552101,0.00019867792171421225,0.00017510448978003848,0.00022624027740493315,0.0,,,,0.0001833746287644504,0.00021701964458901082,5156.375,
h_U,G,4,1 text,0.6344676870176045,4755.043452858925,0.00013343047089004766,9.142917932636565e-05,0.0001794323877566712,0.0,,,,9.18565752176083e-05,0.0001771923912569429,4890.25,
h_P,G,4,1 text,0.4325948240584694,5563.984613418579,7.774910502361687e-05,6.178050255344643e-05,9.431181274839201e-05,0.0,,,,6.314580224436887e-05,9.202751598760458e-05,5698.625,
h_C / h_U,G,4,1 text,,,1.4889996294619334,1.1111344491707622,2.2135808214789754,0.0,,,,1.113934308344528,2.1871788660525713,,
h_C,P,4,1 text,0.4771078768535517,5026.758814096451,9.491362018714853e-05,7.791561035721943e-05,0.00010961569239051409,0.0,,,,7.887876122793384e-05,0.00010851448683796913,5156.375,
h_U,P,4,1 text,0.570638178702211,4760.859422802925,0.00011986032941217396,9.688285216881546e-05,0.0001374344843654325,0.0,,,,9.723269948604853e-05,0.00013658402973061373,4890.25,
h_P,P,4,1 text,0.8075262556085363,5547.719837188721,0.0001455600281390104,0.00013592227078622414,0.00015527832273150543,0.0,,,,0.00013825422681012015,0.00015303943837354078,5698.625,
h_C / h_U,P,4,1 text,,,0.7918685077258628,0.6354249194011894,1.00205537766668,0.0,,,,0.6361758722923886,1.0021113152405206,,
h_C,O,4,1 text,0.5023855220861151,5028.486746072769,9.990789425436518e-05,8.95025764639041e-05,0.00010803080866062903,0.0,0.00011109893696412337,9.926605694557772e-05,0.00012075622547080516,9.01751143522086e-05,0.000108208450353015,5156.375,pooled; ArXiv contributes 3 documents; the value without it is beside
h_U,O,4,1 text,0.4881074628137867,4768.706136584282,0.00010235637274210551,9.027725732651858e-05,0.00011056710452335449,0.0,0.00011543049903440424,0.00010174476387315286,0.00012513711855130247,9.04043733633905e-05,0.00011094291984675871,4890.25,pooled; ArXiv contributes 3 documents; the value without it is beside
h_P,O,4,1 text,0.6036567939445376,5562.755374670029,0.00010851758764968976,0.00010394633002066532,0.00011349096745374197,0.0,0.00012329216745536514,0.0001173500219317669,0.00012970106874615338,0.00010241131556333679,0.00011482318741278941,5698.625,pooled; ArXiv contributes 3 documents; the value without it is beside
h_C / h_U,O,4,1 text,,,0.9760788857386589,0.8705387826653794,1.1091112889221517,0.0,0.9624747176308244,0.8562228612492451,1.0972835244984418,0.869981019459047,1.1102713873415915,,pooled; ArXiv contributes 3 documents; the value without it is beside
h_C,G,5,4 texts,1.2490563972387463,7156.874751329422,0.0001745253956004649,0.00016257418539267318,0.00018950593345710244,0.0,,,,0.00016623198775816094,0.00018417950660154918,7324.5,
h_U,G,5,4 texts,1.0441041685116943,7547.687050580978,0.0001383343216954557,0.00012291652983150556,0.00015522596387252137,0.0,,,,0.00012390199020657957,0.00015190340924816888,7711.0,
h_P,G,5,4 texts,0.8510694486176362,7287.005165576935,0.00011679276043854079,0.00010520213035207401,0.00013038966516477798,0.0,,,,0.0001071038189122112,0.00012763996394046342,7445.625,
h_C / h_U,G,5,4 texts,,,1.2616203517785283,1.1458293569188194,1.413572033103204,0.0,,,,1.1475949115701727,1.4097940882357745,,
h_C,P,5,4 texts,0.7697422761120833,7172.192835330963,0.000107323142835794,9.958236808091206e-05,0.00011529357515373858,0.0,,,,0.00010133455735146084,0.00011333432655541905,7324.5,
h_U,P,5,4 texts,0.8576816534041427,7555.215145587921,0.00011352180406206034,0.00010586195453294312,0.0001218895864968825,0.0,,,,0.00010748675807333146,0.00012016930929773453,7711.0,
h_P,P,5,4 texts,0.889186991029419,7289.1571497917175,0.00012198762802841024,0.00011495669603779266,0.00012972763926187122,0.0,,,,0.00011679369841978559,0.00012755393288736035,7445.625,
h_C / h_U,P,5,4 texts,,,0.9453967343323962,0.8977152679279206,0.9892961575469241,0.0,,,,0.8990069268521442,0.989073236135607,,
h_C,O,5,4 texts,0.7742983876087237,7176.331045866013,0.00010789613559630377,0.00010228280450447279,0.00011342294291309283,0.0,0.00011566720492418393,0.00010930729384780831,0.00012188248850256137,0.00010307784810728692,0.00011265573324483837,7324.5,pooled; ArXiv contributes 3 documents; the value without it is beside
h_U,O,5,4 texts,0.795709886107943,7561.7215487957,0.00010522866796578485,0.00010012616158744087,0.00011085096034498786,0.0,0.00011325940890613718,0.00010778584559886633,0.00011910659491397094,0.00010036143077777449,0.00011025184390381082,7711.0,pooled; ArXiv contributes 3 documents; the value without it is beside
h_P,O,5,4 texts,0.7580034776619868,7298.122779846191,0.00010386280150769974,9.965465159170913e-05,0.00010838094072476403,0.0,0.00011470957322990782,0.00010950293723046659,0.00012030285021888087,9.931525301402632e-05,0.0001085660749586655,7445.625,pooled; ArXiv contributes 3 documents; the value without it is beside
h_C / h_U,O,5,4 texts,,,1.0253492482807656,0.9857659120121506,1.0640737497094324,0.0,1.0212591257653676,0.9897474618015347,1.049448897060794,0.9857628968492361,1.0660717995586861,,pooled; ArXiv contributes 3 documents; the value without it is beside
h_C,G,6,16 texts,1.2975854515389074,8480.318256616592,0.00015301140974591292,0.00014471399598062608,0.00016386638113430958,0.0,,,,0.00014780889465242653,0.0001584838050694133,8649.75,
h_U,G,6,16 texts,1.27749647127348,8890.679120540619,0.00014368941381789503,0.0001359871830273006,0.000154024343958053,0.0,,,,0.00013892664527665423,0.00014872970465122805,9060.0,
h_P,G,6,16 texts,1.1736842901736964,8302.778697490692,0.00014136042076231818,0.00013366508143358773,0.000151511737589825,0.0,,,,0.00013575448325044205,0.00014716233666804256,8470.125,
h_C / h_U,G,6,16 texts,,,1.0648760105586632,1.048868164890812,1.0808151317596055,0.0,,,,1.0503185398775232,1.0805302351630932,,
h_C,P,6,16 texts,0.8534142798744142,8493.133006095886,0.00010048285824110868,9.451037119931933e-05,0.0001071864843155136,0.0,,,,9.617544787046732e-05,0.00010520733444141903,8649.75,
h_U,P,6,16 texts,0.8558266866020858,8903.051867485046,9.612733917991221e-05,9.033767570314854e-05,0.0001024773963202378,0.0,,,,9.193298794496246e-05,0.00010075832372176246,9060.0,
h_P,P,6,16 texts,0.8756092317635193,8313.120274543762,0.00010532858936791628,9.917689748819451e-05,0.00011215585062744064,0.0,,,,0.00010092824548639469,0.0001102592029557149,8470.125,
h_C / h_U,P,6,16 texts,,,1.045309888928109,1.0301510819952837,1.06094238290419,0.0,,,,1.0303024589965477,1.0608674561254174,,
h_C,O,6,16 texts,0.8736986987350974,8496.986191987991,0.00010282454025392304,9.768833119157516e-05,0.00010825259536554385,0.0,0.0001065751649976146,0.00010127308859616603,0.00011217910380398435,9.925173422991122e-05,0.00010659048252713643,8649.75,pooled; ArXiv contributes 3 documents; the value without it is beside
h_U,O,6,16 texts,0.8739299993030727,8906.923629283905,9.811805239126481e-05,9.315694060056563e-05,0.00010327253287601321,0.0,0.00010148443825714416,9.645703534470861e-05,0.00010663640011573242,9.461596411919457e-05,0.00010174544772502338,9060.0,pooled; ArXiv contributes 3 documents; the value without it is beside
h_P,O,6,16 texts,0.8290020247368375,8318.666998386383,9.965563291542305e-05,9.554165218663258e-05,0.00010390741214197687,0.0,0.00010769195166889196,0.00010268633883932995,0.00011293049388080635,9.604763004534269e-05,0.00010351758754769255,8470.125,pooled; ArXiv contributes 3 documents; the value without it is beside
h_C / h_U,O,6,16 texts,,,1.0479676037992498,1.0289965877299068,1.0686095191615281,0.0,1.0501626340737227,1.0358377382605526,1.0650362912474303,1.028948204647639,1.068911145626329,,pooled; ArXiv contributes 3 documents; the value without it is beside
h_C,G,7,64 texts,1.2877474184788298,9053.706267356873,0.0001422342828949291,0.0001346027658184592,0.0001522579625323844,0.0,,,,0.00013758798029873674,0.00014712630521578795,9223.25,
h_U,G,7,64 texts,1.2761722024006303,9489.703614234924,0.00013447966915281973,0.0001272592860990243,0.0001441497700628363,0.0,,,,0.00013004464096180778,0.00013916724618765277,9659.25,
h_P,G,7,64 texts,1.2442467535147443,8954.424230098724,0.00013895329521382597,0.00013178592091015874,0.0001487129020555388,0.0,,,,0.00013431668110460394,0.00014387346919136554,9123.375,
h_C / h_U,G,7,64 texts,,,1.0576638371507086,1.0490365265678512,1.0666179455898837,0.0,,,,1.049156006202139,1.0666129914713864,,
h_C,P,7,64 texts,0.850957824732177,9066.277980804443,9.38596661754543e-05,8.831163956218689e-05,0.00010004620293885434,0.0,,,,8.986549804497526e-05,9.831274513179595e-05,9223.25,
h_U,P,7,64 texts,0.8423382869805209,9502.185282707214,8.864679670196192e-05,8.332987308900611e-05,9.458393799952374e-05,0.0,,,,8.485872562463771e-05,9.287934513905059e-05,9659.25,
h_P,P,7,64 texts,0.8565355659811758,8966.314425468445,9.552816523456081e-05,8.985457566254168e-05,0.00010181719116010401,0.0,,,,9.152183207725343e-05,9.996491476465237e-05,9123.375,
h_C / h_U,P,7,64 texts,,,1.0588049390100185,1.0500355633150085,1.068066833684919,0.0,,,,1.049990598329813,1.067931986297142,,
h_C,O,7,64 texts,0.8793824020249303,9069.992393016815,9.69551421787284e-05,9.206743431721674e-05,0.00010201956358331878,0.0,9.958685885220262e-05,9.471558614935733e-05,0.00010473621007030702,9.374975803501361e-05,0.00010027908330181653,9223.25,pooled; ArXiv contributes 3 documents; the value without it is beside
h_U,O,7,64 texts,0.8702231506467797,9505.879022598267,9.154578430653322e-05,8.684029530411767e-05,9.644132638520203e-05,0.0,9.404507902537835e-05,8.936372891057172e-05,9.890700989359459e-05,8.850866354654882e-05,9.474830504985623e-05,9659.25,pooled; ArXiv contributes 3 documents; the value without it is beside
h_P,O,7,64 texts,0.8575728053110652,8970.494309425354,9.559928090138892e-05,9.120381053445157e-05,0.00010018375049932512,0.0,9.996377123477962e-05,9.521730928015404e-05,0.00010497281146852421,9.246030295284566e-05,9.892065927338364e-05,9123.375,pooled; ArXiv contributes 3 documents; the value without it is beside
h_C / h_U,O,7,64 texts,,,1.0590890985660508,1.0505240510530731,1.068280256874715,0.0,1.0589268453411453,1.0503141089307997,1.0680627461823597,1.050483946208272,1.068124158543021,,pooled; ArXiv contributes 3 documents; the value without it is beside
h_C,G,8,the whole pool,1.2778154257684946,9454.446533203125,0.00013515496875263162,0.00012791483569169656,0.0001448231835057357,0.0,,,,0.00013074077181621515,0.0001397797898562175,9624.0,
h_U,G,8,the whole pool,1.2674696857575327,9796.445949554443,0.00012938056232680782,0.0001224062650844354,0.00013873096588496895,0.0,,,,0.00012512701054815634,0.0001338297196370025,9966.0,
h_P,G,8,the whole pool,1.274245579726994,9343.520648956299,0.0001363774563787507,0.00012911521998584019,0.00014610602611750905,0.0,,,,0.00013193745862746808,0.00014104262118917025,9513.0,
h_C / h_U,G,8,the whole pool,,,1.0446311742813266,1.0433923574248256,1.0456213258885962,0.0,,,,1.0439345483722693,1.0453650199178819,,
h_C,P,8,the whole pool,0.8436649618670344,9466.964828491211,8.91167314077254e-05,8.382260218626717e-05,9.503351487156473e-05,0.0,,,,8.532331826514137e-05,9.3338176576313e-05,9624.0,
h_U,P,8,the whole pool,0.8339623985812068,9808.929428100586,8.502073592170766e-05,7.98909315765221e-05,9.073616611560499e-05,0.0,,,,8.139291548519865e-05,8.907832245360816e-05,9966.0,
h_P,P,8,the whole pool,0.8458074140362442,9355.929931640625,9.04033506253425e-05,8.503550252877611e-05,9.639722934515024e-05,0.0,,,,8.657052056297984e-05,9.466492998923985e-05,9513.0,
h_C / h_U,P,8,the whole pool,,,1.0481764294511589,1.046865341435717,1.0496167226423414,0.0,,,,1.0471885751245844,1.0491588633689406,,
h_C,O,8,the whole pool,0.8723440050380304,9470.666606903076,9.211009543955305e-05,8.743565386630707e-05,9.698755776848893e-05,0.0,9.459157657459844e-05,8.997410459143664e-05,9.950416309123014e-05,8.90676993217839e-05,9.526473629853077e-05,9624.0,pooled; ArXiv contributes 3 documents; the value without it is beside
h_U,O,8,the whole pool,0.8625240054680035,9812.622859954834,8.789943502138974e-05,8.338225612533533e-05,9.258007336873589e-05,0.0,9.02724372750145e-05,8.581914359082384e-05,9.500504360737757e-05,8.498020462931991e-05,9.093963838129808e-05,9966.0,pooled; ArXiv contributes 3 documents; the value without it is beside
h_P,O,8,the whole pool,0.8722264257958159,9359.664684295654,9.318992241883437e-05,8.847789358783421e-05,9.809537811285182e-05,0.0,9.577593106157853e-05,9.113874947239373e-05,0.00010074297154456403,9.014330937491682e-05,9.638744400901961e-05,9513.0,pooled; ArXiv contributes 3 documents; the value without it is beside
h_C / h_U,O,8,the whole pool,,,1.0479031567966128,1.0470450010139205,1.0489685301311815,0.0,1.047845604150752,1.0468675237236211,1.0489032085821406,1.047229482906822,1.0485861614083065,,pooled; ArXiv contributes 3 documents; the value without it is beside
